0; 0; 81143; 1432060767287070
0; 0; 88522; 1432060767297559
0; 0; 90789; 1432060767318387
0; 0; 96755; 1432060767328801
0; 0; 98625; 1432060767339218
0; 0; 102538; 1432060767349643
0; 0; 108515; 1432060767360050
0; 0; 110365; 1432060767370486
0; 0; 118396; 1432060767380885
0; 0; 124324; 1432060767391343
0; 0; 132350; 1432060767401749
0; 0; 142433; 1432060767412143
0; 0; 142275; 1432060767422551
0; 0; 144139; 1432060767432971
0; 0; 148052; 1432060767443389
0; 0; 151906; 1432060767453872
0; 0; 162040; 1432060767464217
0; 0; 168006; 1432060767474637
0; 0; 176019; 1432060767485055
0; 0; 179941; 1432060767495468
0; 0; 183857; 1432060767505889
0; 0; 185732; 1432060767516305
0; 0; 191699; 1432060767526717
0; 0; 195622; 1432060767537140
0; 0; 197491; 1432060767547550
0; 0; 207554; 1432060767557971
0; 0; 211465; 1432060767568392
0; 0; 215386; 1432060767578808
0; 0; 217265; 1432060767589219
0; 0; 223225; 1432060767599640
0; 0; 225097; 1432060767610056
0; 0; 229020; 1432060767620468
0; 0; 239085; 1432060767630888
0; 0; 243009; 1432060767641301
0; 0; 248968; 1432060767651723
0; 0; 254936; 1432060767662139
0; 0; 256811; 1432060767672552
0; 0; 260728; 1432060767682971
0; 0; 266693; 1432060767693388
0; 0; 274709; 1432060767703805
0; 0; 282727; 1432060767714218
0; 0; 284596; 1432060767724639
0; 0; 286470; 1432060767735055
0; 0; 292433; 1432060767745472
0; 0; 298404; 1432060767755885
0; 0; 298225; 1432060767766304
0; 0; 306244; 1432060767776717
0; 0; 312219; 1432060767787140
0; 0; 314094; 1432060767797555
0; 0; 324150; 1432060767807972
0; 0; 332134; 1432060767818418
0; 0; 331985; 1432060767828804
0; 0; 340001; 1432060767839221
0; 0; 343920; 1432060767849639
0; 0; 349895; 1432060767860051
0; 0; 357899; 1432060767870472
0; 0; 363867; 1432060767880886
0; 0; 363688; 1432060767891305
0; 0; 373753; 1432060767901722
0; 0; 379724; 1432060767912135
0; 0; 383635; 1432060767922558
0; 0; 391652; 1432060767932973
0; 0; 397622; 1432060767943385
0; 0; 397444; 1432060767953805
0; 0; 407502; 1432060767964227
0; 0; 411424; 1432060767974641
0; 0; 415380; 1432060767985020
0; 1; 341; 1432060767985025
0; 0; 419258; 1432060767995479
0; 0; 433246; 1432060768016309
0; 1; 86; 1432060768016315
0; 0; 433063; 1432060768026732
0; 0; 432716; 1432060768047557
0; 1; 88; 1432060768047563
0; 0; 434527; 1432060768058034
0; 0; 436287; 1432060768078805
0; 1; 86; 1432060768078811
0; 0; 438146; 1432060768089235
0; 0; 441881; 1432060768110074
0; 1; 344; 1432060768110085
0; 0; 456037; 1432060768120495
0; 0; 467986; 1432060768141314
0; 1; 87; 1432060768141320
0; 0; 469848; 1432060768151739
0; 0; 473607; 1432060768172559
0; 1; 88; 1432060768172565
0; 0; 473416; 1432060768182987
0; 0; 483312; 1432060768203809
0; 1; 87; 1432060768203816
0; 0; 481069; 1432060768214246
0; 0; 493023; 1432060768235064
0; 1; 89; 1432060768235069
0; 0; 496933; 1432060768245484
0; 0; 506829; 1432060768266306
0; 1; 89; 1432060768266312
0; 0; 508700; 1432060768276734
0; 0; 516539; 1432060768297557
0; 1; 3932; 1432060768297563
0; 0; 522504; 1432060768307979
0; 0; 526247; 1432060768328811
0; 1; 91; 1432060768328820
0; 0; 530154; 1432060768339236
0; 0; 538032; 1432060768360065
0; 1; 84; 1432060768360071
0; 0; 535772; 1432060768370485
0; 0; 543619; 1432060768391311
0; 1; 87; 1432060768391316
0; 0; 547533; 1432060768401731
0; 0; 553310; 1432060768422578
0; 1; 87; 1432060768422584
0; 0; 555200; 1432060768432978
0; 0; 563045; 1432060768453804
0; 1; 87; 1432060768453810
0; 0; 569003; 1432060768464232
0; 0; 570707; 1432060768485055
0; 1; 86; 1432060768485061
0; 0; 574616; 1432060768495482
0; 0; 572220; 1432060768516309
0; 1; 86; 1432060768516315
0; 0; 572042; 1432060768526729
0; 0; 571712; 1432060768547556
0; 1; 88; 1432060768547562
0; 0; 573556; 1432060768557983
0; 0; 583459; 1432060768578806
0; 1; 87; 1432060768578812
0; 0; 581221; 1432060768589229
0; 0; 576778; 1432060768610055
0; 1; 1117; 1432060768610062
0; 0; 576597; 1432060768620476
0; 0; 578297; 1432060768641305
0; 1; 87; 1432060768641311
0; 0; 578108; 1432060768651733
0; 0; 581867; 1432060768672555
0; 1; 87; 1432060768672561
0; 0; 581684; 1432060768682977
0; 0; 585424; 1432060768703809
0; 1; 1616; 1432060768703815
0; 0; 589344; 1432060768714226
0; 0; 595132; 1432060768735056
0; 1; 87; 1432060768735063
0; 0; 597006; 1432060768745484
0; 0; 600797; 1432060768766302
0; 1; 85; 1432060768766308
0; 0; 600573; 1432060768776732
0; 0; 606369; 1432060768797555
0; 1; 92; 1432060768797561
0; 0; 608236; 1432060768807979
0; 0; 605842; 1432060768828805
0; 1; 3886; 1432060768828811
0; 0; 601558; 1432060768839230
0; 0; 601211; 1432060768860056
0; 1; 2061; 1432060768860061
0; 0; 601025; 1432060768870480
0; 0; 610926; 1432060768891301
0; 1; 3578; 1432060768891309
0; 0; 608680; 1432060768901738
0; 0; 608346; 1432060768922557
0; 1; 89; 1432060768922563
0; 0; 606110; 1432060768932979
0; 0; 609855; 1432060768953811
0; 1; 86; 1432060768953817
0; 0; 609679; 1432060768964228
0; 0; 607282; 1432060768985055
0; 1; 86; 1432060768985061
0; 0; 611192; 1432060768995482
0; 0; 616995; 1432060769016302
0; 1; 2013; 1432060769016307
0; 0; 616809; 1432060769026728
0; 0; 618509; 1432060769047557
0; 1; 87; 1432060769047562
0; 0; 620372; 1432060769057982
0; 0; 617979; 1432060769078806
0; 1; 550; 1432060769078812
0; 0; 621892; 1432060769089230
0; 0; 623595; 1432060769110057
0; 1; 2279; 1432060769110063
0; 0; 619307; 1432060769120488
0; 0; 623059; 1432060769141310
0; 1; 95; 1432060769141315
0; 0; 620832; 1432060769151730
0; 0; 618436; 1432060769172561
0; 1; 86; 1432060769172567
0; 0; 616209; 1432060769182977
0; 0; 617903; 1432060769203809
0; 1; 1020; 1432060769203814
0; 0; 615677; 1432060769214226
0; 0; 611233; 1432060769235059
0; 1; 86; 1432060769235066
0; 0; 606956; 1432060769245477
0; 0; 608609; 1432060769266353
0; 1; 695; 1432060769266359
0; 0; 604377; 1432060769276727
0; 0; 601981; 1432060769297557
0; 1; 85; 1432060769297563
0; 0; 597697; 1432060769307983
0; 0; 593263; 1432060769328803
0; 1; 82; 1432060769328808
0; 0; 591024; 1432060769339232
0; 0; 588623; 1432060769360068
0; 1; 1263; 1432060769360077
0; 0; 588427; 1432060769370505
0; 0; 586044; 1432060769391318
0; 1; 2016; 1432060769391325
0; 0; 592002; 1432060769401742
0; 0; 597806; 1432060769422563
0; 1; 1275; 1432060769422569
0; 0; 593531; 1432060769432984
0; 0; 593172; 1432060769453823
0; 1; 89; 1432060769453829
0; 0; 592993; 1432060769464241
0; 0; 592655; 1432060769485059
0; 1; 86; 1432060769485066
0; 0; 592474; 1432060769495479
0; 0; 592123; 1432060769516311
0; 1; 3038; 1432060769516316
0; 0; 589899; 1432060769526727
0; 0; 591591; 1432060769547562
0; 1; 1102; 1432060769547567
0; 0; 589369; 1432060769557977
0; 0; 586968; 1432060769578810
0; 1; 1130; 1432060769578816
0; 0; 586790; 1432060769589227
0; 0; 584388; 1432060769610062
0; 1; 97; 1432060769610068
0; 0; 586260; 1432060769620479
0; 0; 590456; 1432060769641306
0; 1; 89; 1432060769641312
0; 0; 590268; 1432060769651734
0; 0; 594023; 1432060769672554
0; 1; 85; 1432060769672561
0; 0; 595883; 1432060769682983
0; 0; 593496; 1432060769703804
0; 1; 656; 1432060769703810
0; 0; 593308; 1432060769714230
0; 0; 592963; 1432060769735057
0; 1; 289; 1432060769735064
0; 0; 592777; 1432060769745481
0; 0; 594482; 1432060769766304
0; 1; 88; 1432060769766310
0; 0; 598389; 1432060769776732
0; 0; 606234; 1432060769797558
0; 1; 1890; 1432060769797564
0; 0; 606056; 1432060769807979
0; 0; 601611; 1432060769828806
0; 1; 412; 1432060769828811
0; 0; 597333; 1432060769839229
0; 0; 601074; 1432060769860062
0; 1; 87; 1432060769860067
0; 0; 598817; 1432060769870514
0; 0; 602595; 1432060769891310
0; 1; 89; 1432060769891316
0; 0; 598314; 1432060769901736
0; 0; 593875; 1432060769922559
0; 1; 4743; 1432060769922565
0; 0; 593702; 1432060769932979
0; 0; 591302; 1432060769953806
0; 1; 86; 1432060769953812
0; 0; 589064; 1432060769964233
0; 0; 594865; 1432060769985056
0; 1; 148; 1432060769985062
0; 0; 596727; 1432060769995482
0; 0; 604579; 1432060770016301
0; 1; 2816; 1432060770016307
0; 0; 604389; 1432060770026733
0; 0; 604050; 1432060770047555
0; 1; 86; 1432060770047561
0; 0; 605909; 1432060770057982
0; 0; 603517; 1432060770078806
0; 1; 86; 1432060770078812
0; 0; 599236; 1432060770089231
0; 0; 600937; 1432060770110056
0; 1; 90; 1432060770110061
0; 0; 596651; 1432060770120485
0; 0; 600408; 1432060770141306
0; 1; 86; 1432060770141311
0; 0; 596126; 1432060770151731
0; 0; 597831; 1432060770172555
0; 1; 86; 1432060770172561
0; 0; 601754; 1432060770182983
0; 0; 603452; 1432060770203805
0; 1; 87; 1432060770203811
0; 0; 611448; 1432060770214232
0; 0; 615202; 1432060770235055
0; 1; 87; 1432060770235061
0; 0; 615017; 1432060770245481
1; 1; 2573; 1432060770266301
1; 1; 3287; 1432060770276725
1; 1; 1958; 1432060770287142
1; 1; 1592; 1432060770297557
1; 1; 2730; 1432060770307974
1; 1; 3640; 1432060770318389
1; 1; 3175; 1432060770328808
1; 1; 1841; 1432060770339227
1; 1; 2721; 1432060770349639
1; 1; 2523; 1432060770360054
1; 1; 11425; 1432060770370476
1; 1; 8031; 1432060770380913
1; 1; 5824; 1432060770391310
1; 1; 4472; 1432060770401749
1; 1; 9311; 1432060770412143
1; 1; 7086; 1432060770422559
1; 1; 9857; 1432060770432975
1; 1; 8529; 1432060770443394
1; 1; 2211; 1432060770453804
1; 1; 1589; 1432060770464225
1; 1; 6400; 1432060770474644
1; 1; 4209; 1432060770485031
1; 1; 6946; 1432060770495476
1; 1; 9713; 1432060770505894
1; 1; 5445; 1432060770516305
1; 1; 2106; 1432060770526685
1; 1; 3242; 1432060770537138
1; 1; 1821; 1432060770547562
1; 1; 2630; 1432060770557977
1; 1; 5404; 1432060770568388
1; 1; 2377; 1432060770578805
1; 1; 4693; 1432060770589225
1; 1; 3811; 1432060770599644
1; 1; 1591; 1432060770610056
1; 1; 1596; 1432060770620471
1; 1; 3018; 1432060770630891
1; 1; 1759; 1432060770641313
1; 1; 3969; 1432060770651783
1; 1; 2211; 1432060770662140
1; 1; 1588; 1432060770672559
1; 1; 5546; 1432060770682976
1; 1; 2618; 1432060770693393
1; 1; 2997; 1432060770703804
1; 1; 3638; 1432060770714226
1; 1; 4806; 1432060770724642
1; 1; 3026; 1432060770735055
1; 1; 3292; 1432060770745476
1; 1; 8556; 1432060770755893
1; 1; 4288; 1432060770766304
1; 0; 598697; 1432060770766311
1; 1; 10703; 1432060770776733
1; 1; 3528; 1432060770797575
1; 1; 5814; 1432060770807982
1; 1; 5006; 1432060770818392
1; 1; 4823; 1432060770828811
1; 1; 5032; 1432060770839224
1; 1; 6203; 1432060770849639
1; 1; 1925; 1432060770860059
1; 1; 2197; 1432060770870474
1; 1; 9511; 1432060770880889
1; 1; 7288; 1432060770891305
1; 1; 5517; 1432060770901722
1; 1; 1596; 1432060770912138
1; 1; 2855; 1432060770922555
1; 1; 1591; 1432060770932972
1; 1; 6046; 1432060770943388
1; 1; 1776; 1432060770953805
1; 1; 1593; 1432060770964221
1; 1; 3871; 1432060770974638
1; 1; 3695; 1432060770985054
1; 1; 1915; 1432060770995472
1; 1; 1514; 1432060771005973
1; 1; 1595; 1432060771016306
1; 1; 1589; 1432060771026728
1; 1; 1632; 1432060771037145
1; 1; 1609; 1432060771047554
1; 1; 1596; 1432060771057971
1; 1; 1595; 1432060771068389
1; 1; 2634; 1432060771078804
1; 1; 2908; 1432060771089222
1; 1; 2021; 1432060771099638
1; 1; 1595; 1432060771110055
1; 1; 3646; 1432060771120471
1; 1; 3097; 1432060771130929
1; 1; 2961; 1432060771141304
1; 1; 1594; 1432060771151721
1; 1; 2113; 1432060771162139
1; 1; 1312; 1432060771172555
1; 1; 3639; 1432060771182973
1; 1; 1597; 1432060771193388
1; 1; 1595; 1432060771203804
1; 1; 1596; 1432060771214222
1; 1; 1597; 1432060771224639
1; 1; 1595; 1432060771235055
1; 1; 1596; 1432060771245471
1; 1; 1597; 1432060771255889
1; 1; 4683; 1432060771266306
1; 1; 3714; 1432060771276721
1; 1; 3024; 1432060771287138
1; 1; 4893; 1432060771297555
1; 1; 7209; 1432060771307975
1; 1; 4285; 1432060771318389
1; 1; 2058; 1432060771328806
1; 1; 1594; 1432060771339223
1; 1; 4812; 1432060771349638
1; 1; 2099; 1432060771360054
1; 1; 1594; 1432060771370474
1; 1; 2977; 1432060771380890
1; 1; 1595; 1432060771391308
1; 0; 539842; 1432060771391313
1; 1; 1594; 1432060771401727
1; 1; 1618; 1432060771422556
1; 1; 3725; 1432060771432972
1; 1; 1596; 1432060771443389
1; 1; 1600; 1432060771453804
1; 1; 1596; 1432060771464221
1; 1; 1596; 1432060771474639
1; 1; 1594; 1432060771485056
1; 1; 1596; 1432060771495471
1; 1; 2456; 1432060771505888
1; 1; 3066; 1432060771516305
1; 1; 3405; 1432060771526721
1; 1; 6617; 1432060771537141
1; 1; 8491; 1432060771547555
1; 1; 4667; 1432060771557972
1; 1; 5829; 1432060771568391
1; 1; 3334; 1432060771578805
1; 1; 1591; 1432060771589222
1; 1; 1597; 1432060771599638
1; 1; 1594; 1432060771610057
1; 1; 1598; 1432060771620471
1; 1; 2760; 1432060771630889
1; 1; 2274; 1432060771641329
1; 1; 1591; 1432060771651723
1; 1; 6680; 1432060771662139
1; 1; 1653; 1432060771672556
1; 1; 1607; 1432060771682971
1; 1; 8455; 1432060771693388
1; 1; 8297; 1432060771703786
1; 1; 6501; 1432060771714221
1; 1; 5176; 1432060771724638
1; 1; 5036; 1432060771735056
1; 1; 1594; 1432060771745471
1; 1; 4361; 1432060771755889
1; 1; 3329; 1432060771766307
1; 1; 2374; 1432060771776721
1; 1; 3042; 1432060771787186
1; 1; 1596; 1432060771797555
1; 1; 1863; 1432060771807972
1; 1; 1653; 1432060771818389
1; 1; 2556; 1432060771828807
1; 1; 6919; 1432060771839229
1; 1; 7637; 1432060771849645
1; 1; 9515; 1432060771860060
1; 1; 11837; 1432060771870470
1; 1; 10513; 1432060771880882
1; 1; 4184; 1432060771891307
1; 1; 1590; 1432060771901726
1; 1; 2031; 1432060771912139
1; 1; 1855; 1432060771922556
1; 1; 720; 1432060771933041
1; 1; 3642; 1432060771943388
1; 1; 1596; 1432060771953805
1; 1; 1863; 1432060771964221
1; 1; 1594; 1432060771974640
1; 1; 1627; 1432060771985055
1; 1; 3958; 1432060771995470
1; 1; 2586; 1432060772005887
1; 1; 1593; 1432060772016305
1; 1; 1599; 1432060772026721
1; 1; 1597; 1432060772037139
1; 1; 1576; 1432060772047555
1; 1; 4970; 1432060772057971
1; 1; 1592; 1432060772068388
1; 1; 2785; 1432060772078804
1; 1; 1600; 1432060772089229
1; 1; 4344; 1432060772099667
1; 1; 1596; 1432060772110057
1; 1; 1595; 1432060772120472
1; 1; 6704; 1432060772130839
1; 1; 2373; 1432060772141312
1; 1; 2651; 1432060772151722
1; 1; 2186; 1432060772162139
1; 1; 1594; 1432060772172555
1; 1; 1865; 1432060772182971
1; 1; 1594; 1432060772193389
1; 1; 1595; 1432060772203805
1; 1; 1597; 1432060772214222
1; 1; 6408; 1432060772224639
1; 1; 1595; 1432060772235054
1; 1; 3648; 1432060772245471
1; 1; 1597; 1432060772255889
1; 1; 1595; 1432060772266305
1; 0; 513994; 1432060772266311
1; 1; 1592; 1432060772276726
1; 1; 1753; 1432060772297554
1; 1; 4071; 1432060772307971
1; 1; 2736; 1432060772318450
1; 1; 3678; 1432060772328806
1; 1; 5993; 1432060772339222
1; 1; 1595; 1432060772349640
1; 1; 4610; 1432060772360055
1; 1; 1595; 1432060772370471
1; 1; 3847; 1432060772380890
1; 1; 3671; 1432060772391305
1; 1; 1594; 1432060772401721
1; 1; 3348; 1432060772412138
1; 1; 1835; 1432060772422555
1; 1; 1600; 1432060772432972
1; 1; 2023; 1432060772443390
1; 1; 1593; 1432060772453805
1; 1; 1865; 1432060772464222
1; 1; 6165; 1432060772474639
1; 1; 3898; 1432060772485056
1; 1; 6214; 1432060772495472
1; 1; 5334; 1432060772505889
1; 1; 1594; 1432060772516306
1; 1; 3911; 1432060772526722
1; 1; 2583; 1432060772537138
1; 1; 3176; 1432060772547555
1; 1; 5498; 1432060772557971
1; 1; 1594; 1432060772568387
1; 1; 1594; 1432060772578805
1; 1; 4365; 1432060772589220
1; 1; 7130; 1432060772599638
1; 1; 6938; 1432060772610068
1; 1; 5630; 1432060772620471
1; 1; 3433; 1432060772630889
1; 1; 1593; 1432060772641306
1; 1; 1593; 1432060772651722
1; 1; 4364; 1432060772662138
1; 1; 2980; 1432060772672556
1; 1; 1651; 1432060772682971
1; 1; 3661; 1432060772693388
1; 1; 3486; 1432060772703804
1; 1; 4204; 1432060772714221
1; 1; 4925; 1432060772724638
1; 1; 6793; 1432060772735056
1; 1; 5468; 1432060772745471
1; 1; 1594; 1432060772755888
1; 1; 1593; 1432060772766306
1; 1; 3251; 1432060772776721
1; 1; 1589; 1432060772787142
1; 1; 1593; 1432060772797556
1; 1; 2317; 1432060772807971
1; 1; 1592; 1432060772818388
1; 1; 1594; 1432060772828805
1; 1; 1599; 1432060772839222
1; 1; 6413; 1432060772849640
1; 1; 4203; 1432060772860041
1; 1; 2860; 1432060772870471
1; 1; 2970; 1432060772880890
1; 1; 4842; 1432060772891305
1; 1; 7609; 1432060772901722
1; 1; 4232; 1432060772912138
1; 1; 6402; 1432060772922555
1; 1; 2576; 1432060772932972
1; 1; 1593; 1432060772943389
1; 1; 5515; 1432060772953805
1; 1; 5785; 1432060772964222
1; 1; 4391; 1432060772974706
1; 1; 6329; 1432060772985055
1; 1; 2505; 1432060772995470
1; 1; 1595; 1432060773005889
1; 1; 4428; 1432060773016306
1; 1; 2510; 1432060773026725
1; 1; 5276; 1432060773037143
1; 1; 13295; 1432060773047558
1; 1; 11524; 1432060773057968
1; 1; 12237; 1432060773068390
1; 1; 10016; 1432060773078805
1; 1; 6178; 1432060773089235
1; 1; 6908; 1432060773099639
1; 1; 6729; 1432060773110057
1; 1; 7003; 1432060773120472
1; 1; 9815; 1432060773130889
1; 1; 7591; 1432060773141306
1; 1; 1675; 1432060773151720
1; 1; 1593; 1432060773162139
1; 1; 1594; 1432060773172556
1; 1; 5961; 1432060773182972
1; 1; 6686; 1432060773193388
1; 1; 2436; 1432060773203807
1; 1; 1590; 1432060773214223
1; 1; 1597; 1432060773224638
1; 1; 1594; 1432060773235055
1; 1; 2519; 1432060773245470
1; 1; 1599; 1432060773255888
1; 1; 1596; 1432060773266305
1; 1; 2601; 1432060773276721
1; 1; 1594; 1432060773287138
1; 0; 462762; 1432060773287143
1; 1; 3612; 1432060773297560
1; 1; 1594; 1432060773318390
1; 1; 1595; 1432060773328805
1; 1; 1595; 1432060773339222
1; 1; 3347; 1432060773349638
1; 1; 5218; 1432060773360055
1; 1; 5489; 1432060773370472
1; 1; 4204; 1432060773380846
1; 1; 1929; 1432060773391312
1; 1; 4919; 1432060773401721
1; 1; 1596; 1432060773412138
1; 1; 2967; 1432060773422556
1; 1; 1592; 1432060773432973
1; 1; 1597; 1432060773443388
1; 1; 3236; 1432060773453806
1; 1; 5559; 1432060773464220
1; 1; 6277; 1432060773474639
1; 1; 10196; 1432060773485056
1; 1; 10469; 1432060773495470
1; 1; 9143; 1432060773505884
1; 1; 4863; 1432060773516309
1; 1; 7632; 1432060773526722
1; 1; 4253; 1432060773537140
1; 1; 1600; 1432060773547556
1; 1; 2320; 1432060773557971
1; 1; 3644; 1432060773568387
1; 1; 3638; 1432060773578806
1; 1; 1593; 1432060773589222
1; 1; 1598; 1432060773599637
1; 1; 1594; 1432060773610055
1; 1; 4274; 1432060773620470
1; 1; 7044; 1432060773630890
1; 1; 6862; 1432060773641307
1; 1; 7586; 1432060773651722
1; 1; 4203; 1432060773662143
1; 1; 3643; 1432060773672555
1; 1; 2155; 1432060773682948
1; 1; 4894; 1432060773693394
1; 1; 6776; 1432060773703812
1; 1; 7041; 1432060773714222
1; 1; 7761; 1432060773724638
1; 1; 9632; 1432060773735057
1; 1; 16048; 1432060773745472
1; 1; 20863; 1432060773755890
1; 1; 28878; 1432060773766306
1; 1; 27101; 1432060773776722
1; 1; 29868; 1432060773787140
1; 1; 29695; 1432060773797555
1; 1; 29969; 1432060773807972
1; 1; 32733; 1432060773818389
1; 1; 34603; 1432060773828806
1; 1; 32825; 1432060773839223
1; 1; 31503; 1432060773849635
1; 1; 27228; 1432060773860056
1; 1; 31591; 1432060773870472
1; 1; 34361; 1432060773880888
1; 1; 42372; 1432060773891309
1; 1; 48799; 1432060773901718
1; 1; 49060; 1432060773912138
1; 1; 48883; 1432060773922556
1; 1; 53256; 1432060773932968
1; 1; 49426; 1432060773943389
1; 1; 49251; 1432060773953806
1; 1; 49523; 1432060773964221
1; 1; 51844; 1432060773974637
1; 1; 57814; 1432060773985051
1; 1; 60123; 1432060773995476
1; 1; 62448; 1432060774005889
1; 1; 60185; 1432060774016342
1; 1; 66641; 1432060774026720
1; 1; 64874; 1432060774037135
1; 1; 64689; 1432060774047555
1; 1; 60878; 1432060774057972
1; 1; 59133; 1432060774068341
1; 1; 56861; 1432060774078804
1; 1; 55085; 1432060774089218
1; 1; 53307; 1432060774099638
1; 1; 53129; 1432060774110056
1; 1; 53397; 1432060774120474
1; 1; 51623; 1432060774130889
1; 1; 47349; 1432060774141306
1; 1; 49671; 1432060774151721
1; 1; 54038; 1432060774162140
1; 1; 49767; 1432060774172555
1; 1; 46018; 1432060774182975
1; 1; 48262; 1432060774193388
1; 1; 52179; 1432060774203805
1; 1; 48359; 1432060774214217
1; 1; 48622; 1432060774224645
1; 1; 52477; 1432060774235124
1; 0; 365596; 1432060774235130
1; 1; 48713; 1432060774245479
1; 1; 46764; 1432060774266311
1; 1; 53184; 1432060774276723
1; 1; 49362; 1432060774287135
1; 1; 49176; 1432060774297561
1; 1; 45361; 1432060774307969
1; 1; 49723; 1432060774318390
1; 1; 49549; 1432060774328806
1; 1; 45719; 1432060774339229
1; 1; 43951; 1432060774349639
1; 1; 43772; 1432060774360056
1; 1; 46090; 1432060774370472
1; 1; 46360; 1432060774380889
1; 1; 42089; 1432060774391308
1; 1; 38258; 1432060774401726
1; 1; 48822; 1432060774412139
1; 1; 50649; 1432060774422557
1; 1; 50914; 1432060774432974
1; 1; 49133; 1432060774443395
1; 1; 51014; 1432060774453802
1; 1; 51283; 1432060774464222
1; 1; 55650; 1432060774474639
1; 1; 55473; 1432060774485056
1; 1; 51650; 1432060774495472
1; 1; 49853; 1432060774505906
1; 1; 47646; 1432060774516305
1; 1; 44274; 1432060774526719
1; 1; 46593; 1432060774537140
1; 1; 44371; 1432060774547558
1; 1; 40561; 1432060774557970
1; 1; 40816; 1432060774568387
1; 1; 42700; 1432060774578806
1; 1; 45004; 1432060774589222
1; 1; 43221; 1432060774599643
1; 1; 38950; 1432060774610062
1; 1; 43325; 1432060774620468
1; 1; 49740; 1432060774630888
1; 1; 49559; 1432060774641308
1; 1; 49826; 1432060774651726
1; 1; 50104; 1432060774662136
1; 1; 47874; 1432060774672557
1; 1; 50198; 1432060774682974
1; 1; 50466; 1432060774693392
1; 1; 48246; 1432060774703807
1; 1; 50670; 1432060774714182
1; 1; 46728; 1432060774724646
1; 1; 42461; 1432060774735056
1; 1; 38637; 1432060774745473
1; 1; 36860; 1432060774755891
1; 1; 40782; 1432060774766306
1; 0; 279721; 1432060774766312
1; 1; 41050; 1432060774776726
1; 1; 37046; 1432060774797563
1; 1; 37327; 1432060774807971
1; 1; 39643; 1432060774818388
1; 1; 47661; 1432060774828805
1; 1; 45877; 1432060774839226
1; 1; 46152; 1432060774849641
1; 1; 41880; 1432060774860056
1; 1; 42159; 1432060774870467
1; 1; 40377; 1432060774880887
1; 1; 44291; 1432060774891309
1; 1; 46615; 1432060774901721
1; 1; 53031; 1432060774912138
1; 1; 54898; 1432060774922558
1; 1; 57276; 1432060774932968
1; 1; 53394; 1432060774943390
1; 1; 51169; 1432060774953807
1; 1; 51447; 1432060774964217
1; 1; 55809; 1432060774974639
1; 1; 57681; 1432060774985055
1; 1; 57952; 1432060774995471
1; 1; 58223; 1432060775005891
1; 1; 64191; 1432060775016305
1; 1; 62425; 1432060775026717
1; 1; 58590; 1432060775037138
1; 1; 62505; 1432060775047560
1; 1; 60733; 1432060775057972
1; 1; 65086; 1432060775068402
1; 1; 60833; 1432060775078801
1; 1; 63148; 1432060775089226
1; 1; 63419; 1432060775099641
1; 1; 61198; 1432060775110055
1; 1; 65552; 1432060775120480
1; 1; 65834; 1432060775130886
1; 1; 63603; 1432060775141309
1; 1; 65934; 1432060775151718
1; 1; 62100; 1432060775162141
1; 1; 57823; 1432060775172560
1; 1; 58107; 1432060775182967
1; 1; 58373; 1432060775193389
1; 1; 62290; 1432060775203807
1; 1; 64609; 1432060775214222
1; 1; 60848; 1432060775224645
1; 1; 58626; 1432060775235058
1; 1; 60879; 1432060775245473
1; 1; 61150; 1432060775255890
1; 1; 60974; 1432060775266307
1; 1; 59247; 1432060775276673
1; 1; 61513; 1432060775287143
1; 1; 59291; 1432060775297557
1; 1; 57469; 1432060775308018
1; 1; 61881; 1432060775318392
1; 1; 57611; 1432060775328806
1; 1; 59930; 1432060775339224
1; 1; 62249; 1432060775349640
1; 1; 60027; 1432060775360055
1; 1; 62352; 1432060775370472
1; 1; 66712; 1432060775380889
1; 1; 64486; 1432060775391307
1; 1; 66810; 1432060775401722
1; 1; 69128; 1432060775412138
1; 1; 70994; 1432060775422557
1; 1; 69220; 1432060775432974
1; 1; 69493; 1432060775443391
1; 1; 69248; 1432060775453874
1; 1; 65539; 1432060775464222
1; 1; 65759; 1432060775474640
1; 1; 67632; 1432060775485058
1; 1; 67903; 1432060775495474
1; 1; 64080; 1432060775505891
1; 1; 61853; 1432060775516309
1; 1; 62127; 1432060775526723
1; 1; 58306; 1432060775537138
1; 1; 58126; 1432060775547555
1; 1; 54301; 1432060775557972
1; 1; 54103; 1432060775568410
1; 1; 55994; 1432060775578809
1; 1; 56304; 1432060775589184
1; 1; 58130; 1432060775599647
1; 1; 57961; 1432060775610056
1; 1; 58230; 1432060775620475
1; 1; 60103; 1432060775630890
1; 1; 55853; 1432060775641281
1; 1; 56102; 1432060775651732
1; 1; 57982; 1432060775662141
1; 1; 55745; 1432060775672562
1; 1; 53994; 1432060775682974
1; 1; 53799; 1432060775693389
1; 1; 51575; 1432060775703804
1; 1; 51844; 1432060775714222
1; 1; 49618; 1432060775724640
1; 1; 51491; 1432060775735055
1; 1; 47667; 1432060775745473
1; 1; 49531; 1432060775755892
1; 1; 49360; 1432060775766305
1; 1; 45533; 1432060775776725
1; 1; 47853; 1432060775787140
1; 1; 45627; 1432060775797559
1; 1; 43406; 1432060775807974
1; 1; 43199; 1432060775818418
1; 1; 47147; 1432060775828806
1; 1; 44921; 1432060775839223
1; 1; 44743; 1432060775849641
1; 1; 44568; 1432060775860056
1; 1; 42343; 1432060775870473
1; 1; 44215; 1432060775880890
1; 1; 44039; 1432060775891306
1; 1; 46804; 1432060775901722
1; 1; 46628; 1432060775912139
1; 1; 48501; 1432060775922555
1; 1; 51269; 1432060775932973
1; 1; 53139; 1432060775943390
1; 1; 52964; 1432060775953806
1; 1; 55729; 1432060775964222
1; 1; 53505; 1432060775974638
1; 1; 53329; 1432060775985056
1; 1; 60199; 1432060775995468
1; 1; 60016; 1432060776005890
1; 1; 55744; 1432060776016305
1; 0; 73499; 1432060776016310
1; 1; 56459; 1432060776026726
1; 1; 49958; 1432060776047562
1; 1; 50682; 1432060776057973
1; 1; 50509; 1432060776068388
1; 1; 48281; 1432060776078806
1; 1; 51045; 1432060776089228
1; 1; 48815; 1432060776099649
1; 1; 48647; 1432060776110055
1; 1; 49400; 1432060776120442
1; 1; 51244; 1432060776130888
1; 1; 49019; 1432060776141304
1; 1; 49734; 1432060776151722
1; 1; 47508; 1432060776162139
1; 1; 49381; 1432060776172555
1; 1; 48101; 1432060776182972
1; 1; 45829; 1432060776193388
1; 1; 41555; 1432060776203806
1; 1; 40224; 1432060776214224
1; 1; 38003; 1432060776224638
1; 1; 33774; 1432060776235012
1; 1; 40589; 1432060776245481
1; 1; 44512; 1432060776255888
1; 1; 46383; 1432060776266307
1; 1; 45053; 1432060776276724
1; 1; 40779; 1432060776287144
1; 1; 40610; 1432060776297553
1; 1; 39276; 1432060776307973
1; 1; 37052; 1432060776318389
1; 1; 40966; 1432060776328809
1; 1; 43747; 1432060776339222
1; 1; 45620; 1432060776349639
1; 1; 53622; 1432060776360062
1; 1; 54334; 1432060776370481
1; 1; 50037; 1432060776380923
1; 1; 51944; 1432060776391306
1; 1; 58804; 1432060776401724
1; 1; 58636; 1432060776412135
1; 1; 58452; 1432060776422559
1; 1; 57117; 1432060776432980
1; 1; 54900; 1432060776443388
1; 1; 52681; 1432060776453801
1; 1; 55441; 1432060776464222
1; 1; 51169; 1432060776474638
1; 1; 48947; 1432060776485054
1; 1; 53762; 1432060776495472
1; 1; 55632; 1432060776505888
1; 1; 55454; 1432060776516306
1; 1; 60267; 1432060776526725
1; 1; 58044; 1432060776537141
1; 1; 68111; 1432060776547555
1; 1; 68817; 1432060776557984
1; 1; 64553; 1432060776568391
1; 1; 66424; 1432060776578808
1; 1; 65097; 1432060776589223
1; 0; 1911; 1432060776589229
1; 1; 69009; 1432060776599648
1; 1; 69943; 1432060776620472
1; 1; 69755; 1432060776630902
1; 1; 73688; 1432060776641305
1; 1; 70311; 1432060776651722
1; 1; 68085; 1432060776662139
1; 1; 74053; 1432060776672556
1; 1; 74774; 1432060776682970
1; 1; 72550; 1432060776693388
1; 1; 72369; 1432060776703806
1; 1; 71044; 1432060776714221
1; 1; 72908; 1432060776724645
1; 0; 9221; 1432060776724650
1; 1; 72725; 1432060776735067
1; 1; 83521; 1432060776755890
1; 0; 9136; 1432060776755895
1; 1; 85379; 1432060776766318
1; 1; 81833; 1432060776787143
1; 0; 2906; 1432060776787149
1; 1; 77564; 1432060776797556
1; 1; 71965; 1432060776818388
1; 0; 3547; 1432060776818394
1; 1; 75875; 1432060776828813
1; 1; 70272; 1432060776849648
1; 0; 1407; 1432060776849653
1; 1; 72145; 1432060776860063
1; 1; 68611; 1432060776880891
1; 0; 4231; 1432060776880897
1; 1; 68412; 1432060776891315
1; 1; 68966; 1432060776912139
1; 0; 236; 1432060776912144
1; 1; 70799; 1432060776922592
1; 1; 67282; 1432060776943390
1; 0; 1493; 1432060776943396
1; 1; 65051; 1432060776953814
1; 1; 59458; 1432060776974639
1; 0; 245; 1432060776974645
1; 1; 57196; 1432060776985092
1; 1; 57770; 1432060777005894
1; 0; 3600; 1432060777005901
1; 1; 53493; 1432060777016314
1; 1; 54042; 1432060777037146
1; 0; 7613; 1432060777037151
1; 1; 53861; 1432060777047564
1; 1; 56463; 1432060777068388
1; 0; 238; 1432060777068394
1; 1; 52153; 1432060777078840
1; 1; 44534; 1432060777099641
1; 0; 3787; 1432060777099646
1; 1; 42309; 1432060777110067
1; 1; 42859; 1432060777130885
1; 0; 5760; 1432060777130891
1; 1; 44720; 1432060777141314
1; 1; 39120; 1432060777162144
1; 0; 20008; 1432060777162150
1; 1; 36898; 1432060777172557
1; 1; 33338; 1432060777193398
1; 0; 18323; 1432060777193403
1; 1; 37262; 1432060777203810
1; 1; 35757; 1432060777224644
1; 0; 10051; 1432060777224650
1; 1; 33526; 1432060777235066
1; 1; 30435; 1432060777255889
1; 0; 236; 1432060777255894
1; 1; 28169; 1432060777266342
1; 1; 30793; 1432060777287143
1; 0; 5585; 1432060777287148
1; 1; 30616; 1432060777297561
1; 1; 35259; 1432060777318388
1; 0; 1410; 1432060777318394
1; 1; 33024; 1432060777328816
1; 1; 33582; 1432060777349635
1; 0; 1503; 1432060777349641
1; 1; 33392; 1432060777360063
1; 1; 40088; 1432060777380888
1; 0; 236; 1432060777380894
1; 1; 41968; 1432060777391297
1; 1; 40454; 1432060777412138
1; 0; 236; 1432060777412144
1; 1; 38193; 1432060777422590
1; 1; 36733; 1432060777443389
1; 0; 1749; 1432060777443395
1; 1; 34488; 1432060777453815
1; 1; 32995; 1432060777474637
1; 0; 3791; 1432060777474643
1; 1; 30761; 1432060777485062
1; 1; 33358; 1432060777505889
1; 0; 238; 1432060777505894
1; 1; 33142; 1432060777516344
1; 1; 37872; 1432060777537088
1; 0; 1791; 1432060777537094
1; 1; 37636; 1432060777547562
1; 1; 40237; 1432060777568387
1; 0; 7804; 1432060777568393
1; 1; 42097; 1432060777578815
1; 1; 34458; 1432060777599638
1; 0; 7723; 1432060777599644
1; 1; 32223; 1432060777610065
1; 1; 30726; 1432060777630889
1; 0; 941; 1432060777630894
1; 1; 28563; 1432060777641314
1; 1; 27002; 1432060777662142
1; 0; 3793; 1432060777662147
1; 1; 28865; 1432060777672565
1; 1; 27361; 1432060777693392
1; 0; 236; 1432060777693398
1; 1; 31276; 1432060777703813
1; 1; 29776; 1432060777724641
1; 0; 240; 1432060777724647
1; 1; 29562; 1432060777735094
1; 1; 28097; 1432060777755889
1; 0; 236; 1432060777755895
1; 1; 31980; 1432060777766341
1; 1; 34604; 1432060777787139
1; 0; 1734; 1432060777787146
1; 1; 34424; 1432060777797561
1; 1; 34974; 1432060777818388
1; 0; 236; 1432060777818393
1; 1; 36809; 1432060777828841
1; 1; 37384; 1432060777849642
1; 0; 237; 1432060777849650
1; 1; 35122; 1432060777860095
1; 1; 33653; 1432060777880891
1; 0; 771; 1432060777880898
1; 1; 37564; 1432060777891316
1; 1; 31973; 1432060777912139
1; 0; 244; 1432060777912154
1; 1; 29704; 1432060777922601
1; 1; 34392; 1432060777943389
1; 0; 239; 1432060777943395
1; 1; 34176; 1432060777953846
1; 1; 32711; 1432060777974634
1; 0; 3268; 1432060777974639
1; 1; 32518; 1432060777985068
1; 1; 33067; 1432060778005893
1; 0; 1123; 1432060778005899
1; 1; 30836; 1432060778016318
1; 1; 29340; 1432060778037141
1; 0; 3652; 1432060778037146
1; 1; 25056; 1432060778047566
1; 1; 21515; 1432060778068389
1; 0; 3541; 1432060778068396
1; 1; 27474; 1432060778078814
1; 1; 25978; 1432060778099638
1; 0; 9606; 1432060778099644
1; 1; 25793; 1432060778110064
1; 1; 22250; 1432060778130889
1; 0; 5428; 1432060778130894
1; 1; 24110; 1432060778141314
1; 1; 18977; 1432060778162139
1; 0; 1497; 1432060778162145
1; 1; 14687; 1432060778172571
1; 1; 17266; 1432060778193405
1; 0; 1308; 1432060778193408
1; 1; 15052; 1432060778203818
1; 1; 9447; 1432060778224656
1; 0; 1488; 1432060778224663
1; 1; 9273; 1432060778235071
1; 1; 7772; 1432060778255895
1; 0; 1418; 1432060778255899
1; 1; 7598; 1432060778266310
1; 1; 2146; 1432060778287127
1; 0; 1703; 1432060778287131
1; 1; 2159; 1432060778297542
1; 1; 5879; 1432060778318400
1; 0; 232; 1432060778318405
1; 1; 5686; 1432060778328838
1; 1; 4195; 1432060778349647
1; 0; 1583; 1432060778349653
1; 1; 2161; 1432060778360041
1; 1; 6062; 1432060778380888
1; 0; 231; 1432060778380892
1; 1; 7061; 1432060778392180
1; 1; 2336; 1432060778412165
1; 0; 250; 1432060778412173
1; 1; 2031; 1432060778422697
1; 1; 2157; 1432060778443387
1; 0; 5003; 1432060778443392
1; 1; 2144; 1432060778453820
1; 1; 4040; 1432060778474652
1; 0; 236; 1432060778474659
1; 1; 2117; 1432060778485096
1; 1; 6764; 1432060778505902
1; 0; 243; 1432060778505908
1; 1; 2458; 1432060778516353
1; 1; 2136; 1432060778537141
1; 0; 3121; 1432060778537146
1; 1; 4173; 1432060778547565
1; 1; 2133; 1432060778568391
1; 0; 1971; 1432060778568397
1; 1; 2157; 1432060778578787
1; 1; 2138; 1432060778599637
1; 0; 8965; 1432060778599643
1; 1; 2124; 1432060778610069
1; 1; 2159; 1432060778630877
1; 0; 2748; 1432060778630883
1; 1; 2155; 1432060778641286
1; 1; 6234; 1432060778662146
1; 0; 237; 1432060778662152
1; 1; 6059; 1432060778672562
1; 1; 4103; 1432060778693393
1; 0; 237; 1432060778693400
1; 1; 1666; 1432060778703846
1; 1; 2826; 1432060778724638
1; 0; 6022; 1432060778724644
1; 1; 2157; 1432060778735032
1; 1; 2157; 1432060778755864
1; 0; 5958; 1432060778755876
1; 1; 2156; 1432060778766284
1; 1; 6317; 1432060778787146
1; 0; 7900; 1432060778787151
1; 1; 2154; 1432060778797531
1; 1; 2653; 1432060778818389
1; 0; 10321; 1432060778818395
1; 1; 2468; 1432060778828814
1; 1; 6065; 1432060778849639
1; 0; 10250; 1432060778849645
1; 1; 7933; 1432060778860063
1; 1; 8067; 1432060778880889
1; 0; 4027; 1432060778880894
1; 1; 9929; 1432060778891315
1; 1; 7953; 1432060778912139
1; 0; 3942; 1432060778912144
1; 1; 7762; 1432060778922565
1; 1; 6123; 1432060778943389
1; 0; 1503; 1432060778943394
1; 1; 3885; 1432060778953816
1; 1; 6038; 1432060778974639
1; 0; 9611; 1432060778974645
1; 1; 5852; 1432060778985067
1; 1; 2156; 1432060779005868
1; 0; 5459; 1432060779005873
1; 1; 4993; 1432060779016322
1; 1; 9195; 1432060779037147
1; 0; 11493; 1432060779037153
1; 1; 9028; 1432060779047561
1; 1; 9113; 1432060779068397
1; 0; 1168; 1432060779068402
1; 1; 6885; 1432060779078815
1; 1; 13133; 1432060779099643
1; 0; 3782; 1432060779099649
1; 1; 10905; 1432060779110065
1; 1; 15095; 1432060779130897
1; 0; 250; 1432060779130905
1; 1; 23078; 1432060779141341
1; 1; 21160; 1432060779162142
1; 0; 3720; 1432060779162149
1; 1; 18928; 1432060779172567
1; 1; 12431; 1432060779193397
1; 0; 249; 1432060779193403
1; 1; 10177; 1432060779203845
1; 1; 11902; 1432060779224647
1; 0; 3534; 1432060779224654
1; 1; 11729; 1432060779235062
1; 1; 7282; 1432060779255893
1; 0; 9603; 1432060779255898
1; 1; 9147; 1432060779266316
1; 1; 14947; 1432060779287139
1; 0; 1336; 1432060779287144
1; 1; 14761; 1432060779297564
1; 1; 14443; 1432060779318362
1; 0; 3399; 1432060779318368
1; 1; 12185; 1432060779328813
1; 1; 11833; 1432060779349648
1; 0; 237; 1432060779349653
1; 1; 9582; 1432060779360087
1; 1; 13356; 1432060779380894
1; 0; 3312; 1432060779380900
1; 1; 15273; 1432060779391313
1; 1; 12826; 1432060779412143
1; 0; 3226; 1432060779412149
1; 1; 8548; 1432060779422561
1; 1; 6148; 1432060779443394
1; 0; 3715; 1432060779443400
1; 1; 12111; 1432060779453814
1; 1; 7696; 1432060779474639
1; 0; 3646; 1432060779474645
1; 1; 13632; 1432060779485066
1; 1; 3041; 1432060779505890
1; 0; 239; 1432060779505896
1; 1; 4881; 1432060779516344
1; 1; 4201; 1432060779537118
1; 0; 3809; 1432060779537123
1; 1; 2157; 1432060779547539
1; 1; 2112; 1432060779568412
1; 0; 3679; 1432060779568417
1; 1; 4202; 1432060779578788
1; 1; 4209; 1432060779599639
1; 0; 238; 1432060779599651
1; 1; 3706; 1432060779610100
1; 1; 4203; 1432060779630866
1; 0; 1765; 1432060779630871
1; 1; 3994; 1432060779641316
1; 1; 2130; 1432060779662139
1; 1; 8098; 1432060779672556
1; 1; 14068; 1432060779682972
1; 1; 9799; 1432060779693384
1; 1; 10062; 1432060779703809
1; 1; 11936; 1432060779714222
1; 1; 9716; 1432060779724634
1; 1; 11581; 1432060779735058
1; 1; 7316; 1432060779745469
1; 1; 5081; 1432060779755895
1; 1; 4906; 1432060779766309
1; 1; 4732; 1432060779776723
1; 1; 4556; 1432060779787139
1; 1; 6432; 1432060779797560
1; 1; 8284; 1432060779807988
1; 1; 10167; 1432060779818393
1; 1; 14094; 1432060779828803
1; 1; 13935; 1432060779839218
1; 1; 17843; 1432060779849641
1; 1; 11495; 1432060779860073
1; 1; 13373; 1432060779870489
1; 1; 11078; 1432060779880972
1; 1; 10979; 1432060779891314
1; 1; 12829; 1432060779901750
1; 1; 10622; 1432060779912145
1; 1; 14543; 1432060779922559
1; 1; 18469; 1432060779932975
1; 1; 22388; 1432060779943390
1; 1; 24280; 1432060779953811
1; 1; 28184; 1432060779964219
1; 1; 32100; 1432060779974642
1; 1; 27815; 1432060779985067
1; 1; 23548; 1432060779995476
1; 1; 21340; 1432060780005886
1; 1; 19096; 1432060780016311
1; 1; 18929; 1432060780026722
1; 1; 16697; 1432060780037142
1; 1; 16523; 1432060780047556
1; 1; 12280; 1432060780057942
1; 1; 14123; 1432060780068389
1; 1; 11891; 1432060780078810
1; 1; 13764; 1432060780089226
1; 1; 11544; 1432060780099639
1; 1; 15460; 1432060780110057
1; 1; 13237; 1432060780120473
1; 1; 11014; 1432060780130888
1; 1; 12840; 1432060780141352
1; 1; 8607; 1432060780151726
1; 1; 8380; 1432060780162197
1; 1; 8256; 1432060780172564
1; 1; 6027; 1432060780182980
1; 1; 2157; 1432060780193371
1; 1; 2151; 1432060780203799
1; 1; 3736; 1432060780214227
1; 1; 2154; 1432060780224620
1; 1; 2157; 1432060780235039
1; 1; 4003; 1432060780245483
1; 1; 7927; 1432060780255892
1; 1; 3653; 1432060780266309
1; 1; 6251; 1432060780276702
1; 1; 8102; 1432060780287140
1; 1; 9973; 1432060780297557
1; 1; 12293; 1432060780307973
1; 1; 10076; 1432060780318384
1; 1; 7840; 1432060780328813
1; 1; 9713; 1432060780339225
1; 1; 15685; 1432060780349638
1; 1; 15511; 1432060780360052
1; 1; 19422; 1432060780370475
1; 1; 19248; 1432060780380890
1; 1; 17022; 1432060780391305
1; 1; 18879; 1432060780401738
1; 1; 16670; 1432060780412138
1; 1; 20590; 1432060780422557
1; 1; 18358; 1432060780432980
1; 0; 6201; 1432060780432986
1; 1; 14088; 1432060780443397
1; 1; 17853; 1432060780464229
1; 1; 13564; 1432060780474636
1; 1; 13388; 1432060780485056
1; 1; 13207; 1432060780495474
1; 1; 13031; 1432060780505890
1; 1; 10814; 1432060780516308
1; 1; 6533; 1432060780526724
1; 1; 10453; 1432060780537143
1; 1; 6172; 1432060780547569
1; 1; 3955; 1432060780557978
1; 1; 2154; 1432060780568410
1; 1; 2155; 1432060780578787
1; 1; 2131; 1432060780589230
1; 1; 3816; 1432060780599639
1; 1; 2156; 1432060780610033
1; 1; 2327; 1432060780620480
1; 1; 4204; 1432060780630891
1; 1; 5450; 1432060780641307
1; 1; 7320; 1432060780651724
1; 1; 5096; 1432060780662140
1; 1; 4204; 1432060780672533
1; 1; 4000; 1432060780682975
1; 1; 2179; 1432060780693369
1; 1; 2153; 1432060780703790
1; 1; 2208; 1432060780714224
1; 1; 2155; 1432060780724618
1; 1; 4207; 1432060780735032
1; 1; 2133; 1432060780745475
1; 1; 2132; 1432060780755891
1; 1; 3961; 1432060780766306
1; 1; 2136; 1432060780776726
1; 1; 1593; 1432060780787141
1; 1; 4205; 1432060780797540
1; 1; 4208; 1432060780807933
1; 1; 6040; 1432060780818389
1; 1; 5861; 1432060780828808
1; 1; 11854; 1432060780839198
1; 1; 10061; 1432060780849636
1; 1; 11921; 1432060780860060
1; 1; 15850; 1432060780870470
1; 1; 20206; 1432060780880895
1; 1; 24126; 1432060780891310
1; 1; 26002; 1432060780901723
1; 1; 21732; 1432060780912135
1; 1; 27696; 1432060780922556
1; 1; 23422; 1432060780932974
1; 1; 19153; 1432060780943388
1; 1; 23072; 1432060780953806
1; 1; 22904; 1432060780964228
1; 1; 28862; 1432060780974636
1; 1; 26634; 1432060780985057
1; 1; 30553; 1432060780995474
1; 1; 28332; 1432060781005890
1; 1; 26107; 1432060781016306
1; 1; 30029; 1432060781026722
1; 1; 31897; 1432060781037139
1; 1; 29670; 1432060781047557
1; 1; 31549; 1432060781057973
1; 1; 33418; 1432060781068385
1; 1; 29141; 1432060781078810
1; 1; 31021; 1432060781089219
1; 1; 34932; 1432060781099641
1; 1; 30652; 1432060781110064
1; 1; 32530; 1432060781120479
1; 1; 34405; 1432060781130888
1; 1; 34222; 1432060781141311
1; 1; 34052; 1432060781151722
1; 1; 35917; 1432060781162145
1; 1; 35744; 1432060781172557
1; 1; 31471; 1432060781182974
1; 1; 29246; 1432060781193391
1; 1; 27020; 1432060781203809
1; 1; 28903; 1432060781214226
1; 1; 24618; 1432060781224646
1; 1; 30585; 1432060781235059
1; 1; 28370; 1432060781245474
1; 1; 26180; 1432060781255891
1; 1; 26005; 1432060781266305
1; 1; 23741; 1432060781276724
1; 1; 23599; 1432060781287140
1; 1; 27518; 1432060781297557
1; 1; 29354; 1432060781307972
1; 1; 29184; 1432060781318390
1; 1; 29010; 1432060781328805
1; 1; 24727; 1432060781339223
1; 1; 22499; 1432060781349642
1; 1; 22318; 1432060781360064
1; 1; 18050; 1432060781370476
1; 1; 17875; 1432060781380890
1; 1; 19745; 1432060781391308
1; 1; 17522; 1432060781401722
1; 1; 17349; 1432060781412139
1; 1; 15076; 1432060781422600
1; 1; 16996; 1432060781432977
1; 1; 14770; 1432060781443388
1; 1; 18685; 1432060781453809
1; 1; 14443; 1432060781464193
1; 1; 16279; 1432060781474646
1; 1; 16109; 1432060781485056
1; 1; 22077; 1432060781495472
1; 1; 28042; 1432060781505889
1; 1; 29920; 1432060781516301
1; 1; 27689; 1432060781526723
1; 1; 23429; 1432060781537138
1; 1; 25291; 1432060781547556
1; 1; 27606; 1432060781557976
1; 1; 27431; 1432060781568393
1; 1; 25208; 1432060781578806
1; 1; 27080; 1432060781589222
1; 1; 30998; 1432060781599639
1; 1; 28763; 1432060781610063
1; 1; 28597; 1432060781620473
1; 1; 24325; 1432060781630888
1; 1; 22099; 1432060781641306
1; 1; 17826; 1432060781651722
1; 1; 23796; 1432060781662139
1; 1; 19571; 1432060781672558
1; 1; 25491; 1432060781682969
1; 1; 25301; 1432060781693399
1; 1; 21039; 1432060781703807
1; 1; 20863; 1432060781714223
1; 1; 20694; 1432060781724631
1; 1; 20506; 1432060781735058
1; 1; 26471; 1432060781745476
1; 1; 26301; 1432060781755888
1; 1; 28175; 1432060781766302
1; 1; 30041; 1432060781776723
1; 1; 31915; 1432060781787138
1; 1; 29690; 1432060781797555
1; 1; 29518; 1432060781807972
1; 1; 29340; 1432060781818385
1; 1; 31211; 1432060781828810
1; 1; 28991; 1432060781839224
1; 1; 30861; 1432060781849643
1; 1; 31156; 1432060781860028
1; 1; 30940; 1432060781870481
1; 1; 32806; 1432060781880907
1; 1; 34688; 1432060781891308
1; 1; 34513; 1432060781901723
1; 1; 32295; 1432060781912134
1; 1; 28015; 1432060781922557
1; 1; 25792; 1432060781932973
1; 0; 236; 1432060781932978
1; 1; 33783; 1432060781943424
1; 1; 29352; 1432060781964232
1; 1; 29176; 1432060781974642
1; 1; 33095; 1432060781985062
1; 1; 32924; 1432060781995473
1; 1; 32745; 1432060782005891
1; 1; 32575; 1432060782016302
1; 1; 28295; 1432060782026723
1; 1; 28119; 1432060782037139
1; 1; 27944; 1432060782047557
1; 1; 25715; 1432060782057977
1; 1; 21448; 1432060782068390
1; 1; 23317; 1432060782078807
1; 1; 27239; 1432060782089222
1; 1; 29556; 1432060782099641
1; 1; 27780; 1432060782110056
1; 1; 29676; 1432060782120449
1; 1; 29475; 1432060782130889
1; 1; 31347; 1432060782141306
1; 1; 29123; 1432060782151723
1; 1; 22800; 1432060782162140
1; 1; 26717; 1432060782172557
1; 1; 32685; 1432060782182976
1; 1; 30464; 1432060782193388
1; 1; 30287; 1432060782203805
1; 1; 28066; 1432060782214219
1; 1; 29932; 1432060782224641
1; 1; 31804; 1432060782235056
1; 1; 27529; 1432060782245473
1; 1; 29404; 1432060782255888
1; 1; 29231; 1432060782266302
1; 1; 31088; 1432060782276732
1; 1; 37065; 1432060782287139
1; 1; 36888; 1432060782297556
1; 1; 38764; 1432060782307971
1; 1; 34496; 1432060782318385
1; 1; 36360; 1432060782328805
1; 1; 34134; 1432060782339223
1; 1; 36017; 1432060782349639
1; 1; 33779; 1432060782360058
1; 1; 31557; 1432060782370474
1; 1; 29335; 1432060782380889
1; 1; 31203; 1432060782391306
1; 1; 28975; 1432060782401724
1; 1; 30843; 1432060782412145
1; 1; 28667; 1432060782422513
1; 1; 26399; 1432060782432974
1; 1; 24175; 1432060782443390
1; 1; 26047; 1432060782453806
1; 1; 23828; 1432060782464216
1; 1; 21597; 1432060782474639
1; 1; 17324; 1432060782485058
1; 1; 15061; 1432060782495513
1; 1; 12871; 1432060782505893
1; 1; 12700; 1432060782516306
1; 1; 10473; 1432060782526723
1; 1; 10298; 1432060782537139
1; 1; 8068; 1432060782547558
1; 1; 7894; 1432060782557973
1; 1; 7722; 1432060782568388
1; 1; 3448; 1432060782578804
1; 1; 3269; 1432060782589222
1; 1; 2014; 1432060782599638
1; 1; 2158; 1432060782610031
1; 1; 2133; 1432060782620472
1; 1; 2156; 1432060782630865
1; 1; 2136; 1432060782641316
1; 1; 6044; 1432060782651732
1; 1; 5874; 1432060782662141
1; 1; 7747; 1432060782672557
1; 1; 9617; 1432060782682974
1; 1; 7391; 1432060782693390
1; 1; 7217; 1432060782703806
1; 1; 15239; 1432060782714225
1; 1; 13011; 1432060782724640
1; 1; 12832; 1432060782735060
1; 1; 10604; 1432060782745477
1; 1; 12474; 1432060782755892
1; 1; 8189; 1432060782766321
1; 0; 3304; 1432060782766327
1; 1; 10058; 1432060782776744
1; 1; 13827; 1432060782797564
1; 1; 15696; 1432060782807970
1; 1; 15512; 1432060782818391
1; 1; 21479; 1432060782828809
1; 1; 23350; 1432060782839226
1; 1; 25227; 1432060782849636
1; 1; 22993; 1432060782860061
1; 1; 23256; 1432060782870485
1; 1; 18992; 1432060782880895
1; 1; 27011; 1432060782891308
1; 1; 22734; 1432060782901729
1; 1; 24613; 1432060782912136
1; 1; 22386; 1432060782922558
1; 1; 18115; 1432060782932974
1; 1; 15894; 1432060782943389
1; 1; 21852; 1432060782953811
1; 1; 17580; 1432060782964227
1; 1; 19459; 1432060782974636
1; 1; 15177; 1432060782985061
1; 1; 14970; 1432060782995508
1; 1; 14829; 1432060783005889
1; 1; 22845; 1432060783016307
1; 1; 25164; 1432060783026723
1; 1; 24995; 1432060783037136
1; 1; 22767; 1432060783047556
1; 1; 18493; 1432060783057971
1; 1; 18314; 1432060783068390
1; 1; 20179; 1432060783078811
1; 1; 20009; 1432060783089222
1; 1; 19832; 1432060783099639
1; 1; 19654; 1432060783110056
1; 1; 19477; 1432060783120473
1; 1; 23398; 1432060783130889
1; 1; 19124; 1432060783141307
1; 1; 25097; 1432060783151719
1; 1; 24913; 1432060783162142
1; 1; 24737; 1432060783172557
1; 1; 22510; 1432060783182976
1; 1; 20319; 1432060783193388
1; 1; 24212; 1432060783203806
1; 1; 24030; 1432060783214228
1; 1; 21815; 1432060783224634
1; 1; 31874; 1432060783235055
1; 1; 29682; 1432060783245474
1; 1; 27453; 1432060783255889
1; 1; 27279; 1432060783266302
1; 1; 27075; 1432060783276738
1; 1; 24848; 1432060783287140
1; 1; 28784; 1432060783297540
1; 1; 24485; 1432060783307982
1; 1; 22283; 1432060783318391
1; 1; 22111; 1432060783328806
1; 1; 24008; 1432060783339222
1; 1; 19714; 1432060783349640
1; 1; 17954; 1432060783360056
1; 1; 17754; 1432060783370490
1; 1; 23724; 1432060783380898
1; 1; 21475; 1432060783391311
1; 1; 21333; 1432060783401719
1; 1; 17058; 1432060783412140
1; 1; 14802; 1432060783422587
1; 1; 14651; 1432060783432977
1; 1; 12423; 1432060783443396
1; 1; 10170; 1432060783453817
1; 1; 7979; 1432060783464227
1; 1; 7792; 1432060783474640
1; 1; 9676; 1432060783485068
1; 1; 13583; 1432060783495481
1; 1; 9321; 1432060783505891
1; 1; 11190; 1432060783516315
1; 1; 15087; 1432060783526719
1; 1; 16959; 1432060783537142
1; 1; 14733; 1432060783547555
1; 1; 10492; 1432060783557975
1; 1; 10324; 1432060783568355
1; 1; 10135; 1432060783578815
1; 1; 7909; 1432060783589227
1; 1; 5655; 1432060783599641
1; 1; 5479; 1432060783610058
1; 1; 7379; 1432060783620473
1; 1; 11295; 1432060783630890
1; 1; 11097; 1432060783641301
1; 1; 10918; 1432060783651722
1; 1; 6640; 1432060783662141
1; 1; 2369; 1432060783672559
1; 1; 8985; 1432060783682973
1; 1; 6761; 1432060783693389
1; 1; 10680; 1432060783703805
1; 1; 8457; 1432060783714220
1; 1; 4204; 1432060783724618
1; 1; 2131; 1432060783735056
1; 1; 2157; 1432060783745450
1; 1; 2157; 1432060783755865
1; 1; 4821; 1432060783766307
1; 1; 2513; 1432060783776794
1; 1; 2157; 1432060783787118
1; 1; 2155; 1432060783797537
1; 1; 2161; 1432060783807936
1; 1; 2155; 1432060783818371
1; 1; 4197; 1432060783828805
1; 1; 10154; 1432060783839233
1; 1; 5886; 1432060783849639
1; 1; 9805; 1432060783860057
1; 1; 9628; 1432060783870473
1; 1; 5353; 1432060783880893
1; 1; 3130; 1432060783891308
1; 1; 2155; 1432060783901731
1; 1; 8106; 1432060783912139
1; 1; 7935; 1432060783922558
1; 1; 12296; 1432060783932970
1; 1; 12119; 1432060783943387
1; 1; 13987; 1432060783953806
1; 1; 9717; 1432060783964222
1; 1; 9533; 1432060783974644
1; 1; 11408; 1432060783985058
1; 1; 13287; 1432060783995469
1; 1; 15149; 1432060784005892
1; 1; 10880; 1432060784016306
1; 1; 10700; 1432060784026725
1; 1; 8504; 1432060784037113
1; 1; 8299; 1432060784047558
1; 1; 8127; 1432060784057973
1; 1; 7949; 1432060784068390
1; 1; 13912; 1432060784078810
1; 1; 11695; 1432060784089219
1; 1; 13568; 1432060784099638
1; 1; 17930; 1432060784110058
1; 1; 15700; 1432060784120477
1; 1; 13477; 1432060784130894
1; 0; 14487; 1432060784130901
1; 1; 11251; 1432060784141314
1; 1; 15444; 1432060784162150
1; 1; 11177; 1432060784172553
1; 1; 10996; 1432060784182977
1; 1; 6724; 1432060784193391
1; 1; 12709; 1432060784203813
1; 1; 10473; 1432060784214222
1; 1; 12329; 1432060784224649
1; 1; 8061; 1432060784235062
1; 1; 7882; 1432060784245478
1; 1; 5667; 1432060784255889
1; 1; 3437; 1432060784266309
1; 1; 4207; 1432060784276703
1; 1; 2134; 1432060784287145
1; 1; 4208; 1432060784297530
1; 1; 2805; 1432060784307973
1; 1; 6251; 1432060784318367
1; 1; 6257; 1432060784328780
1; 1; 6057; 1432060784339225
1; 1; 9972; 1432060784349641
1; 1; 11838; 1432060784360063
1; 1; 9628; 1432060784370478
1; 1; 7399; 1432060784380894
1; 1; 3122; 1432060784391308
1; 1; 6225; 1432060784401724
1; 1; 6054; 1432060784412139
1; 1; 9976; 1432060784422557
1; 1; 11841; 1432060784432975
1; 1; 13722; 1432060784443385
1; 1; 9505; 1432060784453808
1; 1; 7212; 1432060784464228
1; 1; 4994; 1432060784474638
1; 1; 4817; 1432060784485056
1; 1; 2596; 1432060784495473
1; 1; 2130; 1432060784505891
1; 1; 2137; 1432060784516307
1; 1; 2632; 1432060784526722
1; 1; 2155; 1432060784537114
1; 1; 2156; 1432060784547533
1; 1; 4205; 1432060784557950
1; 1; 8101; 1432060784568389
1; 1; 5870; 1432060784578810
1; 1; 9793; 1432060784589224
1; 1; 13714; 1432060784599638
1; 1; 13540; 1432060784610053
1; 1; 13359; 1432060784620473
1; 1; 11135; 1432060784630889
1; 1; 8844; 1432060784641376
1; 1; 8731; 1432060784651727
1; 1; 8560; 1432060784662138
1; 1; 6332; 1432060784672558
1; 1; 4106; 1432060784682975
1; 1; 5981; 1432060784693390
1; 1; 3755; 1432060784703806
1; 1; 5708; 1432060784714225
1; 1; 3485; 1432060784724640
1; 1; 4182; 1432060784735061
1; 1; 3870; 1432060784745477
1; 1; 5748; 1432060784755891
1; 1; 4246; 1432060784766292
1; 1; 4003; 1432060784776729
1; 1; 2163; 1432060784787127
1; 1; 3444; 1432060784797563
1; 1; 4029; 1432060784807977
1; 1; 3850; 1432060784818392
1; 1; 7775; 1432060784828807
1; 0; 24566; 1432060784828813
1; 1; 7589; 1432060784839229
1; 1; 7234; 1432060784860064
1; 1; 9114; 1432060784870473
1; 1; 10988; 1432060784880888
1; 1; 10813; 1432060784891303
1; 1; 8586; 1432060784901722
1; 1; 8406; 1432060784912144
1; 1; 12772; 1432060784922559
1; 1; 14652; 1432060784932968
1; 1; 14917; 1432060784943389
1; 1; 12690; 1432060784953807
1; 1; 12515; 1432060784964222
1; 1; 10292; 1432060784974639
1; 1; 10109; 1432060784985060
1; 1; 7889; 1432060784995472
1; 1; 9762; 1432060785005888
1; 1; 11631; 1432060785016307
1; 1; 9413; 1432060785026717
1; 1; 7179; 1432060785037142
1; 1; 7455; 1432060785047555
1; 1; 9327; 1432060785057973
1; 1; 11196; 1432060785068390
1; 1; 8933; 1432060785078846
1; 1; 8751; 1432060785089269
1; 1; 6572; 1432060785099640
1; 1; 4343; 1432060785110060
1; 1; 4208; 1432060785120447
1; 1; 4204; 1432060785130871
1; 1; 2157; 1432060785141288
1; 1; 4177; 1432060785151731
1; 1; 2134; 1432060785162139
1; 1; 2171; 1432060785172557
1; 1; 4033; 1432060785182984
1; 1; 3866; 1432060785193391
1; 1; 5542; 1432060785203806
1; 1; 2157; 1432060785214199
1; 1; 2140; 1432060785224640
1; 1; 2154; 1432060785235043
1; 1; 2156; 1432060785245456
1; 1; 4207; 1432060785255866
1; 1; 2156; 1432060785266287
1; 1; 4005; 1432060785276729
1; 1; 3829; 1432060785287140
1; 1; 6251; 1432060785297532
1; 1; 6045; 1432060785307980
1; 1; 5876; 1432060785318390
1; 1; 5699; 1432060785328806
1; 1; 3760; 1432060785339223
1; 1; 2138; 1432060785349640
1; 1; 2157; 1432060785360036
1; 1; 2137; 1432060785370474
1; 1; 4207; 1432060785380871
1; 1; 6055; 1432060785391307
1; 1; 3826; 1432060785401728
1; 1; 3654; 1432060785412140
1; 1; 4205; 1432060785422535
1; 1; 4201; 1432060785432953
1; 1; 8100; 1432060785443398
1; 1; 6322; 1432060785453812
1; 1; 8189; 1432060785464231
1; 1; 12115; 1432060785474641
1; 1; 22179; 1432060785485056
1; 1; 19956; 1432060785495473
1; 1; 19781; 1432060785505886
1; 1; 21647; 1432060785516310
1; 1; 27615; 1432060785526723
1; 1; 23347; 1432060785537135
1; 1; 21118; 1432060785547557
1; 1; 18894; 1432060785557974
1; 1; 20740; 1432060785568418
1; 1; 24674; 1432060785578817
1; 1; 24508; 1432060785589222
1; 1; 22291; 1432060785599632
1; 1; 20057; 1432060785610057
1; 1; 19881; 1432060785620474
1; 1; 17659; 1432060785630892
1; 1; 13380; 1432060785641312
1; 1; 13201; 1432060785651730
1; 1; 17130; 1432060785662139
1; 1; 19000; 1432060785672556
1; 1; 18823; 1432060785682972
1; 1; 16599; 1432060785693389
1; 1; 12324; 1432060785703807
1; 1; 14197; 1432060785714222
1; 0; 22736; 1432060785714228
1; 1; 16064; 1432060785724643
1; 1; 15703; 1432060785745484
1; 1; 15540; 1432060785755887
1; 1; 15359; 1432060785766307
1; 1; 17232; 1432060785776722
1; 1; 21150; 1432060785787139
1; 1; 23021; 1432060785797556
1; 1; 18754; 1432060785807968
1; 1; 20622; 1432060785818388
1; 1; 16364; 1432060785828811
1; 1; 22318; 1432060785839221
1; 1; 18040; 1432060785849644
1; 1; 17866; 1432060785860054
1; 1; 21715; 1432060785870546
1; 1; 21609; 1432060785880888
1; 1; 17340; 1432060785891303
1; 1; 21253; 1432060785901724
1; 1; 19031; 1432060785912142
1; 1; 18858; 1432060785922553
1; 1; 22772; 1432060785932975
1; 1; 22636; 1432060785943350
1; 1; 20368; 1432060785953810
1; 1; 16099; 1432060785964222
1; 1; 13873; 1432060785974641
1; 1; 9600; 1432060785985057
1; 1; 11469; 1432060785995477
1; 1; 7196; 1432060786005894
1; 1; 9069; 1432060786016309
1; 1; 8907; 1432060786026724
1; 1; 4618; 1432060786037161
1; 1; 8494; 1432060786047616
1; 1; 12455; 1432060786057978
1; 1; 14328; 1432060786068393
1; 1; 10054; 1432060786078812
1; 1; 12375; 1432060786089228
1; 1; 12206; 1432060786099636
1; 1; 14073; 1432060786110058
1; 1; 13902; 1432060786120470
1; 1; 12124; 1432060786130887
1; 1; 11953; 1432060786141308
1; 1; 11771; 1432060786151729
1; 1; 17724; 1432060786162153
1; 1; 21648; 1432060786172564
1; 1; 21476; 1432060786182974
1; 1; 21307; 1432060786193385
1; 1; 21124; 1432060786203807
1; 1; 25046; 1432060786214221
1; 1; 22821; 1432060786224639
1; 1; 22644; 1432060786235056
1; 1; 20381; 1432060786245509
1; 1; 22289; 1432060786255891
1; 1; 28252; 1432060786266311
1; 1; 28085; 1432060786276717
1; 1; 23804; 1432060786287141
1; 1; 26125; 1432060786297558
1; 1; 23904; 1432060786307972
1; 1; 21677; 1432060786318390
1; 1; 21501; 1432060786328806
1; 1; 21326; 1432060786339222
1; 1; 19100; 1432060786349639
1; 1; 14828; 1432060786360055
1; 1; 12599; 1432060786370476
1; 1; 14475; 1432060786380889
1; 1; 16344; 1432060786391307
1; 1; 16168; 1432060786401723
1; 1; 15994; 1432060786412138
1; 1; 13766; 1432060786422556
1; 1; 9494; 1432060786432972
1; 1; 7268; 1432060786443391
1; 1; 11190; 1432060786453806
1; 1; 8973; 1432060786464218
1; 1; 10831; 1432060786474643
1; 1; 12714; 1432060786485053
1; 1; 16625; 1432060786495474
1; 1; 20547; 1432060786505889
1; 1; 16273; 1432060786516307
1; 1; 12001; 1432060786526723
1; 1; 11824; 1432060786537139
1; 1; 9598; 1432060786547557
1; 1; 13522; 1432060786557978
1; 1; 11347; 1432060786568337
1; 1; 9062; 1432060786578814
1; 1; 8888; 1432060786589228
1; 1; 8718; 1432060786599638
1; 1; 6492; 1432060786610060
1; 1; 8360; 1432060786620476
1; 1; 8187; 1432060786630889
1; 1; 10056; 1432060786641309
1; 1; 7838; 1432060786651724
1; 1; 3582; 1432060786662120
1; 1; 5429; 1432060786672559
1; 1; 9350; 1432060786682975
1; 1; 9179; 1432060786693387
1; 1; 6946; 1432060786703810
1; 1; 6773; 1432060786714226
1; 1; 4548; 1432060786724642
1; 1; 6399; 1432060786735075
1; 0; 27226; 1432060786735081
1; 1; 6256; 1432060786745459
1; 1; 5882; 1432060786766312
1; 1; 4205; 1432060786776703
1; 1; 8101; 1432060786787146
1; 1; 6324; 1432060786797557
1; 1; 4101; 1432060786807975
1; 1; 2142; 1432060786818381
1; 1; 4214; 1432060786828788
1; 1; 4013; 1432060786839224
1; 1; 3836; 1432060786849640
1; 1; 3658; 1432060786860057
1; 1; 7578; 1432060786870475
1; 1; 11498; 1432060786880890
1; 1; 11323; 1432060786891305
1; 1; 11147; 1432060786901725
1; 1; 10967; 1432060786912141
1; 1; 10789; 1432060786922559
1; 1; 8566; 1432060786932973
1; 1; 10435; 1432060786943394
1; 1; 8216; 1432060786953804
1; 1; 10082; 1432060786964226
1; 1; 7862; 1432060786974638
1; 1; 9732; 1432060786985055
1; 1; 7513; 1432060786995471
1; 1; 5285; 1432060787005888
1; 1; 7154; 1432060787016306
1; 1; 6909; 1432060787026790
1; 1; 8843; 1432060787037145
1; 1; 4573; 1432060787047557
1; 1; 6447; 1432060787057972
1; 1; 6282; 1432060787068389
1; 1; 4047; 1432060787078807
1; 1; 3880; 1432060787089222
1; 1; 7799; 1432060787099638
1; 1; 5564; 1432060787110059
1; 1; 7447; 1432060787120471
1; 1; 5221; 1432060787130887
1; 1; 5045; 1432060787141305
1; 1; 5192; 1432060787151723
1; 1; 5017; 1432060787162139
1; 1; 4839; 1432060787172555
1; 1; 6711; 1432060787182971
1; 1; 8585; 1432060787193388
1; 1; 8406; 1432060787203806
1; 1; 10275; 1432060787214224
1; 1; 10103; 1432060787224637
1; 1; 7875; 1432060787235056
1; 1; 7698; 1432060787245473
1; 1; 3430; 1432060787255889
1; 1; 5293; 1432060787266309
1; 0; 15480; 1432060787266315
1; 1; 6259; 1432060787276687
1; 1; 7919; 1432060787297563
1; 1; 7735; 1432060787307978
1; 1; 7558; 1432060787318393
1; 1; 3286; 1432060787328810
1; 1; 3111; 1432060787339225
1; 1; 2130; 1432060787349644
1; 1; 10548; 1432060787360059
1; 1; 10829; 1432060787370467
1; 1; 11092; 1432060787380891
1; 1; 6820; 1432060787391307
1; 1; 4592; 1432060787401726
1; 1; 4421; 1432060787412138
1; 1; 2193; 1432060787422557
1; 1; 5620; 1432060787432974
1; 1; 5454; 1432060787443388
1; 1; 7315; 1432060787453807
1; 1; 9189; 1432060787464221
1; 1; 9015; 1432060787474638
1; 1; 10884; 1432060787485055
1; 1; 9110; 1432060787495468
1; 1; 13028; 1432060787505892
1; 1; 14897; 1432060787516306
1; 1; 12665; 1432060787526730
1; 1; 10448; 1432060787537141
1; 1; 8222; 1432060787547558
1; 1; 5995; 1432060787557978
1; 1; 5823; 1432060787568389
1; 1; 5645; 1432060787578807
1; 1; 3424; 1432060787589222
1; 1; 3242; 1432060787599639
1; 1; 3063; 1432060787610057
1; 1; 10344; 1432060787620432
1; 1; 10130; 1432060787630889
1; 1; 11996; 1432060787641308
1; 1; 9775; 1432060787651721
1; 1; 5494; 1432060787662144
1; 1; 5327; 1432060787672555
1; 1; 2155; 1432060787682951
1; 1; 2134; 1432060787693400
1; 1; 2138; 1432060787703810
1; 1; 2532; 1432060787714226
1; 1; 5787; 1432060787724654
1; 1; 3572; 1432060787735058
1; 1; 7491; 1432060787745476
1; 1; 5269; 1432060787755891
1; 1; 2131; 1432060787766307
1; 1; 2155; 1432060787776708
1; 1; 4205; 1432060787787123
1; 1; 2134; 1432060787797557
1; 1; 4193; 1432060787807956
1; 1; 3990; 1432060787818399
1; 1; 2147; 1432060787828801
1; 1; 4240; 1432060787839210
1; 1; 2157; 1432060787849623
1; 1; 2172; 1432060787860041
1; 1; 4007; 1432060787870484
1; 1; 2132; 1432060787880892
1; 1; 4008; 1432060787891308
1; 1; 5877; 1432060787901725
1; 1; 5699; 1432060787912140
1; 1; 5523; 1432060787922558
1; 1; 5347; 1432060787932974
1; 1; 9270; 1432060787943390
1; 1; 7041; 1432060787953808
1; 1; 6865; 1432060787964224
1; 1; 4644; 1432060787974640
1; 1; 2423; 1432060787985057
1; 1; 3721; 1432060787995477
1; 1; 2161; 1432060788005868
1; 1; 6250; 1432060788016289
1; 1; 4203; 1432060788026702
1; 1; 6049; 1432060788037145
1; 1; 4203; 1432060788047534
1; 1; 2156; 1432060788057951
1; 1; 2664; 1432060788068395
1; 1; 4128; 1432060788078811
1; 1; 3954; 1432060788089225
1; 1; 6345; 1432060788099640
1; 1; 6169; 1432060788110057
1; 1; 5991; 1432060788120475
1; 1; 5817; 1432060788130888
1; 1; 9735; 1432060788141307
1; 1; 11610; 1432060788151722
1; 1; 9387; 1432060788162135
1; 1; 5114; 1432060788172560
1; 1; 836; 1432060788182975
1; 1; 4183; 1432060788193390
1; 1; 2156; 1432060788203783
1; 1; 3560; 1432060788214222
1; 1; 3407; 1432060788224641
1; 1; 5238; 1432060788235074
1; 1; 5075; 1432060788245485
1; 1; 6940; 1432060788255900
1; 1; 2674; 1432060788266307
1; 1; 2502; 1432060788276722
1; 1; 4208; 1432060788287116
1; 1; 8098; 1432060788297564
1; 1; 12020; 1432060788307974
1; 1; 9828; 1432060788318386
1; 1; 5961; 1432060788328814
1; 1; 3760; 1432060788339224
1; 1; 2165; 1432060788349625
1; 1; 3582; 1432060788360064
1; 1; 2156; 1432060788370452
1; 1; 3406; 1432060788380896
1; 0; 237; 1432060788380901
1; 1; 7295; 1432060788391343
1; 1; 4180; 1432060788412140
1; 1; 2160; 1432060788422537
1; 1; 10151; 1432060788432975
1; 1; 5886; 1432060788443389
1; 1; 7745; 1432060788453811
1; 1; 7576; 1432060788464222
1; 1; 15595; 1432060788474637
1; 1; 19514; 1432060788485054
1; 1; 15235; 1432060788495475
1; 1; 15065; 1432060788505890
1; 1; 14883; 1432060788516308
1; 1; 20846; 1432060788526730
1; 1; 18623; 1432060788537143
1; 1; 18452; 1432060788547552
1; 1; 18266; 1432060788557979
1; 1; 22194; 1432060788568388
1; 1; 22018; 1432060788578807
1; 1; 18196; 1432060788589218
1; 1; 18462; 1432060788599639
1; 1; 18279; 1432060788610063
1; 1; 14011; 1432060788620474
1; 1; 11788; 1432060788630888
1; 1; 7513; 1432060788641308
1; 1; 9382; 1432060788651727
1; 1; 5115; 1432060788662138
1; 1; 2889; 1432060788672556
1; 1; 2712; 1432060788682972
1; 1; 4204; 1432060788693364
1; 1; 2224; 1432060788703785
1; 1; 4184; 1432060788714223
1; 1; 6053; 1432060788724639
1; 1; 7928; 1432060788735055
1; 1; 7750; 1432060788745472
1; 1; 7574; 1432060788755889
1; 1; 9453; 1432060788766307
1; 1; 7219; 1432060788776724
1; 1; 9100; 1432060788787140
1; 1; 8915; 1432060788797557
1; 1; 6689; 1432060788807973
1; 1; 6520; 1432060788818391
1; 1; 4290; 1432060788828805
1; 1; 6168; 1432060788839223
1; 1; 5991; 1432060788849639
1; 1; 5810; 1432060788860060
1; 1; 2163; 1432060788870457
1; 1; 2135; 1432060788880890
1; 1; 2156; 1432060788891286
1; 1; 2157; 1432060788901700
1; 1; 2155; 1432060788912115
1; 1; 5718; 1432060788922561
1; 1; 5545; 1432060788932974
1; 1; 4223; 1432060788943388
1; 1; 4027; 1432060788953824
1; 1; 3932; 1432060788964225
1; 1; 5385; 1432060788974658
1; 1; 9319; 1432060788985059
1; 1; 11194; 1432060788995472
1; 1; 11014; 1432060789005892
1; 1; 10838; 1432060789016313
1; 1; 8612; 1432060789026727
1; 1; 10481; 1432060789037146
1; 1; 14442; 1432060789047519
1; 1; 20372; 1432060789057973
1; 1; 26339; 1432060789068390
1; 1; 34355; 1432060789078807
1; 1; 36243; 1432060789089218
1; 1; 38098; 1432060789099639
1; 1; 37922; 1432060789110054
1; 1; 35691; 1432060789120484
1; 1; 39604; 1432060789130901
1; 1; 37390; 1432060789141310
1; 1; 41308; 1432060789151724
1; 1; 39085; 1432060789162140
1; 1; 38907; 1432060789172558
1; 1; 36691; 1432060789182972
1; 1; 32413; 1432060789193388
1; 1; 30186; 1432060789203807
1; 1; 34106; 1432060789214221
1; 1; 40073; 1432060789224640
1; 1; 41939; 1432060789235062
1; 1; 44268; 1432060789245470
1; 1; 42041; 1432060789255888
1; 1; 43912; 1432060789266307
1; 1; 47834; 1432060789276718
1; 1; 47651; 1432060789287139
1; 1; 49523; 1432060789297555
1; 1; 49345; 1432060789307975
1; 1; 49175; 1432060789318390
1; 1; 46937; 1432060789328816
1; 1; 48819; 1432060789339222
1; 1; 50683; 1432060789349647
1; 1; 48464; 1432060789360055
1; 1; 46236; 1432060789370476
1; 1; 46066; 1432060789380888
1; 1; 43836; 1432060789391311
1; 1; 45711; 1432060789401723
1; 1; 43489; 1432060789412138
1; 1; 43306; 1432060789422556
1; 1; 41084; 1432060789432973
1; 1; 34758; 1432060789443395
1; 1; 32540; 1432060789453805
1; 1; 32361; 1432060789464224
1; 1; 38326; 1432060789474641
1; 1; 42697; 1432060789485057
1; 1; 40475; 1432060789495471
1; 1; 40297; 1432060789505889
1; 1; 40119; 1432060789516307
1; 1; 37898; 1432060789526719
1; 1; 33617; 1432060789537143
1; 1; 33446; 1432060789547555
1; 1; 31222; 1432060789557972
1; 1; 28999; 1432060789568388
1; 1; 31252; 1432060789578806
1; 1; 33149; 1432060789589198
1; 1; 30899; 1432060789599638
1; 1; 30718; 1432060789610062
1; 1; 28505; 1432060789620469
1; 1; 26267; 1432060789630895
1; 1; 28140; 1432060789641307
1; 1; 25917; 1432060789651724
1; 1; 29838; 1432060789662142
1; 1; 30106; 1432060789672559
1; 1; 25832; 1432060789682977
1; 1; 25652; 1432060789693398
1; 1; 23428; 1432060789703813
1; 1; 21208; 1432060789714225
1; 1; 18988; 1432060789724640
1; 1; 16759; 1432060789735058
1; 1; 16578; 1432060789745480
1; 0; 41093; 1432060789745486
1; 1; 18451; 1432060789755895
1; 1; 16038; 1432060789776739
1; 1; 11780; 1432060789787140
1; 1; 7509; 1432060789797558
1; 1; 11424; 1432060789807978
1; 1; 19451; 1432060789818385
1; 1; 17226; 1432060789828807
1; 1; 17043; 1432060789839225
1; 1; 16861; 1432060789849644
1; 1; 18735; 1432060789860059
1; 1; 22654; 1432060789870473
1; 1; 22478; 1432060789880891
1; 1; 26404; 1432060789891302
1; 1; 24174; 1432060789901723
1; 1; 23999; 1432060789912137
1; 1; 21776; 1432060789922556
1; 1; 21598; 1432060789932972
1; 1; 21420; 1432060789943389
1; 1; 21240; 1432060789953809
1; 1; 21066; 1432060789964223
1; 1; 20892; 1432060789974637
1; 1; 20711; 1432060789985060
1; 1; 18488; 1432060789995473
1; 1; 14200; 1432060790005905
1; 1; 16085; 1432060790016308
1; 1; 13865; 1432060790026723
1; 1; 11647; 1432060790037138
1; 1; 9418; 1432060790047556
1; 1; 9231; 1432060790057979
1; 1; 9060; 1432060790068389
1; 1; 6832; 1432060790078808
1; 1; 6658; 1432060790089222
1; 1; 4436; 1432060790099639
1; 1; 4258; 1432060790110060
1; 1; 2150; 1432060790120461
1; 1; 2133; 1432060790130893
1; 1; 2157; 1432060790141288
1; 1; 2158; 1432060790151701
1; 1; 6046; 1432060790162147
1; 1; 7924; 1432060790172557
1; 1; 7753; 1432060790182972
1; 1; 11665; 1432060790193393
1; 1; 13545; 1432060790203804
1; 1; 13358; 1432060790214227
1; 1; 13179; 1432060790224644
1; 1; 21201; 1432060790235057
1; 1; 18975; 1432060790245476
1; 1; 14708; 1432060790255885
1; 1; 14522; 1432060790266314
1; 1; 16386; 1432060790276735
1; 1; 14175; 1432060790287138
1; 1; 13995; 1432060790297558
1; 1; 9723; 1432060790307973
1; 1; 7944; 1432060790318395
1; 1; 5721; 1432060790328808
1; 1; 5551; 1432060790339224
1; 1; 2137; 1432060790349644
1; 1; 4208; 1432060790360046
1; 1; 2137; 1432060790370476
1; 1; 2133; 1432060790380892
1; 1; 2155; 1432060790391287
1; 1; 2155; 1432060790401700
1; 1; 2156; 1432060790412117
1; 1; 4204; 1432060790422536
1; 1; 6049; 1432060790432979
1; 1; 3832; 1432060790443388
1; 1; 3651; 1432060790453807
1; 1; 5974; 1432060790464221
1; 1; 9893; 1432060790474639
1; 1; 7666; 1432060790485056
1; 1; 7941; 1432060790495471
1; 1; 3667; 1432060790505888
1; 1; 3490; 1432060790516306
1; 1; 3762; 1432060790526721
1; 1; 5631; 1432060790537139
1; 1; 3409; 1432060790547555
1; 1; 2154; 1432060790557949
1; 1; 4203; 1432060790568366
1; 1; 2131; 1432060790578815
1; 1; 6501; 1432060790589228
1; 1; 4278; 1432060790599641
1; 1; 4103; 1432060790610058
1; 1; 8474; 1432060790620472
1; 1; 4206; 1432060790630884
1; 1; 4016; 1432060790641314
1; 1; 3916; 1432060790651723
1; 0; 77834; 1432060790651728
1; 1; 10326; 1432060790662143
1; 1; 10418; 1432060790682978
1; 1; 12286; 1432060790693400
1; 1; 14171; 1432060790703803
1; 1; 8742; 1432060790714223
1; 1; 8583; 1432060790724642
1; 1; 8376; 1432060790735070
1; 1; 9111; 1432060790745476
1; 1; 13023; 1432060790755894
1; 1; 12856; 1432060790766304
1; 1; 11971; 1432060790776723
1; 1; 19944; 1432060790787184
1; 1; 23904; 1432060790797558
1; 1; 22534; 1432060790808015
1; 1; 20360; 1432060790818385
1; 1; 20179; 1432060790828809
1; 1; 16797; 1432060790839230
1; 1; 16617; 1432060790849644
1; 1; 22580; 1432060790860066
1; 1; 25357; 1432060790870476
1; 1; 23139; 1432060790880886
1; 1; 20918; 1432060790891308
1; 1; 27771; 1432060790901723
1; 1; 23497; 1432060790912139
1; 1; 21263; 1432060790922566
1; 1; 28129; 1432060790932984
1; 1; 27961; 1432060790943390
1; 1; 25735; 1432060790953808
1; 1; 22356; 1432060790964225
1; 1; 20128; 1432060790974643
1; 1; 17906; 1432060790985059
1; 1; 16576; 1432060790995478
1; 1; 20506; 1432060791005890
1; 1; 18275; 1432060791016308
1; 1; 20972; 1432060791026795
1; 1; 16700; 1432060791037209
1; 1; 16594; 1432060791047554
1; 1; 17307; 1432060791057980
1; 1; 13044; 1432060791068390
1; 1; 12862; 1432060791078807
1; 1; 13581; 1432060791089223
1; 1; 11356; 1432060791099640
1; 1; 11184; 1432060791110057
1; 1; 11897; 1432060791120478
1; 1; 9669; 1432060791130894
1; 1; 7444; 1432060791141311
1; 1; 6113; 1432060791151739
1; 1; 2161; 1432060791162147
1; 1; 4956; 1432060791172565
1; 1; 7728; 1432060791182976
1; 1; 9599; 1432060791193392
1; 1; 11467; 1432060791203811
1; 1; 16289; 1432060791214221
1; 1; 20204; 1432060791224643
1; 1; 20033; 1432060791235058
1; 1; 22796; 1432060791245474
1; 1; 22619; 1432060791255889
1; 1; 22443; 1432060791266306
1; 1; 21111; 1432060791276725
1; 1; 25034; 1432060791287140
1; 1; 22811; 1432060791297556
1; 1; 25577; 1432060791307970
1; 1; 27450; 1432060791318389
1; 1; 29317; 1432060791328810
1; 1; 25930; 1432060791339267
1; 1; 21681; 1432060791349639
1; 1; 21494; 1432060791360057
1; 1; 24254; 1432060791370481
1; 1; 28181; 1432060791380897
1; 1; 30046; 1432060791391314
1; 1; 28724; 1432060791401724
1; 1; 28598; 1432060791412144
1; 1; 28367; 1432060791422559
1; 1; 24993; 1432060791432973
1; 1; 20720; 1432060791443390
1; 1; 18578; 1432060791453762
1; 1; 17157; 1432060791464231
1; 1; 19040; 1432060791474639
1; 1; 18864; 1432060791485055
1; 1; 17536; 1432060791495471
1; 1; 13259; 1432060791505889
1; 1; 11032; 1432060791516310
1; 0; 237; 1432060791516317
1; 1; 9675; 1432060791526761
1; 1; 5254; 1432060791547563
1; 1; 5974; 1432060791557974
1; 1; 3753; 1432060791568389
1; 1; 9719; 1432060791578808
1; 1; 8388; 1432060791589224
1; 1; 6167; 1432060791599639
1; 1; 3939; 1432060791610058
1; 1; 6707; 1432060791620475
1; 1; 4485; 1432060791630888
1; 1; 2259; 1432060791641314
1; 1; 2977; 1432060791651732
1; 1; 7362; 1432060791662141
1; 1; 3087; 1432060791672562
1; 1; 3810; 1432060791682975
1; 1; 2344; 1432060791693389
1; 1; 2163; 1432060791703813
1; 1; 4207; 1432060791714209
1; 1; 1966; 1432060791724640
1; 1; 9986; 1432060791735055
1; 1; 14797; 1432060791745472
1; 1; 16681; 1432060791755884
1; 1; 12396; 1432060791766309
1; 1; 11066; 1432060791776729
1; 1; 6795; 1432060791787142
1; 1; 6614; 1432060791797563
1; 1; 9386; 1432060791807973
1; 1; 19453; 1432060791818390
1; 1; 17676; 1432060791828802
1; 1; 16346; 1432060791839223
1; 1; 12070; 1432060791849640
1; 1; 13946; 1432060791860058
1; 1; 10571; 1432060791870475
1; 1; 14487; 1432060791880890
1; 1; 14325; 1432060791891309
1; 1; 21188; 1432060791901723
1; 1; 23083; 1432060791912100
1; 1; 22576; 1432060791922861
1; 1; 21526; 1432060791932984
1; 1; 23439; 1432060791943360
1; 1; 23204; 1432060791953835
1; 1; 23949; 1432060791964229
1; 1; 23773; 1432060791974642
1; 1; 23596; 1432060791985059
1; 1; 20224; 1432060791995473
1; 1; 20053; 1432060792005890
1; 1; 15769; 1432060792016311
1; 1; 14444; 1432060792026724
1; 1; 12233; 1432060792037140
1; 1; 9976; 1432060792047590
1; 1; 6602; 1432060792057993
1; 1; 10536; 1432060792068392
1; 1; 12407; 1432060792078809
1; 1; 9030; 1432060792089229
1; 1; 6804; 1432060792099647
1; 1; 2536; 1432060792110059
1; 1; 2143; 1432060792120474
1; 1; 8105; 1432060792130895
1; 1; 3834; 1432060792141309
1; 1; 4542; 1432060792151729
1; 1; 6418; 1432060792162146
1; 1; 6254; 1432060792172544
1; 1; 9002; 1432060792182981
1; 1; 6783; 1432060792193392
1; 1; 6607; 1432060792203809
1; 1; 5346; 1432060792214225
1; 1; 7149; 1432060792224642
1; 1; 6971; 1432060792235059
1; 1; 5660; 1432060792245472
1; 1; 13662; 1432060792255889
1; 1; 9453; 1432060792266305
1; 1; 12150; 1432060792276728
1; 1; 16082; 1432060792287134
1; 1; 11801; 1432060792297556
1; 1; 12524; 1432060792307972
1; 1; 10302; 1432060792318389
1; 1; 12162; 1432060792328813
1; 1; 14942; 1432060792339222
1; 1; 12710; 1432060792349641
1; 1; 16620; 1432060792360066
1; 1; 21483; 1432060792370436
1; 1; 19220; 1432060792380891
1; 1; 21094; 1432060792391303
1; 1; 19762; 1432060792401724
1; 1; 23700; 1432060792412135
1; 1; 23504; 1432060792422559
1; 1; 28323; 1432060792432971
1; 1; 26095; 1432060792443394
1; 1; 25920; 1432060792453807
1; 1; 26654; 1432060792464222
1; 1; 24416; 1432060792474641
1; 1; 24233; 1432060792485059
1; 1; 22898; 1432060792495485
1; 1; 22723; 1432060792505900
1; 1; 18457; 1432060792516309
1; 0; 244; 1432060792516315
1; 1; 15031; 1432060792526774
1; 1; 14731; 1432060792547566
1; 1; 11371; 1432060792557969
1; 1; 11164; 1432060792568401
1; 1; 13035; 1432060792578821
1; 1; 15810; 1432060792589228
1; 1; 15635; 1432060792599644
1; 1; 17509; 1432060792610059
1; 1; 22326; 1432060792620472
1; 1; 20101; 1432060792630889
1; 1; 19926; 1432060792641305
1; 1; 22703; 1432060792651728
1; 1; 26610; 1432060792662141
1; 1; 24379; 1432060792672560
1; 1; 27129; 1432060792683005
1; 1; 24922; 1432060792693401
1; 1; 24743; 1432060792703820
1; 1; 25440; 1432060792714259
1; 1; 29386; 1432060792724652
1; 1; 31251; 1432060792735063
1; 1; 34025; 1432060792745478
1; 1; 31802; 1432060792755893
1; 1; 31616; 1432060792766318
1; 1; 32354; 1432060792776718
1; 1; 30125; 1432060792787142
1; 1; 36082; 1432060792797567
1; 1; 34789; 1432060792807980
1; 1; 32564; 1432060792818398
1; 1; 38507; 1432060792828804
1; 1; 39222; 1432060792839226
1; 1; 34949; 1432060792849642
1; 1; 34770; 1432060792860059
1; 1; 39592; 1432060792870471
1; 1; 37365; 1432060792880891
1; 1; 35141; 1432060792891309
1; 1; 42003; 1432060792901724
1; 1; 41828; 1432060792912139
1; 1; 43697; 1432060792922557
1; 1; 46469; 1432060792932975
1; 1; 44248; 1432060792943384
1; 1; 42013; 1432060792953809
1; 1; 42733; 1432060792964226
1; 1; 40513; 1432060792974638
1; 1; 42385; 1432060792985056
1; 1; 45338; 1432060792995473
1; 1; 42934; 1432060793005889
1; 1; 38648; 1432060793016311
1; 1; 39375; 1432060793026719
1; 1; 45340; 1432060793037138
1; 1; 49250; 1432060793047566
1; 1; 54063; 1432060793057982
1; 1; 51857; 1432060793068389
1; 1; 47585; 1432060793078804
1; 1; 50352; 1432060793089223
1; 1; 54264; 1432060793099638
1; 1; 54132; 1432060793110011
1; 1; 56843; 1432060793120482
1; 1; 52567; 1432060793130904
1; 1; 48756; 1432060793141309
1; 1; 47430; 1432060793151721
1; 1; 45265; 1432060793162145
1; 1; 42975; 1432060793172559
1; 1; 39591; 1432060793182984
1; 1; 43515; 1432060793193393
1; 1; 41297; 1432060793203808
1; 1; 46110; 1432060793214223
1; 1; 43884; 1432060793224643
1; 1; 45761; 1432060793235053
1; 1; 43976; 1432060793245477
1; 1; 41760; 1432060793255886
1; 1; 37482; 1432060793266307
1; 1; 33662; 1432060793276725
1; 1; 33482; 1432060793287139
1; 1; 35370; 1432060793297539
1; 1; 33576; 1432060793307974
1; 1; 37499; 1432060793318387
1; 1; 35263; 1432060793328815
1; 1; 35543; 1432060793339222
1; 1; 35379; 1432060793349630
1; 1; 31096; 1432060793360055
1; 1; 27270; 1432060793370471
1; 1; 23000; 1432060793380888
1; 1; 20767; 1432060793391313
1; 1; 25134; 1432060793401729
1; 1; 20855; 1432060793412150
1; 1; 24812; 1432060793422552
1; 0; 1038; 1432060793422558
1; 1; 27098; 1432060793432981
1; 1; 26750; 1432060793453811
1; 1; 22926; 1432060793464227
1; 1; 22759; 1432060793474634
1; 1; 22574; 1432060793485058
1; 1; 22844; 1432060793495475
1; 1; 20622; 1432060793505889
1; 1; 22491; 1432060793516307
1; 1; 18222; 1432060793526724
1; 1; 18048; 1432060793537135
1; 1; 15815; 1432060793547560
1; 1; 15639; 1432060793557976
1; 1; 23656; 1432060793568388
1; 1; 23480; 1432060793578807
1; 1; 21260; 1432060793589219
1; 1; 23128; 1432060793599638
1; 1; 31140; 1432060793610058
1; 1; 28919; 1432060793620473
1; 1; 30826; 1432060793630851
1; 1; 32656; 1432060793641312
1; 1; 28384; 1432060793651726
1; 1; 26162; 1432060793662140
1; 1; 21889; 1432060793672556
1; 1; 19661; 1432060793682978
1; 1; 17441; 1432060793693389
1; 1; 15213; 1432060793703810
1; 1; 17098; 1432060793714212
1; 1; 12815; 1432060793724640
1; 1; 14641; 1432060793735101
1; 1; 10412; 1432060793745474
1; 1; 6139; 1432060793755890
1; 1; 10060; 1432060793766307
1; 1; 7839; 1432060793776721
1; 1; 3564; 1432060793787139
1; 1; 4207; 1432060793797532
1; 1; 3523; 1432060793807974
1; 1; 2158; 1432060793818364
1; 1; 4266; 1432060793828785
1; 1; 4204; 1432060793839204
1; 1; 3999; 1432060793849646
1; 1; 3837; 1432060793860051
1; 1; 11845; 1432060793870472
1; 1; 9625; 1432060793880885
1; 1; 5344; 1432060793891310
1; 1; 2157; 1432060793901701
1; 1; 8443; 1432060793912145
1; 1; 12397; 1432060793922530
1; 1; 12197; 1432060793932968
1; 1; 9968; 1432060793943390
1; 1; 11772; 1432060793953873
1; 1; 15761; 1432060793964221
1; 1; 21726; 1432060793974640
1; 1; 25647; 1432060793985057
1; 1; 23425; 1432060793995470
1; 1; 25294; 1432060794005888
1; 1; 23069; 1432060794016307
1; 1; 20843; 1432060794026723
1; 1; 18620; 1432060794037138
1; 1; 16379; 1432060794047570
1; 1; 12122; 1432060794057973
1; 1; 9895; 1432060794068390
1; 1; 7669; 1432060794078809
1; 1; 9542; 1432060794089224
1; 1; 5273; 1432060794099640
1; 1; 3040; 1432060794110060
1; 1; 2874; 1432060794120473
1; 1; 2131; 1432060794130890
1; 1; 8097; 1432060794141308
1; 1; 7923; 1432060794151722
1; 1; 11842; 1432060794162139
1; 1; 9622; 1432060794172552
1; 1; 9437; 1432060794182977
1; 1; 7218; 1432060794193389
1; 1; 2943; 1432060794203806
1; 1; 4817; 1432060794214221
1; 1; 4638; 1432060794224639
1; 1; 2177; 1432060794235056
1; 1; 2158; 1432060794245448
1; 1; 4202; 1432060794255867
1; 0; 235; 1432060794255879
1; 1; 3962; 1432060794266349
1; 1; 2168; 1432060794287116
1; 1; 4202; 1432060794297537
1; 1; 4174; 1432060794307981
1; 1; 4192; 1432060794318383
1; 1; 8542; 1432060794328815
1; 1; 4283; 1432060794339221
1; 1; 4207; 1432060794349610
1; 1; 6049; 1432060794360057
1; 1; 2123; 1432060794370483
1; 1; 2156; 1432060794380867
1; 1; 2156; 1432060794391284
1; 1; 2158; 1432060794401701
1; 1; 123; 1432060794412144
1; 1; 5917; 1432060794422559
1; 1; 5743; 1432060794432972
1; 1; 9663; 1432060794443388
1; 1; 5390; 1432060794453807
1; 1; 2155; 1432060794464199
1; 1; 5943; 1432060794474638
1; 1; 9864; 1432060794485056
1; 1; 7640; 1432060794495473
1; 1; 5451; 1432060794505889
1; 1; 3188; 1432060794516307
1; 1; 5064; 1432060794526722
1; 1; 2796; 1432060794537177
1; 1; 8803; 1432060794547557
1; 1; 8592; 1432060794558009
1; 1; 4354; 1432060794568389
1; 1; 2155; 1432060794578782
1; 1; 6053; 1432060794589221
1; 1; 3828; 1432060794599639
1; 1; 9795; 1432060794610056
1; 1; 7570; 1432060794620473
1; 1; 5345; 1432060794630889
1; 1; 3922; 1432060794641312
1; 1; 7847; 1432060794651723
1; 1; 5616; 1432060794662147
1; 1; 2132; 1432060794672555
1; 1; 6052; 1432060794682972
1; 1; 2157; 1432060794693364
1; 1; 6050; 1432060794703806
1; 1; 9968; 1432060794714223
1; 1; 11843; 1432060794724638
1; 1; 17814; 1432060794735050
1; 1; 15585; 1432060794745471
1; 1; 15410; 1432060794755888
1; 1; 11133; 1432060794766307
1; 1; 8911; 1432060794776721
1; 1; 8731; 1432060794787143
1; 1; 8556; 1432060794797557
1; 1; 10426; 1432060794807976
1; 1; 12303; 1432060794818385
1; 1; 14170; 1432060794828807
1; 1; 13995; 1432060794839223
1; 1; 11769; 1432060794849640
1; 1; 10002; 1432060794860056
1; 1; 7753; 1432060794870488
1; 1; 7591; 1432060794880889
1; 1; 11510; 1432060794891307
1; 1; 7242; 1432060794901718
1; 1; 5016; 1432060794912143
1; 1; 8931; 1432060794922558
1; 0; 18363; 1432060794922564
1; 1; 4655; 1432060794932977
1; 1; 2156; 1432060794953785
1; 1; 2156; 1432060794964201
1; 1; 2154; 1432060794974616
1; 1; 5186; 1432060794985062
1; 1; 9111; 1432060794995473
1; 1; 6885; 1432060795005889
1; 1; 8757; 1432060795016306
1; 1; 6536; 1432060795026727
1; 1; 8427; 1432060795037146
1; 1; 12767; 1432060795047555
1; 1; 14645; 1432060795057968
1; 1; 16511; 1432060795068388
1; 1; 12235; 1432060795078807
1; 1; 10013; 1432060795089222
1; 1; 13930; 1432060795099641
1; 1; 15808; 1432060795110052
1; 1; 11531; 1432060795120473
1; 1; 19550; 1432060795130887
1; 1; 17320; 1432060795141306
1; 1; 15099; 1432060795151721
1; 1; 14922; 1432060795162138
1; 1; 16793; 1432060795172556
1; 1; 18666; 1432060795182974
1; 1; 16440; 1432060795193388
1; 1; 16288; 1432060795203807
1; 1; 20184; 1432060795214223
1; 1; 22057; 1432060795224637
1; 1; 17779; 1432060795235057
1; 1; 17607; 1432060795245469
1; 1; 19473; 1432060795255893
1; 1; 21347; 1432060795266306
1; 1; 23220; 1432060795276721
1; 1; 18952; 1432060795287136
1; 1; 14672; 1432060795297556
1; 1; 10395; 1432060795307977
1; 1; 10685; 1432060795318376
1; 1; 10495; 1432060795328803
1; 1; 8202; 1432060795339290
1; 1; 3995; 1432060795349642
1; 1; 7917; 1432060795360057
1; 1; 7741; 1432060795370472
1; 1; 5516; 1432060795380888
1; 1; 7385; 1432060795391307
1; 1; 11308; 1432060795401723
1; 1; 17282; 1432060795412134
1; 1; 19146; 1432060795422555
1; 1; 27161; 1432060795432972
1; 1; 22891; 1432060795443387
1; 1; 24756; 1432060795453807
1; 1; 25021; 1432060795464231
1; 1; 20756; 1432060795474641
1; 1; 16490; 1432060795485049
1; 1; 26537; 1432060795495483
1; 1; 28426; 1432060795505887
1; 1; 28243; 1432060795516305
1; 1; 26016; 1432060795526726
1; 1; 25836; 1432060795537146
1; 1; 27710; 1432060795547558
1; 1; 23440; 1432060795557972
1; 1; 23264; 1432060795568389
1; 1; 23084; 1432060795578807
1; 1; 22913; 1432060795589221
1; 1; 22710; 1432060795599662
1; 1; 22531; 1432060795610081
1; 1; 20331; 1432060795620473
1; 1; 20155; 1432060795630890
1; 1; 22023; 1432060795641310
1; 1; 21852; 1432060795651721
1; 1; 21676; 1432060795662137
1; 1; 23543; 1432060795672557
1; 1; 19272; 1432060795682973
1; 1; 15000; 1432060795693389
1; 0; 35898; 1432060795693395
1; 1; 25054; 1432060795703815
1; 1; 16520; 1432060795724637
1; 1; 14290; 1432060795735060
1; 1; 18213; 1432060795745473
1; 1; 15986; 1432060795755892
1; 1; 17859; 1432060795766307
1; 1; 23829; 1432060795776722
1; 1; 23650; 1432060795787140
1; 1; 29620; 1432060795797553
1; 1; 31498; 1432060795807974
1; 1; 31310; 1432060795818390
1; 1; 31136; 1432060795828806
1; 1; 26866; 1432060795839221
1; 1; 22587; 1432060795849641
1; 1; 18312; 1432060795860060
1; 1; 18139; 1432060795870474
1; 1; 15912; 1432060795880892
1; 1; 15738; 1432060795891307
1; 1; 17612; 1432060795901722
1; 1; 23578; 1432060795912139
1; 1; 23400; 1432060795922555
1; 1; 23228; 1432060795932968
1; 1; 25095; 1432060795943389
1; 1; 24918; 1432060795953808
1; 1; 24741; 1432060795964223
1; 1; 28663; 1432060795974638
1; 1; 24388; 1432060795985057
1; 1; 22163; 1432060795995474
1; 1; 17892; 1432060796005888
1; 1; 13617; 1432060796016306
1; 1; 15489; 1432060796026725
1; 1; 13269; 1432060796037140
1; 1; 11039; 1432060796047557
1; 1; 17006; 1432060796057974
1; 1; 14786; 1432060796068386
1; 1; 18703; 1432060796078806
1; 1; 20588; 1432060796089209
1; 1; 20400; 1432060796099639
1; 1; 20220; 1432060796110056
1; 1; 15946; 1432060796120475
1; 1; 18268; 1432060796130889
1; 1; 18089; 1432060796141308
1; 1; 15868; 1432060796151722
1; 1; 13642; 1432060796162139
1; 1; 11416; 1432060796172558
1; 1; 9194; 1432060796182973
1; 1; 9012; 1432060796193393
1; 1; 12933; 1432060796203808
1; 1; 9113; 1432060796214220
1; 1; 8929; 1432060796224644
1; 1; 6707; 1432060796235057
1; 1; 4482; 1432060796245474
1; 1; 8375; 1432060796255918
1; 1; 6178; 1432060796266307
1; 1; 4201; 1432060796276758
1; 1; 2156; 1432060796287117
1; 1; 2155; 1432060796297535
1; 1; 4006; 1432060796307972
1; 1; 5875; 1432060796318390
1; 1; 2155; 1432060796328783
1; 1; 6017; 1432060796339221
1; 1; 7888; 1432060796349639
1; 1; 5664; 1432060796360056
1; 1; 5739; 1432060796370472
1; 1; 7608; 1432060796380890
1; 1; 5383; 1432060796391306
1; 1; 5209; 1432060796401721
1; 1; 4203; 1432060796412116
1; 1; 6706; 1432060796422558
1; 1; 10630; 1432060796432973
1; 1; 14551; 1432060796443386
1; 1; 16418; 1432060796453807
1; 1; 16243; 1432060796464222
1; 1; 20162; 1432060796474639
1; 1; 17939; 1432060796485056
1; 1; 21794; 1432060796495533
1; 1; 29873; 1432060796505888
1; 1; 25602; 1432060796516303
1; 1; 33614; 1432060796526722
1; 1; 31391; 1432060796537139
1; 1; 31213; 1432060796547555
1; 1; 31041; 1432060796557968
1; 1; 32907; 1432060796568389
1; 1; 30715; 1432060796578772
1; 1; 32555; 1432060796589222
1; 1; 28286; 1432060796599632
1; 1; 28100; 1432060796610061
1; 1; 29979; 1432060796620471
1; 1; 29796; 1432060796630892
1; 1; 29621; 1432060796641308
1; 1; 31496; 1432060796651722
1; 1; 33367; 1432060796662139
1; 1; 31141; 1432060796672556
1; 1; 26870; 1432060796682969
1; 1; 22638; 1432060796693345
1; 1; 20369; 1432060796703809
1; 1; 20194; 1432060796714222
1; 0; 40411; 1432060796714228
1; 1; 17961; 1432060796724648
1; 1; 17612; 1432060796745477
1; 1; 17439; 1432060796755890
1; 1; 17262; 1432060796766307
1; 1; 15040; 1432060796776722
1; 1; 14862; 1432060796787139
1; 1; 18781; 1432060796797556
1; 1; 16558; 1432060796807972
1; 1; 20473; 1432060796818392
1; 1; 20298; 1432060796828807
1; 1; 13985; 1432060796839221
1; 1; 13841; 1432060796849637
1; 1; 11614; 1432060796860057
1; 1; 11404; 1432060796870474
1; 1; 11675; 1432060796880889
1; 1; 9446; 1432060796891307
1; 1; 13365; 1432060796901725
1; 1; 19340; 1432060796912134
1; 1; 17106; 1432060796922557
1; 1; 12835; 1432060796932972
1; 1; 10613; 1432060796943389
1; 1; 12481; 1432060796953808
1; 1; 8208; 1432060796964223
1; 1; 10516; 1432060796974653
1; 1; 10356; 1432060796985054
1; 1; 8575; 1432060796995475
1; 1; 10449; 1432060797005888
1; 1; 16418; 1432060797016304
1; 1; 12140; 1432060797026724
1; 1; 9917; 1432060797037140
1; 1; 17929; 1432060797047561
1; 1; 21794; 1432060797058030
1; 1; 19629; 1432060797068389
1; 1; 19456; 1432060797078803
1; 1; 23366; 1432060797089226
1; 1; 29350; 1432060797099639
1; 1; 27114; 1432060797110054
1; 1; 28985; 1432060797120472
1; 1; 32902; 1432060797130891
1; 1; 34775; 1432060797141306
1; 1; 38696; 1432060797151721
1; 1; 42618; 1432060797162136
1; 1; 46532; 1432060797172557
1; 1; 46355; 1432060797182973
1; 1; 44131; 1432060797193389
1; 1; 41908; 1432060797203804
1; 1; 37634; 1432060797214224
1; 1; 37459; 1432060797224639
1; 1; 41380; 1432060797235054
1; 1; 41201; 1432060797245471
1; 1; 38972; 1432060797255892
1; 1; 38797; 1432060797266307
1; 1; 34528; 1432060797276721
1; 1; 36403; 1432060797287137
1; 1; 36221; 1432060797297557
1; 1; 31947; 1432060797307973
1; 1; 29726; 1432060797318388
1; 1; 35693; 1432060797328809
1; 1; 35511; 1432060797339224
1; 1; 39424; 1432060797349648
1; 1; 37210; 1432060797360053
1; 1; 39078; 1432060797370475
1; 1; 42999; 1432060797380890
1; 1; 42820; 1432060797391309
1; 1; 42644; 1432060797401726
1; 1; 44516; 1432060797412138
1; 1; 44345; 1432060797422551
1; 1; 40069; 1432060797432972
1; 1; 43996; 1432060797443381
1; 1; 43811; 1432060797453806
1; 1; 43636; 1432060797464221
1; 1; 43454; 1432060797474644
1; 1; 39191; 1432060797485053
1; 1; 36971; 1432060797495461
1; 1; 34735; 1432060797505890
1; 1; 36604; 1432060797516309
1; 1; 42570; 1432060797526728
1; 1; 46943; 1432060797537139
1; 1; 42669; 1432060797547556
1; 1; 42491; 1432060797557974
1; 1; 40273; 1432060797568384
1; 1; 40090; 1432060797578807
1; 1; 37824; 1432060797589265
1; 1; 41785; 1432060797599639
1; 1; 37510; 1432060797610061
1; 1; 39384; 1432060797620474
1; 1; 41255; 1432060797630889
1; 1; 47226; 1432060797641304
1; 1; 44992; 1432060797651727
1; 1; 40726; 1432060797662139
1; 1; 44644; 1432060797672556
1; 1; 40377; 1432060797682969
1; 1; 40196; 1432060797693389
1; 1; 37964; 1432060797703811
1; 1; 33703; 1432060797714219
1; 1; 33519; 1432060797724641
1; 1; 35391; 1432060797735058
1; 1; 37265; 1432060797745472
1; 1; 32991; 1432060797755889
1; 1; 34861; 1432060797766308
1; 1; 30592; 1432060797776723
1; 1; 32464; 1432060797787137
1; 1; 30236; 1432060797797556
1; 1; 32106; 1432060797807975
1; 1; 27839; 1432060797818385
1; 1; 27652; 1432060797828811
1; 1; 23392; 1432060797839217
1; 1; 25254; 1432060797849644
1; 1; 20987; 1432060797860056
1; 1; 24903; 1432060797870474
1; 1; 22680; 1432060797880889
1; 1; 18404; 1432060797891308
1; 1; 20280; 1432060797901724
1; 1; 20100; 1432060797912142
1; 1; 19923; 1432060797922558
1; 1; 19749; 1432060797932972
1; 1; 21620; 1432060797943390
1; 1; 25537; 1432060797953807
1; 1; 23321; 1432060797964217
1; 1; 29281; 1432060797974639
1; 1; 33199; 1432060797985057
1; 1; 35073; 1432060797995473
1; 1; 36972; 1432060798005861
1; 1; 32674; 1432060798016303
1; 1; 32496; 1432060798026722
1; 1; 34365; 1432060798037139
1; 1; 34189; 1432060798047557
1; 1; 34010; 1432060798057973
1; 1; 39988; 1432060798068388
1; 1; 37756; 1432060798078804
1; 1; 39622; 1432060798089221
1; 1; 33305; 1432060798099640
1; 1; 26982; 1432060798110061
1; 1; 24759; 1432060798120474
1; 1; 22525; 1432060798130898
1; 1; 18254; 1432060798141315
1; 1; 13986; 1432060798151725
1; 1; 9714; 1432060798162143
1; 0; 17639; 1432060798162150
1; 1; 9533; 1432060798172564
1; 1; 121; 1432060798193397
1; 1; 180; 1432060798203855
1; 1; 918; 1432060798214293
1; 1; 122; 1432060798224689
1; 1; 128; 1432060798235062
1; 1; 3715; 1432060798245479
1; 1; 122; 1432060798255887
1; 1; 122; 1432060798266309
1; 1; 1659; 1432060798276727
1; 1; 4005; 1432060798287139
1; 1; 1637; 1432060798297556
1; 1; 2260; 1432060798307973
1; 1; 123; 1432060798318390
1; 1; 563; 1432060798328808
1; 1; 2372; 1432060798339223
1; 1; 122; 1432060798349639
1; 1; 121; 1432060798360058
1; 1; 122; 1432060798370475
1; 1; 1494; 1432060798380890
1; 1; 123; 1432060798391306
1; 1; 122; 1432060798401723
1; 1; 122; 1432060798412141
1; 1; 123; 1432060798422560
1; 1; 122; 1432060798432974
1; 1; 125; 1432060798443391
1; 1; 126; 1432060798453818
1; 1; 1477; 1432060798464234
1; 1; 1304; 1432060798474649
1; 1; 121; 1432060798485064
1; 1; 1771; 1432060798495477
1; 1; 121; 1432060798505892
1; 1; 120; 1432060798516309
1; 1; 893; 1432060798526729
1; 1; 125; 1432060798537145
