0; 0; 486; 1432057862757729
0; 0; 444; 1432057862764568
0; 0; 446; 1432057862777875
0; 0; 435; 1432057862784544
0; 0; 432; 1432057862791198
0; 0; 435; 1432057862797865
0; 0; 433; 1432057862804530
0; 0; 433; 1432057862811196
0; 0; 432; 1432057862817863
0; 0; 430; 1432057862824529
0; 0; 432; 1432057862831195
0; 0; 433; 1432057862837862
0; 0; 433; 1432057862844529
0; 0; 431; 1432057862851196
0; 0; 432; 1432057862857863
0; 0; 431; 1432057862864526
0; 0; 430; 1432057862871194
0; 0; 430; 1432057862877863
0; 0; 430; 1432057862884529
0; 0; 430; 1432057862891196
0; 0; 431; 1432057862897862
0; 0; 431; 1432057862904528
0; 0; 431; 1432057862911196
0; 0; 432; 1432057862917862
0; 0; 430; 1432057862924529
0; 0; 431; 1432057862931196
0; 0; 433; 1432057862937862
0; 0; 432; 1432057862944528
0; 0; 431; 1432057862951196
0; 0; 430; 1432057862957863
0; 0; 430; 1432057862964529
0; 0; 433; 1432057862971195
0; 0; 432; 1432057862977865
0; 0; 430; 1432057862984530
0; 0; 430; 1432057862991197
0; 0; 431; 1432057862997863
0; 0; 433; 1432057863004529
0; 0; 431; 1432057863011197
0; 0; 430; 1432057863017864
0; 0; 429; 1432057863024529
0; 0; 431; 1432057863031195
0; 0; 430; 1432057863037862
0; 0; 430; 1432057863044528
0; 0; 435; 1432057863051195
0; 0; 430; 1432057863057863
0; 0; 430; 1432057863064529
0; 0; 430; 1432057863071196
0; 0; 431; 1432057863077862
0; 0; 430; 1432057863084528
0; 0; 428; 1432057863091196
0; 0; 430; 1432057863097863
0; 0; 429; 1432057863104528
0; 0; 431; 1432057863111195
0; 0; 708; 1432057863117863
0; 0; 916; 1432057863124463
0; 0; 430; 1432057863131132
0; 0; 844; 1432057863137862
0; 0; 904; 1432057863144464
0; 0; 906; 1432057863151131
0; 0; 903; 1432057863157798
0; 0; 905; 1432057863164463
0; 0; 903; 1432057863171131
0; 0; 903; 1432057863177798
0; 0; 905; 1432057863184463
0; 0; 899; 1432057863191136
0; 0; 898; 1432057863197804
0; 0; 901; 1432057863204464
0; 0; 905; 1432057863211131
0; 0; 904; 1432057863217798
0; 0; 904; 1432057863224463
0; 0; 904; 1432057863231131
0; 0; 907; 1432057863237798
0; 0; 914; 1432057863244467
0; 0; 916; 1432057863251134
0; 0; 905; 1432057863257797
0; 0; 906; 1432057863264464
0; 0; 904; 1432057863271131
0; 0; 905; 1432057863277798
0; 0; 906; 1432057863284464
0; 0; 904; 1432057863291131
0; 0; 906; 1432057863297798
0; 0; 902; 1432057863304464
0; 0; 903; 1432057863311132
0; 0; 903; 1432057863317799
0; 0; 904; 1432057863324464
0; 0; 905; 1432057863331131
0; 0; 903; 1432057863337798
0; 0; 905; 1432057863344464
0; 0; 904; 1432057863351131
0; 0; 905; 1432057863357797
0; 0; 907; 1432057863364463
0; 0; 904; 1432057863371131
0; 0; 906; 1432057863377797
0; 0; 901; 1432057863384464
0; 0; 903; 1432057863391132
0; 0; 902; 1432057863397800
0; 0; 904; 1432057863404464
0; 0; 906; 1432057863411130
0; 0; 907; 1432057863417797
0; 0; 904; 1432057863424464
0; 0; 905; 1432057863431130
0; 0; 904; 1432057863437798
0; 0; 901; 1432057863444468
0; 0; 899; 1432057863451136
0; 0; 902; 1432057863457798
0; 0; 905; 1432057863464463
0; 0; 903; 1432057863471131
0; 0; 903; 1432057863477798
0; 0; 904; 1432057863484464
0; 0; 903; 1432057863491131
0; 0; 905; 1432057863497798
0; 0; 904; 1432057863504462
0; 0; 905; 1432057863511131
0; 0; 904; 1432057863517798
0; 0; 905; 1432057863524463
0; 0; 904; 1432057863531130
0; 0; 905; 1432057863537798
0; 0; 904; 1432057863544464
0; 0; 2400; 1432057863551159
0; 0; 3953; 1432057863557798
0; 0; 3431; 1432057863564465
0; 0; 4957; 1432057863571131
0; 0; 6482; 1432057863577798
0; 0; 8007; 1432057863584463
0; 0; 9538; 1432057863591126
0; 0; 11056; 1432057863597798
0; 0; 12585; 1432057863604464
0; 0; 14105; 1432057863611133
0; 0; 15634; 1432057863617798
0; 0; 17163; 1432057863624459
0; 0; 18684; 1432057863631131
0; 0; 20210; 1432057863637798
0; 0; 21736; 1432057863644463
0; 0; 23262; 1432057863651130
0; 0; 22741; 1432057863657794
0; 0; 22216; 1432057863664464
0; 0; 21691; 1432057863671131
0; 0; 21170; 1432057863677799
0; 0; 20646; 1432057863684464
0; 0; 20127; 1432057863691131
0; 0; 19600; 1432057863697798
0; 0; 21126; 1432057863704465
0; 0; 22651; 1432057863711131
0; 0; 22127; 1432057863717802
0; 0; 23662; 1432057863724459
0; 0; 25180; 1432057863731131
0; 0; 26724; 1432057863737798
0; 0; 30281; 1432057863744464
0; 0; 33852; 1432057863751131
0; 0; 35380; 1432057863757798
0; 0; 38951; 1432057863764468
0; 0; 42511; 1432057863771144
0; 0; 46092; 1432057863777804
0; 0; 49674; 1432057863784460
0; 0; 53249; 1432057863791134
0; 0; 56818; 1432057863797799
0; 0; 60406; 1432057863804465
0; 1; 87; 1432057863804471
1; 1; 124; 1432057863811142
1; 1; 122; 1432057863824473
1; 1; 124; 1432057863831133
1; 1; 122; 1432057863837873
1; 1; 124; 1432057863844542
1; 1; 123; 1432057863851134
1; 1; 122; 1432057863857804
1; 1; 143; 1432057863864475
1; 1; 136; 1432057863871164
1; 1; 129; 1432057863877821
1; 1; 122; 1432057863884473
1; 1; 123; 1432057863891134
1; 1; 122; 1432057863897800
1; 1; 123; 1432057863904466
1; 1; 124; 1432057863911133
1; 1; 122; 1432057863917800
1; 1; 122; 1432057863924466
1; 1; 124; 1432057863931132
1; 1; 121; 1432057863937799
1; 1; 122; 1432057863944465
1; 1; 121; 1432057863951132
1; 1; 122; 1432057863957799
1; 1; 127; 1432057863964465
1; 1; 126; 1432057863971133
1; 1; 121; 1432057863977799
1; 1; 122; 1432057863984465
1; 1; 123; 1432057863991133
1; 1; 124; 1432057863997800
1; 1; 121; 1432057864004465
1; 1; 123; 1432057864011134
1; 1; 122; 1432057864017800
1; 1; 125; 1432057864024465
1; 1; 123; 1432057864031133
1; 1; 122; 1432057864037800
1; 1; 124; 1432057864044465
1; 1; 120; 1432057864051133
1; 1; 124; 1432057864057799
1; 1; 122; 1432057864064465
1; 1; 123; 1432057864071134
1; 1; 129; 1432057864077800
1; 1; 122; 1432057864084467
1; 1; 123; 1432057864091133
1; 1; 184; 1432057864097800
1; 1; 123; 1432057864104465
1; 1; 122; 1432057864111133
1; 1; 121; 1432057864117800
1; 1; 122; 1432057864124465
1; 1; 127; 1432057864131124
1; 1; 122; 1432057864137803
1; 1; 122; 1432057864144466
1; 1; 123; 1432057864151133
1; 1; 121; 1432057864157816
1; 1; 547; 1432057864164465
1; 1; 122; 1432057864171131
1; 1; 538; 1432057864177799
1; 1; 539; 1432057864184463
1; 1; 537; 1432057864191131
1; 1; 538; 1432057864197797
1; 1; 567; 1432057864204463
1; 1; 536; 1432057864211131
1; 1; 531; 1432057864217798
1; 1; 536; 1432057864224463
1; 1; 538; 1432057864231131
1; 1; 537; 1432057864237798
1; 1; 538; 1432057864244464
1; 1; 531; 1432057864251131
1; 1; 536; 1432057864257797
1; 1; 537; 1432057864264464
1; 1; 538; 1432057864271131
1; 1; 539; 1432057864277798
1; 1; 535; 1432057864284462
1; 1; 539; 1432057864291130
1; 1; 538; 1432057864297798
1; 1; 537; 1432057864304463
1; 1; 531; 1432057864311132
1; 1; 536; 1432057864317798
1; 1; 533; 1432057864324464
1; 1; 532; 1432057864331131
1; 1; 538; 1432057864337797
1; 1; 532; 1432057864344464
1; 1; 533; 1432057864351131
1; 1; 534; 1432057864357797
1; 1; 536; 1432057864364464
1; 1; 501; 1432057864371163
1; 1; 534; 1432057864377798
1; 1; 532; 1432057864384463
1; 1; 534; 1432057864391130
1; 1; 534; 1432057864397798
1; 1; 534; 1432057864404463
1; 1; 569; 1432057864411131
1; 1; 534; 1432057864417798
1; 1; 534; 1432057864424463
1; 1; 535; 1432057864431130
1; 1; 599; 1432057864437798
1; 1; 2044; 1432057864444481
1; 1; 1977; 1432057864451136
1; 1; 5551; 1432057864457802
1; 1; 7082; 1432057864464463
1; 1; 10658; 1432057864471127
1; 1; 14227; 1432057864477798
1; 1; 17801; 1432057864484465
1; 1; 21379; 1432057864491127
1; 1; 24947; 1432057864497798
1; 1; 28522; 1432057864504464
1; 1; 32098; 1432057864511127
1; 1; 35668; 1432057864517797
1; 1; 39240; 1432057864524465
1; 1; 42817; 1432057864531126
1; 1; 46385; 1432057864537798
1; 1; 49962; 1432057864544462
1; 1; 53535; 1432057864551127
1; 1; 57106; 1432057864557798
1; 1; 60682; 1432057864564463
1; 1; 64259; 1432057864571128
1; 1; 67825; 1432057864577800
1; 1; 71404; 1432057864584463
1; 1; 74982; 1432057864591125
1; 1; 78548; 1432057864597798
1; 1; 82141; 1432057864604458
1; 1; 85697; 1432057864611129
1; 1; 89268; 1432057864617798
1; 1; 90800; 1432057864624460
1; 1; 92320; 1432057864631130
1; 1; 93842; 1432057864637799
1; 1; 95434; 1432057864644460
1; 1; 96894; 1432057864651132
1; 1; 98418; 1432057864657802
1; 1; 99951; 1432057864664459
0; 0; 429; 1432057864671130
0; 0; 433; 1432057864677867
0; 0; 428; 1432057864684540
0; 0; 429; 1432057864691199
0; 0; 429; 1432057864697865
0; 0; 431; 1432057864704529
0; 0; 431; 1432057864711200
0; 0; 430; 1432057864717866
0; 0; 429; 1432057864724531
0; 0; 428; 1432057864731196
0; 0; 430; 1432057864737866
0; 0; 431; 1432057864744532
0; 0; 430; 1432057864751199
0; 0; 437; 1432057864757867
0; 0; 429; 1432057864764531
0; 0; 430; 1432057864771196
0; 0; 430; 1432057864777863
0; 0; 429; 1432057864784529
0; 0; 429; 1432057864791195
0; 0; 429; 1432057864797864
0; 0; 428; 1432057864804529
0; 0; 430; 1432057864811196
0; 0; 429; 1432057864817864
0; 0; 428; 1432057864824529
0; 0; 431; 1432057864831196
0; 0; 429; 1432057864837864
0; 0; 430; 1432057864844529
0; 0; 429; 1432057864851196
0; 0; 431; 1432057864857864
0; 0; 428; 1432057864864530
0; 0; 431; 1432057864871196
0; 0; 431; 1432057864877869
0; 0; 429; 1432057864884530
0; 0; 431; 1432057864891197
0; 0; 431; 1432057864897868
0; 0; 428; 1432057864904531
0; 0; 770; 1432057864911197
0; 0; 430; 1432057864917798
0; 0; 431; 1432057864924494
0; 0; 430; 1432057864931198
0; 0; 430; 1432057864937862
0; 0; 429; 1432057864944529
0; 0; 435; 1432057864951196
0; 0; 430; 1432057864957874
0; 0; 429; 1432057864964529
0; 0; 434; 1432057864971197
0; 0; 428; 1432057864977863
0; 0; 429; 1432057864984528
0; 0; 433; 1432057864991195
0; 0; 429; 1432057864997863
0; 0; 437; 1432057865004531
0; 0; 429; 1432057865011204
0; 0; 428; 1432057865017863
0; 0; 431; 1432057865024529
0; 0; 429; 1432057865031196
0; 0; 428; 1432057865037864
0; 0; 439; 1432057865044534
0; 0; 432; 1432057865051207
0; 0; 432; 1432057865057864
0; 0; 430; 1432057865064530
0; 0; 429; 1432057865071197
0; 0; 439; 1432057865077862
0; 1; 64170; 1432057865077933
0; 0; 429; 1432057865084533
0; 0; 431; 1432057865097864
0; 0; 428; 1432057865104529
0; 0; 431; 1432057865111196
0; 0; 430; 1432057865117864
0; 0; 432; 1432057865124529
0; 0; 430; 1432057865131198
0; 0; 430; 1432057865137863
0; 0; 429; 1432057865144533
0; 0; 430; 1432057865151207
0; 0; 432; 1432057865157874
0; 0; 431; 1432057865164531
0; 0; 428; 1432057865171201
0; 0; 430; 1432057865177862
0; 0; 429; 1432057865184529
0; 0; 436; 1432057865191183
0; 0; 431; 1432057865197870
0; 0; 429; 1432057865204529
0; 0; 430; 1432057865211196
0; 0; 437; 1432057865217863
0; 0; 431; 1432057865224539
0; 0; 430; 1432057865231196
0; 0; 433; 1432057865237864
0; 0; 430; 1432057865244528
0; 0; 429; 1432057865251197
0; 0; 432; 1432057865257863
0; 0; 432; 1432057865264529
0; 0; 429; 1432057865271196
0; 0; 430; 1432057865277863
0; 0; 429; 1432057865284528
0; 0; 428; 1432057865291195
0; 0; 430; 1432057865297864
0; 0; 430; 1432057865304530
0; 0; 430; 1432057865311197
0; 0; 433; 1432057865317863
0; 0; 429; 1432057865324529
0; 0; 430; 1432057865331195
0; 0; 429; 1432057865337863
0; 0; 430; 1432057865344528
0; 0; 430; 1432057865351195
0; 0; 431; 1432057865357863
0; 0; 430; 1432057865364530
0; 0; 428; 1432057865371196
0; 0; 431; 1432057865377863
0; 0; 430; 1432057865384528
0; 0; 432; 1432057865391195
0; 0; 430; 1432057865397863
0; 0; 429; 1432057865404529
0; 0; 430; 1432057865411196
0; 0; 430; 1432057865417863
0; 0; 430; 1432057865424529
0; 0; 429; 1432057865431196
0; 0; 430; 1432057865437863
0; 0; 430; 1432057865444529
0; 0; 430; 1432057865451196
0; 0; 430; 1432057865457868
0; 0; 429; 1432057865464530
0; 0; 428; 1432057865471196
0; 0; 430; 1432057865477863
0; 0; 432; 1432057865484494
0; 0; 432; 1432057865491197
0; 0; 429; 1432057865497863
0; 0; 428; 1432057865504529
0; 0; 435; 1432057865511195
0; 0; 429; 1432057865517867
0; 0; 431; 1432057865524529
0; 0; 436; 1432057865531197
0; 0; 429; 1432057865537862
0; 0; 431; 1432057865544529
0; 0; 430; 1432057865551196
0; 0; 430; 1432057865557862
0; 0; 430; 1432057865564530
0; 0; 430; 1432057865571196
0; 0; 430; 1432057865577863
0; 0; 431; 1432057865584528
0; 0; 430; 1432057865591196
0; 0; 430; 1432057865597863
0; 0; 430; 1432057865604528
0; 0; 431; 1432057865611196
0; 0; 430; 1432057865617863
0; 0; 429; 1432057865624529
0; 0; 432; 1432057865631196
0; 0; 437; 1432057865637863
0; 0; 441; 1432057865644531
0; 0; 431; 1432057865651204
0; 0; 436; 1432057865657865
0; 0; 429; 1432057865664532
0; 0; 431; 1432057865671196
0; 0; 430; 1432057865677864
0; 0; 429; 1432057865684529
0; 0; 429; 1432057865691196
0; 0; 430; 1432057865697863
0; 0; 430; 1432057865704529
0; 0; 431; 1432057865711197
0; 0; 429; 1432057865717863
0; 0; 430; 1432057865724529
0; 0; 431; 1432057865731196
0; 0; 430; 1432057865737862
0; 0; 429; 1432057865744529
0; 0; 433; 1432057865751178
0; 0; 429; 1432057865757867
0; 0; 430; 1432057865764528
0; 0; 430; 1432057865771197
0; 0; 433; 1432057865777863
0; 0; 430; 1432057865784534
0; 0; 431; 1432057865791196
0; 0; 434; 1432057865797863
0; 0; 427; 1432057865804538
0; 0; 430; 1432057865811197
0; 0; 429; 1432057865817863
0; 0; 432; 1432057865824529
0; 0; 430; 1432057865831196
0; 0; 443; 1432057865837863
0; 0; 429; 1432057865844532
0; 0; 430; 1432057865851197
0; 0; 431; 1432057865857863
0; 0; 429; 1432057865864528
0; 0; 430; 1432057865871196
0; 0; 772; 1432057865877863
0; 0; 429; 1432057865884463
0; 0; 432; 1432057865891196
0; 0; 430; 1432057865897863
0; 0; 429; 1432057865904529
0; 0; 428; 1432057865911196
0; 0; 428; 1432057865917862
0; 0; 431; 1432057865924528
0; 0; 430; 1432057865931196
0; 0; 429; 1432057865937864
0; 0; 429; 1432057865944528
0; 0; 430; 1432057865951197
0; 0; 428; 1432057865957863
0; 0; 430; 1432057865964528
0; 0; 430; 1432057865971196
0; 0; 431; 1432057865977862
0; 0; 429; 1432057865984529
0; 0; 430; 1432057865991196
0; 0; 429; 1432057865997863
0; 0; 429; 1432057866004529
0; 0; 429; 1432057866011197
0; 0; 429; 1432057866017862
0; 0; 430; 1432057866024529
0; 0; 430; 1432057866031196
0; 0; 429; 1432057866037863
0; 0; 429; 1432057866044528
0; 0; 430; 1432057866051196
0; 0; 429; 1432057866057863
0; 0; 430; 1432057866064528
0; 0; 430; 1432057866071197
0; 0; 430; 1432057866077862
0; 0; 430; 1432057866084528
0; 0; 430; 1432057866091196
0; 0; 429; 1432057866097863
0; 0; 429; 1432057866104529
0; 0; 430; 1432057866111195
0; 0; 430; 1432057866117863
0; 0; 431; 1432057866124529
0; 0; 430; 1432057866131196
0; 0; 428; 1432057866137863
0; 0; 428; 1432057866144530
0; 0; 428; 1432057866151197
0; 0; 430; 1432057866157863
0; 0; 430; 1432057866164529
0; 0; 430; 1432057866171196
0; 0; 429; 1432057866177862
0; 0; 429; 1432057866184529
0; 0; 431; 1432057866191195
0; 0; 429; 1432057866197863
0; 0; 429; 1432057866204529
0; 0; 428; 1432057866211196
0; 0; 429; 1432057866217862
0; 0; 430; 1432057866224529
0; 0; 429; 1432057866231197
0; 0; 429; 1432057866237863
0; 0; 433; 1432057866244528
0; 0; 430; 1432057866251200
0; 0; 433; 1432057866257865
0; 0; 431; 1432057866264531
0; 0; 429; 1432057866271198
0; 0; 428; 1432057866277863
0; 0; 429; 1432057866284529
0; 0; 431; 1432057866291196
0; 0; 428; 1432057866297863
0; 0; 430; 1432057866304528
0; 0; 430; 1432057866311196
0; 1; 558; 1432057866311267
0; 0; 428; 1432057866317871
0; 0; 429; 1432057866331198
0; 0; 428; 1432057866337862
0; 0; 430; 1432057866344528
0; 0; 429; 1432057866351197
0; 0; 430; 1432057866357863
0; 0; 429; 1432057866364529
0; 0; 430; 1432057866371196
0; 0; 428; 1432057866377863
0; 0; 428; 1432057866384528
0; 0; 430; 1432057866391196
0; 0; 429; 1432057866397862
0; 0; 428; 1432057866404529
0; 0; 430; 1432057866411196
0; 0; 428; 1432057866417863
0; 0; 429; 1432057866424529
0; 0; 429; 1432057866431196
0; 0; 429; 1432057866437863
0; 0; 429; 1432057866444529
0; 0; 429; 1432057866451196
0; 0; 430; 1432057866457862
0; 0; 428; 1432057866464529
0; 0; 429; 1432057866471197
0; 0; 428; 1432057866477863
0; 0; 429; 1432057866484529
0; 0; 429; 1432057866491197
0; 0; 429; 1432057866497862
0; 0; 429; 1432057866504528
0; 0; 430; 1432057866511196
0; 0; 429; 1432057866517863
0; 0; 429; 1432057866524529
0; 0; 429; 1432057866531197
0; 0; 428; 1432057866537863
0; 0; 430; 1432057866544529
0; 0; 429; 1432057866551197
0; 0; 430; 1432057866557862
0; 0; 430; 1432057866564528
0; 0; 428; 1432057866571198
0; 0; 430; 1432057866577862
0; 0; 429; 1432057866584529
0; 0; 430; 1432057866591196
0; 0; 428; 1432057866597863
0; 0; 429; 1432057866604529
0; 0; 428; 1432057866611197
0; 0; 428; 1432057866617862
0; 0; 430; 1432057866624529
0; 0; 429; 1432057866631197
0; 0; 429; 1432057866637862
0; 0; 429; 1432057866644528
0; 0; 429; 1432057866651196
0; 0; 429; 1432057866657863
0; 0; 774; 1432057866664529
0; 0; 428; 1432057866671132
0; 0; 429; 1432057866677863
0; 0; 430; 1432057866684529
0; 0; 430; 1432057866691196
0; 0; 429; 1432057866697863
0; 0; 428; 1432057866704529
0; 0; 429; 1432057866711196
0; 0; 428; 1432057866717863
0; 0; 429; 1432057866724529
0; 0; 429; 1432057866731196
0; 0; 428; 1432057866737864
0; 0; 429; 1432057866744528
0; 0; 429; 1432057866751196
0; 0; 429; 1432057866757863
0; 0; 429; 1432057866764529
0; 0; 428; 1432057866771197
0; 0; 429; 1432057866777863
0; 0; 429; 1432057866784529
0; 0; 431; 1432057866791196
0; 0; 428; 1432057866797863
0; 0; 426; 1432057866804528
0; 0; 429; 1432057866811196
0; 0; 432; 1432057866817863
0; 0; 431; 1432057866824530
0; 0; 429; 1432057866831196
0; 0; 432; 1432057866837864
0; 0; 431; 1432057866844531
0; 0; 431; 1432057866851197
0; 0; 432; 1432057866857870
0; 1; 554; 1432057866857943
0; 0; 430; 1432057866864545
0; 0; 430; 1432057866877861
0; 0; 431; 1432057866884527
0; 0; 431; 1432057866891194
0; 0; 431; 1432057866897861
0; 0; 431; 1432057866904527
0; 0; 431; 1432057866911194
0; 0; 430; 1432057866917860
0; 0; 431; 1432057866924527
0; 0; 431; 1432057866931195
0; 0; 431; 1432057866937861
0; 0; 431; 1432057866944527
0; 0; 431; 1432057866951194
0; 0; 430; 1432057866957861
0; 0; 431; 1432057866964527
0; 0; 430; 1432057866971195
0; 0; 431; 1432057866977860
0; 0; 431; 1432057866984527
0; 0; 430; 1432057866991195
0; 0; 431; 1432057866997863
0; 0; 440; 1432057867004537
0; 0; 429; 1432057867011207
0; 0; 429; 1432057867017863
0; 0; 430; 1432057867024529
0; 0; 430; 1432057867031196
0; 0; 429; 1432057867037863
0; 0; 429; 1432057867044529
0; 0; 430; 1432057867051195
0; 0; 429; 1432057867057864
0; 0; 431; 1432057867064528
0; 0; 430; 1432057867071197
0; 0; 430; 1432057867077864
0; 0; 428; 1432057867084529
0; 0; 430; 1432057867091197
0; 0; 429; 1432057867097862
0; 0; 430; 1432057867104528
0; 0; 430; 1432057867111196
0; 0; 428; 1432057867117863
0; 0; 430; 1432057867124528
0; 0; 430; 1432057867131196
0; 0; 428; 1432057867137863
0; 0; 430; 1432057867144529
0; 0; 429; 1432057867151196
0; 0; 429; 1432057867157863
0; 0; 429; 1432057867164528
0; 0; 428; 1432057867171197
0; 0; 429; 1432057867177863
0; 0; 430; 1432057867184529
0; 0; 430; 1432057867191196
0; 0; 429; 1432057867197863
0; 0; 429; 1432057867204528
0; 0; 429; 1432057867211196
0; 0; 429; 1432057867217862
0; 0; 427; 1432057867224528
0; 0; 430; 1432057867231196
0; 0; 427; 1432057867237863
0; 0; 429; 1432057867244528
0; 0; 430; 1432057867251196
0; 0; 430; 1432057867257863
0; 0; 430; 1432057867264528
0; 0; 429; 1432057867271196
0; 0; 429; 1432057867277863
0; 0; 428; 1432057867284529
0; 0; 429; 1432057867291196
0; 0; 428; 1432057867297863
0; 0; 430; 1432057867304528
0; 0; 429; 1432057867311196
0; 0; 430; 1432057867317863
0; 0; 773; 1432057867324529
0; 0; 429; 1432057867331131
0; 0; 429; 1432057867337863
0; 0; 429; 1432057867344528
0; 0; 428; 1432057867351197
0; 0; 429; 1432057867357862
0; 0; 429; 1432057867364529
0; 0; 429; 1432057867371196
0; 0; 429; 1432057867377862
0; 0; 429; 1432057867384529
0; 0; 429; 1432057867391196
0; 0; 428; 1432057867397863
0; 0; 428; 1432057867404528
0; 0; 428; 1432057867411196
0; 0; 429; 1432057867417862
0; 0; 428; 1432057867424528
0; 0; 429; 1432057867431196
0; 0; 428; 1432057867437863
0; 0; 428; 1432057867444529
0; 0; 430; 1432057867451198
0; 0; 431; 1432057867457863
0; 0; 429; 1432057867464531
0; 0; 428; 1432057867471197
0; 0; 429; 1432057867477863
0; 0; 428; 1432057867484528
0; 0; 430; 1432057867491197
0; 0; 429; 1432057867497862
0; 0; 430; 1432057867504528
0; 0; 428; 1432057867511197
0; 0; 429; 1432057867517863
0; 0; 430; 1432057867524528
0; 0; 428; 1432057867531197
0; 0; 428; 1432057867537863
0; 0; 430; 1432057867544528
0; 0; 428; 1432057867551197
0; 0; 431; 1432057867557863
0; 0; 429; 1432057867564529
0; 0; 429; 1432057867571196
0; 0; 429; 1432057867577863
0; 0; 430; 1432057867584529
0; 0; 430; 1432057867591197
0; 0; 430; 1432057867597863
0; 0; 429; 1432057867604529
0; 0; 429; 1432057867611196
0; 0; 430; 1432057867617863
0; 0; 430; 1432057867624529
0; 0; 428; 1432057867631196
0; 0; 428; 1432057867637862
0; 0; 429; 1432057867644528
0; 0; 437; 1432057867651199
0; 0; 438; 1432057867657880
0; 0; 431; 1432057867664550
0; 0; 428; 1432057867671201
0; 0; 428; 1432057867677864
0; 0; 426; 1432057867684529
0; 0; 428; 1432057867691195
0; 0; 428; 1432057867697863
0; 0; 430; 1432057867704529
0; 0; 431; 1432057867711196
0; 0; 428; 1432057867717863
0; 0; 430; 1432057867724529
0; 0; 430; 1432057867731196
0; 0; 428; 1432057867737864
0; 0; 430; 1432057867744529
0; 0; 430; 1432057867751196
0; 0; 429; 1432057867757863
0; 0; 643; 1432057867764528
0; 0; 429; 1432057867771132
0; 0; 429; 1432057867777863
0; 0; 430; 1432057867784528
0; 0; 431; 1432057867791195
0; 0; 429; 1432057867797862
0; 0; 428; 1432057867804528
0; 0; 429; 1432057867811197
0; 0; 429; 1432057867817863
0; 0; 430; 1432057867824528
0; 0; 430; 1432057867831196
0; 0; 429; 1432057867837865
0; 0; 429; 1432057867844530
0; 0; 429; 1432057867851197
0; 0; 436; 1432057867857870
0; 0; 2224; 1432057867866442
0; 0; 1577; 1432057867871158
0; 0; 1067; 1432057867877817
0; 0; 557; 1432057867884468
0; 0; 432; 1432057867891132
0; 0; 432; 1432057867897864
0; 0; 431; 1432057867904529
0; 0; 432; 1432057867911195
0; 0; 429; 1432057867917862
0; 0; 431; 1432057867924529
0; 0; 429; 1432057867931197
0; 0; 428; 1432057867937863
0; 0; 430; 1432057867944529
0; 0; 430; 1432057867951197
0; 0; 428; 1432057867957864
0; 0; 429; 1432057867964528
0; 0; 429; 1432057867971197
0; 0; 429; 1432057867977862
0; 0; 428; 1432057867984529
0; 0; 430; 1432057867991197
0; 0; 429; 1432057867997863
0; 0; 428; 1432057868004528
0; 0; 429; 1432057868011197
0; 0; 429; 1432057868017862
0; 0; 725; 1432057868024585
0; 0; 432; 1432057868031140
0; 0; 429; 1432057868037868
0; 0; 429; 1432057868044530
0; 0; 429; 1432057868051197
0; 0; 430; 1432057868057863
0; 0; 429; 1432057868064529
0; 0; 429; 1432057868071196
0; 0; 429; 1432057868077862
0; 0; 429; 1432057868084528
0; 0; 430; 1432057868091196
0; 0; 429; 1432057868097863
0; 0; 429; 1432057868104529
0; 0; 429; 1432057868111196
0; 0; 428; 1432057868117862
0; 0; 429; 1432057868124528
0; 0; 429; 1432057868131196
0; 0; 429; 1432057868137862
0; 0; 429; 1432057868144528
0; 0; 428; 1432057868151197
0; 0; 429; 1432057868157863
0; 0; 430; 1432057868164528
0; 0; 429; 1432057868171195
0; 0; 429; 1432057868177862
0; 0; 428; 1432057868184528
0; 0; 430; 1432057868191197
0; 0; 430; 1432057868197862
0; 0; 429; 1432057868204528
0; 0; 430; 1432057868211196
0; 0; 429; 1432057868217862
0; 0; 430; 1432057868224529
0; 0; 429; 1432057868231196
0; 0; 429; 1432057868237862
0; 0; 431; 1432057868244528
0; 0; 429; 1432057868251197
0; 0; 429; 1432057868257863
0; 0; 429; 1432057868264529
0; 1; 559; 1432057868264599
0; 0; 429; 1432057868271204
0; 0; 430; 1432057868284530
0; 0; 430; 1432057868291196
0; 0; 429; 1432057868297862
0; 0; 428; 1432057868304529
0; 0; 428; 1432057868311196
0; 0; 428; 1432057868317862
0; 0; 428; 1432057868324528
0; 0; 429; 1432057868331196
0; 0; 428; 1432057868337863
0; 0; 430; 1432057868344528
0; 0; 429; 1432057868351197
0; 0; 429; 1432057868357863
0; 0; 429; 1432057868364528
0; 0; 428; 1432057868371196
0; 0; 428; 1432057868377863
0; 0; 428; 1432057868384528
0; 0; 428; 1432057868391197
0; 0; 428; 1432057868397862
0; 0; 430; 1432057868404528
0; 0; 429; 1432057868411197
0; 0; 428; 1432057868417863
0; 0; 429; 1432057868424529
0; 0; 429; 1432057868431196
0; 0; 429; 1432057868437863
0; 0; 429; 1432057868444529
0; 0; 429; 1432057868451197
0; 0; 442; 1432057868457874
0; 0; 428; 1432057868464537
0; 0; 458; 1432057868471197
0; 0; 430; 1432057868477865
0; 0; 429; 1432057868484530
0; 0; 429; 1432057868491196
0; 0; 429; 1432057868497862
0; 0; 429; 1432057868504528
0; 0; 429; 1432057868511197
0; 0; 427; 1432057868517863
0; 0; 430; 1432057868524528
0; 0; 429; 1432057868531196
0; 0; 430; 1432057868537863
0; 0; 429; 1432057868544529
0; 0; 428; 1432057868551196
0; 0; 430; 1432057868557863
0; 0; 431; 1432057868564536
0; 0; 430; 1432057868571204
0; 0; 429; 1432057868577863
0; 0; 429; 1432057868584529
0; 0; 429; 1432057868591196
0; 0; 429; 1432057868597863
0; 0; 777; 1432057868604528
0; 0; 428; 1432057868611132
0; 0; 428; 1432057868617863
0; 0; 428; 1432057868624528
0; 0; 429; 1432057868631196
0; 0; 429; 1432057868637863
0; 0; 429; 1432057868644529
0; 0; 428; 1432057868651197
0; 0; 429; 1432057868657862
0; 0; 429; 1432057868664529
0; 0; 429; 1432057868671197
0; 0; 428; 1432057868677863
0; 0; 428; 1432057868684530
0; 0; 430; 1432057868691197
0; 0; 427; 1432057868697863
0; 0; 432; 1432057868704528
0; 0; 428; 1432057868711198
0; 0; 430; 1432057868717863
0; 0; 431; 1432057868724528
0; 0; 429; 1432057868731196
0; 0; 431; 1432057868737863
0; 0; 428; 1432057868744531
0; 0; 429; 1432057868751196
0; 0; 429; 1432057868757863
0; 0; 429; 1432057868764528
0; 0; 430; 1432057868771196
0; 0; 428; 1432057868777863
0; 0; 429; 1432057868784529
0; 0; 429; 1432057868791196
0; 0; 428; 1432057868797863
0; 0; 429; 1432057868804528
0; 0; 430; 1432057868811196
0; 0; 428; 1432057868817863
0; 0; 428; 1432057868824528
0; 0; 428; 1432057868831196
0; 0; 431; 1432057868837864
0; 0; 429; 1432057868844530
0; 0; 429; 1432057868851197
0; 0; 428; 1432057868857864
0; 0; 430; 1432057868864528
0; 0; 431; 1432057868871196
0; 0; 429; 1432057868877863
0; 0; 428; 1432057868884530
0; 0; 428; 1432057868891196
0; 0; 429; 1432057868897863
0; 0; 430; 1432057868904528
0; 0; 430; 1432057868911196
0; 0; 429; 1432057868917863
0; 0; 429; 1432057868924528
0; 0; 429; 1432057868931197
0; 0; 431; 1432057868937862
0; 0; 430; 1432057868944528
0; 0; 429; 1432057868951196
0; 0; 429; 1432057868957863
0; 0; 429; 1432057868964528
0; 0; 431; 1432057868971196
0; 0; 428; 1432057868977863
0; 0; 429; 1432057868984529
0; 0; 429; 1432057868991195
0; 0; 429; 1432057868997863
0; 0; 431; 1432057869004528
0; 0; 430; 1432057869011199
0; 0; 427; 1432057869017864
0; 0; 429; 1432057869024528
0; 0; 428; 1432057869031197
0; 0; 431; 1432057869037862
0; 0; 428; 1432057869044528
0; 0; 430; 1432057869051196
0; 0; 429; 1432057869057863
0; 0; 434; 1432057869064530
0; 0; 432; 1432057869071201
0; 0; 724; 1432057869077866
0; 0; 431; 1432057869084464
0; 0; 431; 1432057869091197
0; 0; 428; 1432057869097863
0; 0; 431; 1432057869104528
0; 0; 430; 1432057869111197
0; 0; 430; 1432057869117863
0; 0; 429; 1432057869124529
0; 0; 433; 1432057869131196
0; 0; 430; 1432057869137864
0; 0; 429; 1432057869144530
0; 0; 428; 1432057869151197
0; 0; 430; 1432057869157863
0; 0; 429; 1432057869164529
0; 0; 430; 1432057869171196
0; 0; 428; 1432057869177863
0; 0; 430; 1432057869184528
0; 0; 430; 1432057869191196
0; 0; 429; 1432057869197863
0; 0; 430; 1432057869204529
0; 0; 431; 1432057869211196
0; 0; 428; 1432057869217864
0; 0; 432; 1432057869224528
0; 0; 428; 1432057869231196
0; 0; 431; 1432057869237862
0; 0; 429; 1432057869244529
0; 0; 428; 1432057869251196
0; 0; 430; 1432057869257862
0; 0; 429; 1432057869264529
0; 0; 429; 1432057869271196
0; 0; 429; 1432057869277863
0; 0; 429; 1432057869284528
0; 0; 430; 1432057869291197
0; 0; 429; 1432057869297862
0; 0; 429; 1432057869304529
0; 0; 429; 1432057869311197
0; 0; 429; 1432057869317863
0; 0; 429; 1432057869324528
0; 1; 560; 1432057869324599
0; 0; 429; 1432057869331204
0; 0; 429; 1432057869344530
0; 0; 429; 1432057869351196
0; 0; 429; 1432057869357863
0; 0; 429; 1432057869364528
0; 0; 430; 1432057869371196
0; 0; 429; 1432057869377863
0; 0; 430; 1432057869384528
0; 0; 428; 1432057869391196
0; 0; 430; 1432057869397861
0; 0; 429; 1432057869404528
0; 0; 429; 1432057869411196
0; 0; 428; 1432057869417863
0; 0; 429; 1432057869424529
0; 0; 429; 1432057869431196
0; 0; 431; 1432057869437863
0; 0; 429; 1432057869444528
0; 0; 429; 1432057869451196
0; 0; 429; 1432057869457863
0; 0; 430; 1432057869464528
0; 0; 430; 1432057869471197
0; 0; 429; 1432057869477863
0; 0; 428; 1432057869484529
0; 0; 430; 1432057869491196
0; 0; 429; 1432057869497862
0; 0; 430; 1432057869504528
0; 0; 430; 1432057869511196
0; 0; 428; 1432057869517864
0; 0; 429; 1432057869524528
0; 0; 771; 1432057869531198
0; 0; 429; 1432057869537799
0; 0; 428; 1432057869544528
0; 0; 429; 1432057869551197
0; 0; 428; 1432057869557863
0; 0; 429; 1432057869564532
0; 0; 431; 1432057869571196
0; 0; 428; 1432057869577863
0; 0; 429; 1432057869584529
0; 0; 429; 1432057869591196
0; 0; 429; 1432057869597863
0; 0; 429; 1432057869604529
0; 0; 429; 1432057869611196
0; 0; 428; 1432057869617863
0; 0; 430; 1432057869624527
0; 0; 429; 1432057869631196
0; 0; 429; 1432057869637862
0; 0; 429; 1432057869644529
0; 0; 429; 1432057869651196
0; 0; 429; 1432057869657863
0; 0; 429; 1432057869664529
0; 0; 432; 1432057869671197
0; 0; 429; 1432057869677866
0; 0; 429; 1432057869684529
0; 0; 430; 1432057869691195
0; 0; 429; 1432057869697862
0; 0; 431; 1432057869704528
0; 0; 429; 1432057869711197
0; 0; 428; 1432057869717863
0; 0; 429; 1432057869724529
0; 0; 429; 1432057869731196
0; 0; 429; 1432057869737863
0; 0; 429; 1432057869744529
0; 0; 429; 1432057869751197
0; 0; 429; 1432057869757862
0; 0; 428; 1432057869764529
0; 0; 429; 1432057869771198
0; 0; 428; 1432057869777865
0; 0; 431; 1432057869784529
0; 0; 429; 1432057869791197
0; 0; 431; 1432057869797867
0; 0; 432; 1432057869804533
0; 0; 429; 1432057869811199
0; 0; 429; 1432057869817863
0; 0; 428; 1432057869824529
0; 0; 430; 1432057869831196
0; 0; 429; 1432057869837865
0; 0; 430; 1432057869844530
0; 0; 429; 1432057869851197
0; 0; 429; 1432057869857863
0; 0; 429; 1432057869864529
0; 0; 431; 1432057869871196
0; 0; 428; 1432057869877863
0; 0; 429; 1432057869884528
0; 0; 430; 1432057869891198
0; 0; 429; 1432057869897862
0; 0; 430; 1432057869904531
0; 0; 430; 1432057869911198
0; 0; 431; 1432057869917866
0; 0; 430; 1432057869924532
0; 0; 430; 1432057869931197
0; 0; 431; 1432057869937863
0; 0; 430; 1432057869944528
0; 0; 429; 1432057869951196
0; 0; 429; 1432057869957862
0; 0; 428; 1432057869964529
0; 0; 430; 1432057869971196
0; 0; 429; 1432057869977863
0; 0; 429; 1432057869984530
0; 0; 429; 1432057869991196
0; 0; 428; 1432057869997863
0; 0; 428; 1432057870004528
0; 0; 430; 1432057870011196
0; 0; 429; 1432057870017868
0; 0; 429; 1432057870024535
0; 0; 429; 1432057870031196
0; 0; 430; 1432057870037863
0; 0; 428; 1432057870044529
0; 0; 430; 1432057870051197
0; 0; 430; 1432057870057863
0; 0; 430; 1432057870064530
0; 0; 430; 1432057870071197
0; 0; 773; 1432057870077862
0; 0; 428; 1432057870084465
0; 0; 430; 1432057870091196
0; 0; 429; 1432057870097863
0; 0; 430; 1432057870104529
0; 0; 429; 1432057870111197
0; 0; 428; 1432057870117863
0; 0; 429; 1432057870124528
0; 0; 431; 1432057870131196
0; 0; 431; 1432057870137862
0; 0; 429; 1432057870144530
0; 0; 429; 1432057870151197
0; 0; 428; 1432057870157863
0; 0; 428; 1432057870164529
0; 0; 430; 1432057870171196
0; 0; 429; 1432057870177863
0; 0; 429; 1432057870184528
0; 0; 428; 1432057870191196
0; 0; 429; 1432057870197863
0; 0; 429; 1432057870204528
0; 0; 428; 1432057870211197
0; 0; 434; 1432057870217865
0; 0; 430; 1432057870224533
0; 0; 430; 1432057870231198
0; 0; 431; 1432057870237863
0; 0; 439; 1432057870244537
0; 0; 429; 1432057870251209
0; 0; 430; 1432057870257863
0; 0; 429; 1432057870264530
0; 0; 431; 1432057870271203
0; 0; 429; 1432057870277870
0; 0; 428; 1432057870284529
0; 0; 429; 1432057870291197
0; 0; 428; 1432057870297863
0; 0; 430; 1432057870304528
0; 0; 429; 1432057870311197
0; 0; 428; 1432057870317863
0; 0; 429; 1432057870324528
0; 0; 429; 1432057870331196
0; 0; 429; 1432057870337864
0; 0; 428; 1432057870344530
0; 0; 430; 1432057870351197
0; 0; 429; 1432057870357863
0; 0; 428; 1432057870364530
0; 0; 429; 1432057870371197
0; 0; 429; 1432057870377865
0; 1; 559; 1432057870377936
0; 0; 428; 1432057870384537
0; 0; 430; 1432057870397863
0; 0; 428; 1432057870404530
0; 0; 429; 1432057870411196
0; 0; 429; 1432057870417863
0; 0; 430; 1432057870424529
0; 0; 430; 1432057870431196
0; 0; 429; 1432057870437864
0; 0; 429; 1432057870444529
0; 0; 430; 1432057870451197
0; 0; 429; 1432057870457864
0; 0; 430; 1432057870464529
0; 0; 430; 1432057870471197
0; 0; 431; 1432057870477866
0; 0; 430; 1432057870484531
0; 0; 430; 1432057870491197
0; 0; 429; 1432057870497863
0; 0; 431; 1432057870504529
0; 0; 429; 1432057870511197
0; 0; 429; 1432057870517863
0; 0; 429; 1432057870524529
0; 0; 428; 1432057870531197
0; 0; 431; 1432057870537862
0; 0; 432; 1432057870544530
0; 0; 429; 1432057870551199
0; 0; 430; 1432057870557863
0; 0; 428; 1432057870564529
0; 0; 430; 1432057870571196
0; 0; 429; 1432057870577862
0; 0; 428; 1432057870584529
0; 0; 429; 1432057870591196
0; 0; 430; 1432057870597862
0; 0; 428; 1432057870604528
0; 0; 429; 1432057870611196
0; 0; 430; 1432057870617862
0; 0; 429; 1432057870624529
0; 0; 429; 1432057870631196
0; 0; 429; 1432057870637864
0; 0; 430; 1432057870644531
0; 0; 428; 1432057870651197
0; 0; 430; 1432057870657862
0; 0; 429; 1432057870664532
0; 0; 432; 1432057870671201
0; 0; 427; 1432057870677866
0; 0; 427; 1432057870684528
0; 0; 428; 1432057870691195
0; 0; 427; 1432057870697862
0; 0; 427; 1432057870704528
0; 0; 429; 1432057870711195
0; 0; 428; 1432057870717862
0; 0; 429; 1432057870724528
0; 0; 429; 1432057870731196
0; 0; 429; 1432057870737863
0; 0; 429; 1432057870744528
0; 0; 430; 1432057870751196
0; 0; 428; 1432057870757863
0; 0; 429; 1432057870764528
0; 0; 431; 1432057870771196
0; 0; 429; 1432057870777862
0; 0; 432; 1432057870784531
0; 0; 430; 1432057870791200
0; 0; 430; 1432057870797863
0; 0; 429; 1432057870804529
0; 0; 438; 1432057870811203
0; 0; 430; 1432057870817875
0; 0; 430; 1432057870824533
0; 0; 430; 1432057870831196
0; 0; 433; 1432057870837864
0; 0; 429; 1432057870844532
0; 0; 429; 1432057870851196
0; 0; 430; 1432057870857862
0; 0; 430; 1432057870864529
0; 0; 430; 1432057870871196
0; 0; 430; 1432057870877869
0; 0; 891; 1432057870884551
0; 0; 440; 1432057870891176
0; 0; 439; 1432057870897878
0; 0; 434; 1432057870904542
0; 0; 434; 1432057870911201
0; 0; 430; 1432057870917863
0; 0; 431; 1432057870924527
0; 0; 430; 1432057870931196
0; 0; 432; 1432057870937861
0; 0; 426; 1432057870944529
0; 0; 431; 1432057870951200
0; 0; 429; 1432057870957867
0; 0; 429; 1432057870964528
0; 0; 429; 1432057870971197
0; 0; 430; 1432057870977863
0; 0; 429; 1432057870984529
0; 0; 429; 1432057870991196
0; 0; 428; 1432057870997862
0; 0; 429; 1432057871004528
0; 0; 430; 1432057871011197
0; 0; 430; 1432057871017863
0; 0; 429; 1432057871024530
0; 0; 429; 1432057871031197
0; 0; 428; 1432057871037863
0; 0; 429; 1432057871044528
0; 0; 428; 1432057871051197
0; 0; 430; 1432057871057862
0; 0; 430; 1432057871064528
0; 0; 430; 1432057871071196
0; 0; 429; 1432057871077863
0; 0; 429; 1432057871084529
0; 0; 429; 1432057871091196
0; 0; 430; 1432057871097862
0; 0; 429; 1432057871104529
0; 0; 429; 1432057871111196
0; 0; 430; 1432057871117862
0; 0; 775; 1432057871124528
0; 0; 429; 1432057871131131
0; 0; 429; 1432057871137863
0; 0; 430; 1432057871144529
0; 0; 430; 1432057871151196
0; 0; 430; 1432057871157863
0; 0; 429; 1432057871164529
0; 0; 430; 1432057871171196
0; 0; 430; 1432057871177863
0; 0; 429; 1432057871184529
0; 0; 428; 1432057871191196
0; 0; 428; 1432057871197863
0; 0; 428; 1432057871204528
0; 0; 429; 1432057871211196
0; 0; 429; 1432057871217863
0; 0; 430; 1432057871224530
0; 0; 429; 1432057871231197
0; 0; 428; 1432057871237863
0; 0; 429; 1432057871244529
0; 0; 430; 1432057871251196
0; 0; 428; 1432057871257863
0; 0; 429; 1432057871264529
0; 0; 430; 1432057871271196
0; 0; 428; 1432057871277863
0; 0; 429; 1432057871284528
0; 0; 429; 1432057871291196
0; 0; 427; 1432057871297863
0; 0; 429; 1432057871304529
0; 0; 429; 1432057871311196
0; 0; 428; 1432057871317863
0; 0; 428; 1432057871324528
0; 0; 429; 1432057871331196
0; 0; 428; 1432057871337863
0; 0; 430; 1432057871344528
0; 0; 429; 1432057871351196
0; 0; 429; 1432057871357863
0; 0; 429; 1432057871364529
0; 0; 430; 1432057871371196
0; 0; 428; 1432057871377863
0; 0; 429; 1432057871384529
0; 0; 429; 1432057871391196
0; 0; 428; 1432057871397863
0; 0; 429; 1432057871404528
0; 0; 429; 1432057871411196
0; 0; 429; 1432057871417862
0; 1; 566; 1432057871417933
0; 0; 430; 1432057871424537
0; 0; 429; 1432057871437862
0; 0; 429; 1432057871444529
0; 0; 428; 1432057871451196
0; 0; 428; 1432057871457864
0; 0; 429; 1432057871464528
0; 0; 429; 1432057871471197
0; 0; 430; 1432057871477865
0; 0; 429; 1432057871484530
0; 0; 429; 1432057871491197
0; 0; 430; 1432057871497862
0; 0; 429; 1432057871504530
0; 0; 429; 1432057871511196
0; 0; 429; 1432057871517863
0; 0; 429; 1432057871524530
0; 0; 429; 1432057871531196
0; 0; 430; 1432057871537863
0; 0; 429; 1432057871544528
0; 0; 428; 1432057871551197
0; 0; 430; 1432057871557862
0; 0; 428; 1432057871564529
0; 0; 429; 1432057871571196
0; 0; 428; 1432057871577863
0; 0; 429; 1432057871584529
0; 0; 429; 1432057871591196
0; 0; 428; 1432057871597862
0; 0; 430; 1432057871604528
0; 0; 429; 1432057871611197
0; 0; 430; 1432057871617863
0; 0; 429; 1432057871624529
0; 0; 428; 1432057871631196
0; 0; 430; 1432057871637863
0; 0; 431; 1432057871644528
0; 0; 429; 1432057871651196
0; 0; 429; 1432057871657863
0; 0; 428; 1432057871664529
0; 0; 429; 1432057871671196
0; 0; 428; 1432057871677862
0; 0; 429; 1432057871684528
0; 0; 430; 1432057871691195
0; 0; 430; 1432057871697862
0; 0; 429; 1432057871704529
0; 0; 428; 1432057871711196
0; 0; 429; 1432057871717863
0; 0; 428; 1432057871724529
0; 0; 429; 1432057871731196
0; 0; 429; 1432057871737863
0; 0; 429; 1432057871744528
0; 0; 428; 1432057871751195
0; 0; 429; 1432057871757862
0; 0; 428; 1432057871764529
0; 0; 430; 1432057871771196
0; 0; 428; 1432057871777863
0; 0; 429; 1432057871784528
0; 0; 429; 1432057871791196
0; 0; 429; 1432057871797862
0; 0; 775; 1432057871804528
0; 0; 429; 1432057871811130
0; 0; 429; 1432057871817863
0; 0; 429; 1432057871824528
0; 0; 429; 1432057871831195
0; 0; 432; 1432057871837863
0; 0; 429; 1432057871844530
0; 0; 430; 1432057871851197
0; 0; 428; 1432057871857863
0; 0; 428; 1432057871864528
0; 0; 431; 1432057871871196
0; 0; 428; 1432057871877863
0; 0; 431; 1432057871884528
0; 0; 429; 1432057871891197
0; 0; 428; 1432057871897862
0; 0; 429; 1432057871904528
0; 0; 428; 1432057871911197
0; 0; 430; 1432057871917863
0; 0; 429; 1432057871924530
0; 0; 429; 1432057871931196
0; 0; 429; 1432057871937863
0; 0; 430; 1432057871944529
0; 0; 430; 1432057871951196
0; 0; 429; 1432057871957863
0; 0; 429; 1432057871964529
0; 0; 430; 1432057871971195
0; 0; 428; 1432057871977868
0; 0; 429; 1432057871984535
0; 0; 428; 1432057871991197
0; 0; 429; 1432057871997863
0; 0; 428; 1432057872004527
0; 0; 430; 1432057872011196
0; 0; 429; 1432057872017862
0; 0; 429; 1432057872024529
0; 0; 428; 1432057872031197
0; 0; 430; 1432057872037863
0; 0; 429; 1432057872044528
0; 0; 430; 1432057872051196
0; 0; 428; 1432057872057863
0; 0; 429; 1432057872064530
0; 0; 430; 1432057872071197
0; 0; 433; 1432057872077864
0; 0; 432; 1432057872084534
0; 0; 430; 1432057872091199
0; 0; 431; 1432057872097863
0; 0; 429; 1432057872104529
0; 0; 428; 1432057872111196
0; 0; 431; 1432057872117863
0; 0; 430; 1432057872124528
0; 1; 560; 1432057872124599
0; 0; 428; 1432057872131205
0; 0; 430; 1432057872144528
0; 0; 431; 1432057872151196
0; 0; 430; 1432057872157863
0; 0; 429; 1432057872164529
0; 0; 429; 1432057872171196
0; 0; 430; 1432057872177862
0; 0; 429; 1432057872184529
0; 0; 428; 1432057872191196
0; 0; 429; 1432057872197863
0; 0; 430; 1432057872204529
0; 0; 429; 1432057872211197
0; 0; 430; 1432057872217863
0; 0; 430; 1432057872224528
0; 0; 430; 1432057872231196
0; 0; 429; 1432057872237862
0; 0; 429; 1432057872244529
0; 0; 432; 1432057872251196
0; 0; 429; 1432057872257864
0; 0; 430; 1432057872264528
0; 0; 429; 1432057872271196
0; 0; 430; 1432057872277863
0; 0; 432; 1432057872284529
0; 0; 430; 1432057872291198
0; 0; 428; 1432057872297863
0; 0; 429; 1432057872304528
0; 0; 429; 1432057872311196
0; 0; 431; 1432057872317862
0; 0; 429; 1432057872324528
0; 0; 430; 1432057872331196
0; 0; 429; 1432057872337862
0; 0; 429; 1432057872344529
0; 0; 431; 1432057872351196
0; 0; 429; 1432057872357863
0; 0; 430; 1432057872364529
0; 0; 429; 1432057872371196
0; 0; 430; 1432057872377863
0; 0; 430; 1432057872384528
0; 0; 429; 1432057872391196
0; 0; 429; 1432057872397863
0; 0; 429; 1432057872404529
0; 0; 430; 1432057872411198
0; 0; 431; 1432057872417864
0; 0; 429; 1432057872424530
0; 0; 428; 1432057872431197
0; 0; 430; 1432057872437865
0; 0; 429; 1432057872444530
0; 0; 434; 1432057872451211
0; 0; 429; 1432057872457867
0; 0; 430; 1432057872464530
0; 0; 430; 1432057872471196
0; 0; 428; 1432057872477864
0; 0; 430; 1432057872484528
0; 0; 430; 1432057872491197
0; 0; 433; 1432057872497866
0; 0; 430; 1432057872504534
0; 0; 430; 1432057872511198
0; 0; 430; 1432057872517863
0; 0; 432; 1432057872524533
0; 0; 428; 1432057872531201
0; 0; 431; 1432057872537863
0; 0; 430; 1432057872544531
0; 0; 431; 1432057872551196
0; 0; 429; 1432057872557864
0; 0; 428; 1432057872564529
0; 0; 429; 1432057872571197
0; 0; 429; 1432057872577862
0; 0; 430; 1432057872584529
0; 0; 430; 1432057872591198
0; 0; 429; 1432057872597863
0; 0; 428; 1432057872604528
0; 0; 429; 1432057872611196
0; 0; 430; 1432057872617863
0; 0; 428; 1432057872624529
0; 0; 430; 1432057872631196
0; 0; 429; 1432057872637864
0; 0; 430; 1432057872644532
0; 0; 440; 1432057872651199
0; 0; 430; 1432057872657864
0; 0; 430; 1432057872664530
0; 0; 429; 1432057872671198
0; 0; 428; 1432057872677864
0; 0; 430; 1432057872684529
0; 0; 430; 1432057872691197
0; 0; 430; 1432057872697863
0; 0; 429; 1432057872704529
0; 0; 429; 1432057872711196
0; 0; 430; 1432057872717863
0; 0; 429; 1432057872724529
0; 0; 429; 1432057872731197
0; 0; 430; 1432057872737863
0; 0; 428; 1432057872744530
0; 0; 429; 1432057872751197
0; 0; 429; 1432057872757864
0; 0; 428; 1432057872764529
0; 0; 430; 1432057872771196
0; 0; 428; 1432057872777863
0; 0; 430; 1432057872784528
0; 0; 772; 1432057872791197
0; 0; 428; 1432057872797798
0; 0; 428; 1432057872804528
0; 0; 433; 1432057872811201
0; 0; 429; 1432057872817866
0; 0; 429; 1432057872824530
0; 0; 429; 1432057872831199
0; 0; 431; 1432057872837865
0; 0; 430; 1432057872844532
0; 0; 431; 1432057872851197
0; 0; 429; 1432057872857864
0; 0; 429; 1432057872864529
0; 0; 430; 1432057872871197
0; 0; 428; 1432057872877863
0; 0; 430; 1432057872884528
0; 0; 429; 1432057872891197
0; 0; 429; 1432057872897862
0; 0; 428; 1432057872904529
0; 0; 429; 1432057872911197
0; 0; 436; 1432057872917866
0; 0; 429; 1432057872924534
0; 0; 431; 1432057872931198
0; 0; 430; 1432057872937863
0; 0; 430; 1432057872944529
0; 0; 430; 1432057872951197
0; 0; 430; 1432057872957866
0; 0; 429; 1432057872964532
0; 0; 429; 1432057872971197
0; 0; 429; 1432057872977863
0; 0; 430; 1432057872984529
0; 0; 429; 1432057872991196
0; 0; 429; 1432057872997863
0; 0; 429; 1432057873004529
0; 1; 560; 1432057873004599
0; 0; 429; 1432057873011206
0; 0; 438; 1432057873024531
0; 0; 429; 1432057873031205
0; 0; 430; 1432057873037863
0; 0; 429; 1432057873044529
0; 0; 440; 1432057873051201
0; 0; 429; 1432057873057875
0; 0; 430; 1432057873064529
0; 0; 428; 1432057873071197
0; 0; 430; 1432057873077863
0; 0; 430; 1432057873084529
0; 0; 430; 1432057873091197
0; 0; 429; 1432057873097863
0; 0; 430; 1432057873104530
0; 0; 430; 1432057873111198
0; 0; 430; 1432057873117863
0; 0; 430; 1432057873124528
0; 0; 429; 1432057873131196
0; 0; 429; 1432057873137863
0; 0; 429; 1432057873144529
0; 0; 430; 1432057873151196
0; 0; 430; 1432057873157863
0; 0; 429; 1432057873164530
0; 0; 430; 1432057873171195
0; 0; 429; 1432057873177862
0; 0; 431; 1432057873184529
0; 0; 428; 1432057873191197
0; 0; 427; 1432057873197863
0; 0; 430; 1432057873204528
0; 0; 431; 1432057873211198
0; 0; 430; 1432057873217863
0; 0; 429; 1432057873224530
0; 0; 429; 1432057873231197
0; 0; 430; 1432057873237865
0; 0; 430; 1432057873244530
0; 0; 432; 1432057873251200
0; 0; 429; 1432057873257865
0; 0; 430; 1432057873264529
0; 0; 430; 1432057873271198
0; 0; 429; 1432057873277864
0; 0; 430; 1432057873284529
0; 0; 430; 1432057873291197
0; 0; 429; 1432057873297863
0; 0; 429; 1432057873304529
0; 0; 430; 1432057873311197
0; 0; 430; 1432057873317863
0; 0; 430; 1432057873324528
0; 0; 427; 1432057873331198
0; 0; 430; 1432057873337862
0; 0; 432; 1432057873344531
0; 0; 430; 1432057873351198
0; 0; 429; 1432057873357864
0; 0; 430; 1432057873364529
0; 0; 431; 1432057873371196
0; 0; 428; 1432057873377863
0; 0; 431; 1432057873384528
0; 0; 430; 1432057873391197
0; 0; 429; 1432057873397863
0; 0; 429; 1432057873404528
0; 0; 430; 1432057873411197
0; 0; 431; 1432057873417863
0; 0; 429; 1432057873424529
0; 0; 428; 1432057873431196
0; 0; 429; 1432057873437864
0; 0; 430; 1432057873444530
0; 0; 432; 1432057873451196
0; 0; 429; 1432057873457864
0; 0; 429; 1432057873464532
0; 0; 773; 1432057873471199
0; 0; 429; 1432057873477798
0; 0; 431; 1432057873484530
0; 0; 430; 1432057873491197
0; 0; 428; 1432057873497864
0; 0; 430; 1432057873504529
0; 0; 429; 1432057873511196
0; 0; 429; 1432057873517864
0; 0; 428; 1432057873524528
0; 0; 429; 1432057873531196
0; 0; 428; 1432057873537863
0; 0; 429; 1432057873544528
0; 1; 560; 1432057873544599
0; 0; 430; 1432057873551204
0; 0; 428; 1432057873564528
0; 0; 428; 1432057873571196
0; 0; 429; 1432057873577862
0; 0; 429; 1432057873584529
0; 0; 429; 1432057873591196
0; 0; 428; 1432057873597863
0; 0; 430; 1432057873604528
0; 0; 428; 1432057873611196
0; 0; 430; 1432057873617863
0; 0; 430; 1432057873624528
0; 0; 427; 1432057873631197
0; 0; 429; 1432057873637862
0; 0; 429; 1432057873644528
0; 0; 429; 1432057873651196
0; 0; 429; 1432057873657863
0; 0; 428; 1432057873664529
0; 0; 429; 1432057873671196
0; 0; 430; 1432057873677863
0; 0; 430; 1432057873684536
0; 0; 430; 1432057873691204
0; 0; 429; 1432057873697863
0; 0; 429; 1432057873704528
0; 0; 429; 1432057873711196
0; 0; 428; 1432057873717863
0; 0; 430; 1432057873724528
0; 0; 431; 1432057873731196
0; 0; 429; 1432057873737863
0; 0; 428; 1432057873744529
0; 0; 430; 1432057873751196
0; 0; 429; 1432057873757863
0; 0; 429; 1432057873764530
0; 0; 428; 1432057873771197
0; 0; 430; 1432057873777862
0; 0; 430; 1432057873784528
0; 0; 429; 1432057873791196
0; 0; 428; 1432057873797863
0; 0; 428; 1432057873804528
0; 0; 428; 1432057873811196
0; 0; 431; 1432057873817863
0; 0; 429; 1432057873824528
0; 0; 429; 1432057873831197
0; 0; 433; 1432057873837864
0; 0; 430; 1432057873844529
0; 0; 428; 1432057873851197
0; 0; 430; 1432057873857863
0; 0; 430; 1432057873864528
0; 0; 429; 1432057873871196
0; 0; 428; 1432057873877862
0; 0; 430; 1432057873884529
0; 0; 430; 1432057873891196
0; 0; 429; 1432057873897863
0; 0; 429; 1432057873904530
0; 0; 430; 1432057873911195
0; 0; 431; 1432057873917862
0; 0; 430; 1432057873924528
0; 0; 428; 1432057873931197
0; 0; 429; 1432057873937862
0; 0; 429; 1432057873944528
0; 0; 429; 1432057873951197
0; 0; 429; 1432057873957862
0; 0; 429; 1432057873964529
0; 0; 428; 1432057873971196
0; 0; 434; 1432057873977866
0; 0; 431; 1432057873984535
0; 0; 436; 1432057873991202
0; 0; 428; 1432057873997872
0; 0; 438; 1432057874004532
0; 0; 433; 1432057874011208
0; 0; 436; 1432057874017873
0; 0; 431; 1432057874024534
0; 0; 432; 1432057874031200
0; 0; 430; 1432057874037865
0; 0; 429; 1432057874044530
0; 0; 430; 1432057874051197
0; 0; 429; 1432057874057862
0; 0; 430; 1432057874064529
0; 0; 428; 1432057874071197
0; 0; 429; 1432057874077863
0; 0; 429; 1432057874084528
0; 0; 428; 1432057874091196
0; 0; 431; 1432057874097864
0; 0; 430; 1432057874104529
0; 0; 428; 1432057874111197
0; 0; 429; 1432057874117862
0; 0; 429; 1432057874124529
0; 0; 429; 1432057874131196
0; 0; 428; 1432057874137863
0; 0; 428; 1432057874144529
0; 0; 430; 1432057874151196
0; 0; 428; 1432057874157863
0; 0; 429; 1432057874164528
0; 0; 429; 1432057874171196
0; 0; 429; 1432057874177863
0; 0; 429; 1432057874184529
0; 0; 428; 1432057874191197
0; 0; 428; 1432057874197864
0; 0; 430; 1432057874204529
0; 0; 431; 1432057874211197
0; 0; 430; 1432057874217865
0; 0; 429; 1432057874224529
0; 0; 429; 1432057874231200
0; 0; 429; 1432057874237865
0; 0; 429; 1432057874244528
0; 0; 430; 1432057874251196
0; 0; 430; 1432057874257864
0; 0; 430; 1432057874264529
0; 0; 430; 1432057874271196
0; 0; 429; 1432057874277863
0; 0; 429; 1432057874284528
0; 0; 429; 1432057874291196
0; 0; 428; 1432057874297863
0; 0; 429; 1432057874304528
0; 0; 428; 1432057874311196
0; 0; 429; 1432057874317862
0; 0; 429; 1432057874324528
0; 0; 428; 1432057874331197
0; 0; 429; 1432057874337862
0; 0; 429; 1432057874344529
0; 0; 430; 1432057874351196
0; 0; 430; 1432057874357863
0; 0; 429; 1432057874364530
0; 0; 429; 1432057874371196
0; 0; 429; 1432057874377863
0; 0; 429; 1432057874384529
0; 0; 429; 1432057874391196
0; 0; 428; 1432057874397863
0; 0; 430; 1432057874404529
0; 0; 429; 1432057874411197
0; 0; 429; 1432057874417863
0; 0; 429; 1432057874424529
0; 0; 430; 1432057874431199
0; 0; 430; 1432057874437864
0; 0; 430; 1432057874444529
0; 0; 429; 1432057874451197
0; 0; 431; 1432057874457863
0; 0; 429; 1432057874464530
0; 0; 428; 1432057874471198
0; 0; 431; 1432057874477862
0; 0; 430; 1432057874484529
0; 0; 429; 1432057874491196
0; 0; 428; 1432057874497862
0; 0; 427; 1432057874504529
0; 0; 429; 1432057874511196
0; 0; 428; 1432057874517863
0; 0; 430; 1432057874524528
0; 0; 773; 1432057874531195
0; 0; 429; 1432057874537797
0; 0; 428; 1432057874544529
0; 0; 430; 1432057874551196
0; 0; 427; 1432057874557863
0; 1; 560; 1432057874557933
0; 0; 429; 1432057874564537
0; 0; 430; 1432057874577863
0; 0; 430; 1432057874584529
0; 0; 430; 1432057874591197
0; 0; 430; 1432057874597863
0; 0; 429; 1432057874604529
0; 0; 428; 1432057874611197
0; 0; 431; 1432057874617864
0; 0; 429; 1432057874624530
0; 0; 428; 1432057874631196
0; 0; 430; 1432057874637863
0; 0; 429; 1432057874644529
0; 0; 430; 1432057874651197
0; 0; 428; 1432057874657862
0; 0; 430; 1432057874664528
0; 0; 430; 1432057874671196
0; 0; 429; 1432057874677863
0; 0; 430; 1432057874684528
0; 0; 428; 1432057874691197
0; 0; 429; 1432057874697862
0; 0; 429; 1432057874704529
0; 0; 429; 1432057874711196
0; 0; 429; 1432057874717862
0; 0; 429; 1432057874724529
0; 0; 429; 1432057874731196
0; 0; 429; 1432057874737863
0; 0; 430; 1432057874744528
0; 0; 429; 1432057874751196
0; 0; 428; 1432057874757863
0; 0; 429; 1432057874764529
0; 0; 428; 1432057874771197
0; 0; 429; 1432057874777862
0; 0; 429; 1432057874784529
0; 0; 430; 1432057874791195
0; 0; 429; 1432057874797864
0; 0; 429; 1432057874804527
0; 0; 429; 1432057874811196
0; 0; 430; 1432057874817862
0; 0; 429; 1432057874824530
0; 0; 430; 1432057874831196
0; 0; 430; 1432057874837863
0; 0; 429; 1432057874844530
0; 0; 430; 1432057874851197
0; 0; 430; 1432057874857862
0; 0; 429; 1432057874864529
0; 0; 430; 1432057874871197
0; 0; 429; 1432057874877862
0; 0; 429; 1432057874884529
0; 0; 428; 1432057874891196
0; 0; 428; 1432057874897863
0; 0; 430; 1432057874904529
0; 0; 430; 1432057874911196
0; 0; 429; 1432057874917863
0; 0; 429; 1432057874924528
0; 0; 429; 1432057874931196
0; 0; 429; 1432057874937863
0; 0; 429; 1432057874944528
0; 0; 430; 1432057874951196
0; 0; 430; 1432057874957862
0; 0; 428; 1432057874964529
0; 0; 429; 1432057874971196
0; 0; 430; 1432057874977862
0; 0; 429; 1432057874984529
0; 0; 429; 1432057874991196
0; 0; 429; 1432057874997862
0; 0; 536; 1432057875004533
0; 0; 431; 1432057875011200
0; 0; 429; 1432057875017864
0; 0; 429; 1432057875024529
0; 0; 431; 1432057875031196
0; 0; 430; 1432057875037867
0; 0; 431; 1432057875044532
0; 0; 429; 1432057875051200
0; 0; 429; 1432057875057865
0; 0; 442; 1432057875064530
0; 0; 429; 1432057875071209
0; 0; 431; 1432057875077865
0; 0; 431; 1432057875084530
0; 0; 430; 1432057875091198
0; 0; 429; 1432057875097864
0; 0; 429; 1432057875104528
0; 0; 430; 1432057875111196
0; 0; 430; 1432057875117864
0; 0; 429; 1432057875124528
0; 0; 428; 1432057875131196
0; 0; 429; 1432057875137862
0; 0; 430; 1432057875144528
0; 0; 430; 1432057875151196
0; 0; 428; 1432057875157862
0; 0; 429; 1432057875164529
0; 0; 429; 1432057875171196
0; 0; 430; 1432057875177864
0; 0; 429; 1432057875184530
0; 0; 430; 1432057875191196
0; 0; 427; 1432057875197864
0; 0; 429; 1432057875204528
0; 0; 430; 1432057875211195
0; 0; 429; 1432057875217862
0; 0; 430; 1432057875224528
0; 0; 429; 1432057875231195
0; 0; 427; 1432057875237863
0; 0; 429; 1432057875244528
0; 0; 429; 1432057875251196
0; 0; 429; 1432057875257862
0; 0; 428; 1432057875264528
0; 0; 430; 1432057875271196
0; 0; 428; 1432057875277863
0; 0; 429; 1432057875284528
0; 0; 429; 1432057875291197
0; 0; 428; 1432057875297863
0; 0; 429; 1432057875304528
0; 0; 428; 1432057875311196
0; 0; 429; 1432057875317862
0; 0; 428; 1432057875324529
0; 0; 429; 1432057875331196
0; 0; 428; 1432057875337863
0; 0; 429; 1432057875344528
0; 0; 429; 1432057875351196
0; 0; 428; 1432057875357863
0; 0; 429; 1432057875364528
0; 0; 430; 1432057875371196
0; 0; 429; 1432057875377863
0; 0; 429; 1432057875384528
0; 0; 430; 1432057875391203
0; 0; 430; 1432057875397869
0; 0; 430; 1432057875404527
0; 0; 430; 1432057875411195
0; 0; 429; 1432057875417863
0; 0; 428; 1432057875424529
0; 0; 429; 1432057875431196
0; 0; 430; 1432057875437862
0; 0; 429; 1432057875444528
0; 0; 430; 1432057875451197
0; 0; 428; 1432057875457864
0; 0; 429; 1432057875464528
0; 0; 430; 1432057875471196
0; 0; 430; 1432057875477862
0; 0; 430; 1432057875484528
0; 0; 430; 1432057875491196
0; 0; 429; 1432057875497862
0; 0; 430; 1432057875504529
0; 0; 430; 1432057875511196
0; 0; 430; 1432057875517862
0; 0; 429; 1432057875524529
0; 0; 428; 1432057875531196
0; 0; 429; 1432057875537863
0; 0; 429; 1432057875544528
0; 0; 430; 1432057875551196
0; 0; 429; 1432057875557862
0; 0; 430; 1432057875564528
0; 0; 429; 1432057875571197
0; 0; 429; 1432057875577863
0; 0; 429; 1432057875584528
0; 0; 429; 1432057875591197
0; 0; 429; 1432057875597862
0; 0; 429; 1432057875604529
0; 0; 429; 1432057875611197
0; 0; 430; 1432057875617862
0; 0; 429; 1432057875624529
0; 0; 429; 1432057875631196
0; 0; 431; 1432057875637865
0; 0; 428; 1432057875644532
0; 0; 431; 1432057875651196
0; 0; 429; 1432057875657862
0; 0; 431; 1432057875664529
0; 0; 429; 1432057875671197
0; 0; 428; 1432057875677864
0; 0; 428; 1432057875684528
0; 0; 430; 1432057875691198
0; 0; 430; 1432057875697864
0; 0; 431; 1432057875704530
0; 0; 430; 1432057875711197
0; 0; 429; 1432057875717866
0; 0; 429; 1432057875724531
0; 0; 433; 1432057875731196
0; 0; 428; 1432057875737865
0; 0; 430; 1432057875744529
0; 0; 430; 1432057875751198
0; 0; 429; 1432057875757863
0; 0; 430; 1432057875764528
0; 0; 431; 1432057875771198
0; 0; 429; 1432057875777864
0; 0; 430; 1432057875784530
0; 0; 429; 1432057875791196
0; 0; 431; 1432057875797864
0; 0; 428; 1432057875804538
0; 0; 430; 1432057875811197
0; 0; 430; 1432057875817863
0; 0; 800; 1432057875824504
0; 0; 430; 1432057875831131
0; 0; 430; 1432057875837864
0; 0; 429; 1432057875844529
0; 0; 430; 1432057875851197
0; 0; 428; 1432057875857863
0; 0; 432; 1432057875864529
0; 0; 429; 1432057875871198
0; 0; 428; 1432057875877863
0; 0; 430; 1432057875884529
0; 0; 430; 1432057875891196
0; 0; 431; 1432057875897862
0; 0; 439; 1432057875904531
0; 0; 430; 1432057875911325
0; 0; 428; 1432057875917865
0; 0; 429; 1432057875924529
0; 0; 443; 1432057875931200
0; 0; 430; 1432057875937876
0; 0; 430; 1432057875944531
0; 0; 431; 1432057875951197
0; 0; 429; 1432057875957863
0; 0; 429; 1432057875964529
0; 0; 430; 1432057875971197
0; 0; 429; 1432057875977864
0; 0; 429; 1432057875984528
0; 0; 430; 1432057875991196
0; 0; 430; 1432057875997863
0; 0; 428; 1432057876004529
0; 1; 558; 1432057876004600
0; 0; 429; 1432057876011205
0; 0; 429; 1432057876024529
0; 0; 429; 1432057876031196
0; 0; 430; 1432057876037864
0; 0; 429; 1432057876044531
0; 0; 430; 1432057876051196
0; 0; 428; 1432057876057863
0; 0; 432; 1432057876064533
0; 0; 430; 1432057876071200
0; 0; 428; 1432057876077864
0; 0; 430; 1432057876084529
0; 0; 429; 1432057876091197
0; 0; 429; 1432057876097862
0; 0; 430; 1432057876104529
0; 0; 428; 1432057876111197
0; 0; 430; 1432057876117863
0; 0; 429; 1432057876124530
0; 0; 429; 1432057876131197
0; 0; 429; 1432057876137864
0; 0; 429; 1432057876144529
0; 0; 429; 1432057876151196
0; 0; 429; 1432057876157864
0; 0; 429; 1432057876164528
0; 0; 429; 1432057876171196
0; 0; 427; 1432057876177863
0; 0; 429; 1432057876184528
0; 0; 428; 1432057876191197
0; 0; 429; 1432057876197864
0; 0; 433; 1432057876204534
0; 0; 430; 1432057876211200
0; 0; 429; 1432057876217865
0; 0; 440; 1432057876224530
0; 0; 431; 1432057876231209
0; 0; 430; 1432057876237867
0; 0; 428; 1432057876244531
0; 0; 431; 1432057876251197
0; 0; 429; 1432057876257863
0; 0; 431; 1432057876264529
0; 0; 428; 1432057876271197
0; 0; 429; 1432057876277864
0; 0; 431; 1432057876284528
0; 0; 429; 1432057876291195
0; 0; 430; 1432057876297863
0; 0; 428; 1432057876304530
0; 0; 428; 1432057876311196
0; 0; 429; 1432057876317863
0; 0; 428; 1432057876324529
0; 0; 429; 1432057876331196
0; 0; 430; 1432057876337863
0; 0; 429; 1432057876344528
0; 0; 428; 1432057876351196
0; 0; 430; 1432057876357863
0; 0; 431; 1432057876364530
0; 0; 430; 1432057876371197
0; 0; 432; 1432057876377865
0; 0; 430; 1432057876384532
0; 0; 428; 1432057876391200
0; 0; 430; 1432057876397863
0; 0; 429; 1432057876404530
0; 0; 428; 1432057876411198
0; 0; 429; 1432057876417863
0; 0; 429; 1432057876424529
0; 0; 429; 1432057876431196
0; 0; 428; 1432057876437863
0; 0; 429; 1432057876444528
0; 0; 429; 1432057876451196
0; 0; 432; 1432057876457866
0; 0; 431; 1432057876464534
0; 0; 429; 1432057876471198
0; 0; 431; 1432057876477864
0; 0; 432; 1432057876484532
0; 0; 429; 1432057876491201
0; 0; 432; 1432057876497865
0; 0; 429; 1432057876504532
0; 0; 428; 1432057876511197
0; 0; 428; 1432057876517863
0; 0; 428; 1432057876524529
0; 0; 429; 1432057876531196
0; 0; 429; 1432057876537864
0; 0; 442; 1432057876544803
0; 0; 429; 1432057876551207
0; 0; 446; 1432057876557870
0; 0; 432; 1432057876564549
0; 0; 432; 1432057876571199
0; 0; 433; 1432057876577867
0; 0; 431; 1432057876584535
0; 0; 778; 1432057876591200
0; 0; 431; 1432057876597800
0; 0; 429; 1432057876604531
0; 0; 428; 1432057876611197
0; 0; 429; 1432057876617862
0; 0; 428; 1432057876624529
0; 0; 430; 1432057876631196
0; 0; 429; 1432057876637863
0; 0; 429; 1432057876644528
0; 0; 429; 1432057876651195
0; 0; 428; 1432057876657864
0; 0; 430; 1432057876664528
0; 0; 429; 1432057876671197
0; 0; 428; 1432057876677864
0; 0; 429; 1432057876684529
0; 0; 428; 1432057876691197
0; 0; 429; 1432057876697863
0; 0; 428; 1432057876704529
0; 0; 428; 1432057876711197
0; 0; 429; 1432057876717863
0; 0; 428; 1432057876724529
0; 0; 430; 1432057876731195
0; 0; 429; 1432057876737863
0; 1; 565; 1432057876737934
0; 0; 428; 1432057876744536
0; 0; 431; 1432057876757863
0; 0; 431; 1432057876764528
0; 0; 429; 1432057876771196
0; 0; 428; 1432057876777863
0; 0; 429; 1432057876784529
0; 0; 428; 1432057876791197
0; 0; 431; 1432057876797862
0; 0; 428; 1432057876804529
0; 0; 428; 1432057876811197
0; 0; 429; 1432057876817862
0; 0; 428; 1432057876824529
0; 0; 430; 1432057876831196
0; 0; 432; 1432057876837863
0; 0; 429; 1432057876844532
0; 0; 430; 1432057876851196
0; 0; 428; 1432057876857863
0; 0; 430; 1432057876864528
0; 0; 429; 1432057876871197
0; 0; 429; 1432057876877864
0; 0; 429; 1432057876884527
0; 0; 429; 1432057876891196
0; 0; 429; 1432057876897862
0; 0; 431; 1432057876904529
0; 0; 429; 1432057876911196
0; 0; 428; 1432057876917863
0; 0; 429; 1432057876924528
0; 0; 431; 1432057876931196
0; 0; 429; 1432057876937863
0; 0; 429; 1432057876944529
0; 0; 429; 1432057876951197
0; 0; 429; 1432057876957862
0; 0; 430; 1432057876964529
0; 0; 428; 1432057876971197
0; 0; 427; 1432057876977863
0; 0; 429; 1432057876984528
0; 0; 431; 1432057876991196
0; 0; 430; 1432057876997863
0; 0; 429; 1432057877004529
0; 0; 430; 1432057877011197
0; 0; 428; 1432057877017864
0; 0; 429; 1432057877024528
0; 0; 432; 1432057877031196
0; 0; 428; 1432057877037863
0; 0; 430; 1432057877044528
0; 0; 433; 1432057877051196
0; 0; 428; 1432057877057863
0; 0; 430; 1432057877064528
0; 0; 429; 1432057877071196
0; 0; 429; 1432057877077863
0; 0; 430; 1432057877084528
0; 0; 429; 1432057877091197
0; 0; 429; 1432057877097869
0; 0; 430; 1432057877104535
0; 0; 429; 1432057877111197
0; 0; 429; 1432057877117863
0; 0; 429; 1432057877124528
0; 0; 429; 1432057877131196
0; 0; 429; 1432057877137862
0; 0; 428; 1432057877144529
0; 0; 429; 1432057877151199
0; 0; 428; 1432057877157865
0; 0; 432; 1432057877164529
0; 0; 430; 1432057877171198
0; 0; 428; 1432057877177864
0; 0; 430; 1432057877184528
0; 0; 430; 1432057877191196
0; 0; 430; 1432057877197863
0; 0; 429; 1432057877204529
0; 0; 428; 1432057877211196
0; 0; 429; 1432057877217862
0; 0; 428; 1432057877224530
0; 0; 429; 1432057877231196
0; 0; 427; 1432057877237863
0; 0; 429; 1432057877244529
0; 0; 429; 1432057877251196
0; 0; 428; 1432057877257862
0; 0; 429; 1432057877264529
0; 0; 428; 1432057877271197
0; 0; 430; 1432057877277863
0; 0; 429; 1432057877284528
0; 0; 428; 1432057877291196
0; 0; 430; 1432057877297863
0; 0; 428; 1432057877304529
0; 0; 428; 1432057877311196
0; 0; 429; 1432057877317863
0; 0; 429; 1432057877324528
0; 0; 429; 1432057877331196
0; 0; 428; 1432057877337862
0; 0; 429; 1432057877344528
0; 0; 430; 1432057877351195
0; 0; 429; 1432057877357863
0; 0; 429; 1432057877364529
0; 0; 428; 1432057877371197
0; 0; 428; 1432057877377863
0; 0; 429; 1432057877384528
0; 0; 429; 1432057877391197
0; 1; 556; 1432057877391268
0; 0; 429; 1432057877397871
0; 0; 429; 1432057877411196
0; 0; 429; 1432057877417863
0; 0; 429; 1432057877424530
0; 0; 430; 1432057877431196
0; 0; 429; 1432057877437863
0; 0; 429; 1432057877444529
0; 0; 429; 1432057877451196
0; 0; 429; 1432057877457863
0; 0; 428; 1432057877464529
0; 0; 430; 1432057877471196
0; 0; 429; 1432057877477863
0; 0; 429; 1432057877484528
0; 0; 429; 1432057877491196
0; 0; 429; 1432057877497863
0; 0; 429; 1432057877504529
0; 0; 429; 1432057877511196
0; 0; 428; 1432057877517862
0; 0; 428; 1432057877524529
0; 0; 429; 1432057877531196
0; 0; 428; 1432057877537863
0; 0; 428; 1432057877544529
0; 0; 429; 1432057877551195
0; 0; 428; 1432057877557864
0; 0; 431; 1432057877564530
0; 0; 429; 1432057877571197
0; 0; 429; 1432057877577864
0; 0; 430; 1432057877584531
0; 0; 429; 1432057877591197
0; 0; 428; 1432057877597863
0; 0; 428; 1432057877604529
0; 0; 429; 1432057877611196
0; 0; 428; 1432057877617863
0; 0; 429; 1432057877624528
0; 0; 429; 1432057877631196
0; 0; 428; 1432057877637863
0; 0; 429; 1432057877644530
0; 0; 432; 1432057877651196
0; 0; 428; 1432057877657865
0; 0; 429; 1432057877664529
0; 0; 431; 1432057877671198
0; 0; 429; 1432057877677864
0; 0; 429; 1432057877684530
0; 0; 430; 1432057877691197
0; 0; 431; 1432057877697864
0; 0; 429; 1432057877704529
0; 0; 429; 1432057877711197
0; 0; 430; 1432057877717864
0; 0; 429; 1432057877724529
0; 0; 429; 1432057877731197
0; 0; 428; 1432057877737863
0; 0; 428; 1432057877744528
0; 0; 430; 1432057877751196
0; 0; 428; 1432057877757863
0; 0; 429; 1432057877764528
0; 0; 430; 1432057877771197
0; 0; 428; 1432057877777864
0; 0; 430; 1432057877784528
0; 0; 428; 1432057877791196
0; 0; 431; 1432057877797864
0; 0; 427; 1432057877804530
0; 0; 428; 1432057877811197
0; 0; 428; 1432057877817862
0; 0; 429; 1432057877824529
0; 0; 429; 1432057877831198
0; 0; 428; 1432057877837863
0; 0; 429; 1432057877844529
0; 0; 429; 1432057877851197
0; 0; 429; 1432057877857863
0; 0; 429; 1432057877864529
0; 0; 428; 1432057877871196
0; 0; 428; 1432057877877864
0; 0; 429; 1432057877884528
0; 0; 429; 1432057877891197
0; 0; 428; 1432057877897863
0; 0; 429; 1432057877904528
0; 0; 429; 1432057877911196
0; 0; 429; 1432057877917862
0; 0; 429; 1432057877924530
0; 0; 430; 1432057877931198
0; 0; 428; 1432057877937864
0; 0; 429; 1432057877944530
0; 0; 429; 1432057877951198
0; 1; 562; 1432057877951270
0; 0; 429; 1432057877957873
0; 0; 429; 1432057877971197
0; 0; 430; 1432057877977864
0; 0; 430; 1432057877984529
0; 0; 428; 1432057877991197
0; 0; 429; 1432057877997863
0; 0; 430; 1432057878004528
0; 0; 429; 1432057878011196
0; 0; 429; 1432057878017862
0; 0; 430; 1432057878024529
0; 0; 430; 1432057878031196
0; 0; 429; 1432057878037864
0; 0; 429; 1432057878044528
0; 0; 429; 1432057878051196
0; 0; 430; 1432057878057863
0; 0; 775; 1432057878064531
0; 0; 429; 1432057878071131
0; 0; 428; 1432057878077863
0; 0; 428; 1432057878084528
0; 0; 429; 1432057878091196
0; 0; 428; 1432057878097863
0; 0; 429; 1432057878104528
0; 0; 428; 1432057878111197
0; 0; 428; 1432057878117862
0; 0; 428; 1432057878124528
0; 0; 429; 1432057878131197
0; 0; 433; 1432057878137866
0; 0; 431; 1432057878144534
0; 0; 429; 1432057878151198
0; 0; 429; 1432057878157863
0; 0; 434; 1432057878164532
0; 0; 432; 1432057878171203
0; 0; 430; 1432057878177867
0; 0; 430; 1432057878184529
0; 0; 430; 1432057878191197
0; 0; 429; 1432057878197863
0; 0; 429; 1432057878204528
0; 0; 429; 1432057878211196
0; 0; 429; 1432057878217864
0; 0; 430; 1432057878224528
0; 0; 429; 1432057878231197
0; 0; 429; 1432057878237862
0; 0; 429; 1432057878244529
0; 0; 429; 1432057878251196
0; 0; 428; 1432057878257863
0; 0; 429; 1432057878264528
0; 0; 429; 1432057878271196
0; 0; 428; 1432057878277863
0; 0; 429; 1432057878284529
0; 0; 430; 1432057878291196
0; 0; 430; 1432057878297861
0; 0; 428; 1432057878304528
0; 0; 429; 1432057878311196
0; 0; 429; 1432057878317863
0; 0; 428; 1432057878324528
0; 0; 429; 1432057878331197
0; 0; 429; 1432057878337863
0; 0; 430; 1432057878344529
0; 0; 428; 1432057878351197
0; 0; 429; 1432057878357865
0; 0; 430; 1432057878364530
0; 0; 430; 1432057878371197
0; 0; 429; 1432057878377864
0; 0; 431; 1432057878384504
0; 0; 428; 1432057878391199
0; 0; 429; 1432057878397862
0; 0; 429; 1432057878404529
0; 0; 429; 1432057878411197
0; 0; 429; 1432057878417863
0; 0; 430; 1432057878424528
0; 0; 428; 1432057878431197
0; 0; 428; 1432057878437863
0; 0; 429; 1432057878444529
0; 0; 429; 1432057878451197
0; 0; 429; 1432057878457863
0; 0; 429; 1432057878464529
0; 0; 429; 1432057878471197
0; 0; 428; 1432057878477862
0; 0; 430; 1432057878484529
0; 0; 428; 1432057878491196
0; 0; 429; 1432057878497862
0; 0; 430; 1432057878504529
0; 0; 428; 1432057878511197
0; 0; 428; 1432057878517863
0; 0; 429; 1432057878524528
0; 0; 428; 1432057878531197
0; 0; 428; 1432057878537862
0; 0; 429; 1432057878544529
0; 0; 429; 1432057878551196
0; 0; 428; 1432057878557862
0; 0; 430; 1432057878564529
0; 0; 429; 1432057878571196
0; 0; 428; 1432057878577862
0; 0; 429; 1432057878584528
0; 0; 429; 1432057878591196
0; 0; 431; 1432057878597863
0; 0; 427; 1432057878604528
0; 0; 428; 1432057878611196
0; 0; 428; 1432057878617862
0; 0; 429; 1432057878624528
0; 0; 429; 1432057878631196
0; 0; 429; 1432057878637864
0; 0; 428; 1432057878644529
0; 0; 429; 1432057878651196
0; 0; 429; 1432057878657862
0; 0; 430; 1432057878664531
0; 0; 428; 1432057878671198
0; 0; 430; 1432057878677863
0; 0; 429; 1432057878684528
0; 0; 429; 1432057878691196
0; 0; 430; 1432057878697863
0; 0; 430; 1432057878704528
0; 0; 429; 1432057878711196
0; 0; 431; 1432057878717862
0; 0; 429; 1432057878724529
0; 0; 429; 1432057878731197
0; 0; 429; 1432057878737863
0; 0; 777; 1432057878744528
0; 0; 429; 1432057878751132
0; 0; 428; 1432057878757863
0; 0; 429; 1432057878764528
0; 0; 428; 1432057878771197
0; 0; 429; 1432057878777862
0; 0; 427; 1432057878784528
0; 0; 429; 1432057878791196
0; 0; 429; 1432057878797862
0; 0; 430; 1432057878804540
0; 0; 428; 1432057878811209
0; 0; 429; 1432057878817863
0; 0; 429; 1432057878824529
0; 0; 429; 1432057878831196
0; 0; 431; 1432057878837865
0; 0; 429; 1432057878844534
0; 0; 429; 1432057878851197
0; 0; 429; 1432057878857863
0; 0; 429; 1432057878864529
0; 0; 429; 1432057878871197
0; 0; 428; 1432057878877864
0; 0; 431; 1432057878884530
0; 0; 432; 1432057878891201
0; 0; 429; 1432057878897866
0; 0; 473; 1432057878904560
0; 0; 432; 1432057878911259
0; 0; 442; 1432057878917872
0; 0; 430; 1432057878924542
0; 0; 433; 1432057878931200
0; 0; 429; 1432057878937868
0; 0; 429; 1432057878944529
0; 0; 431; 1432057878951196
0; 0; 428; 1432057878957862
0; 0; 430; 1432057878964529
0; 0; 429; 1432057878971196
0; 0; 429; 1432057878977863
0; 0; 430; 1432057878984529
0; 0; 429; 1432057878991196
0; 0; 428; 1432057878997863
0; 0; 449; 1432057879004530
0; 0; 431; 1432057879011218
0; 0; 428; 1432057879017865
0; 0; 430; 1432057879024528
0; 0; 430; 1432057879031196
0; 0; 428; 1432057879037863
0; 0; 429; 1432057879044529
0; 0; 429; 1432057879051196
0; 0; 429; 1432057879057863
0; 1; 560; 1432057879057934
0; 0; 429; 1432057879064537
0; 0; 429; 1432057879077863
0; 0; 429; 1432057879084529
0; 0; 428; 1432057879091197
0; 0; 428; 1432057879097862
0; 0; 429; 1432057879104528
0; 0; 429; 1432057879111196
0; 0; 432; 1432057879117863
0; 0; 429; 1432057879124530
0; 0; 429; 1432057879131196
0; 0; 428; 1432057879137862
0; 0; 430; 1432057879144529
0; 0; 429; 1432057879151197
0; 0; 430; 1432057879157863
0; 0; 428; 1432057879164529
0; 0; 430; 1432057879171196
0; 0; 430; 1432057879177863
0; 0; 428; 1432057879184529
0; 0; 429; 1432057879191197
0; 0; 429; 1432057879197863
0; 0; 429; 1432057879204528
0; 0; 430; 1432057879211197
0; 0; 429; 1432057879217863
0; 0; 429; 1432057879224529
0; 0; 429; 1432057879231196
0; 0; 429; 1432057879237863
0; 0; 430; 1432057879244528
0; 0; 429; 1432057879251196
0; 0; 428; 1432057879257862
0; 0; 429; 1432057879264529
0; 0; 429; 1432057879271197
0; 0; 430; 1432057879277862
0; 0; 427; 1432057879284529
0; 0; 430; 1432057879291196
0; 0; 428; 1432057879297863
0; 0; 428; 1432057879304529
0; 0; 429; 1432057879311196
0; 0; 429; 1432057879317863
0; 0; 430; 1432057879324528
0; 0; 428; 1432057879331196
0; 0; 428; 1432057879337862
0; 0; 450; 1432057879344558
0; 0; 440; 1432057879351228
0; 0; 430; 1432057879357874
0; 0; 430; 1432057879364529
0; 0; 430; 1432057879371197
0; 0; 432; 1432057879377862
0; 0; 427; 1432057879384530
0; 0; 429; 1432057879391197
0; 0; 429; 1432057879397862
0; 0; 430; 1432057879404528
0; 0; 432; 1432057879411195
0; 0; 430; 1432057879417865
0; 0; 430; 1432057879424528
0; 0; 430; 1432057879431196
0; 0; 428; 1432057879437863
0; 0; 429; 1432057879444528
0; 0; 430; 1432057879451197
0; 0; 428; 1432057879457863
0; 0; 429; 1432057879464528
0; 0; 430; 1432057879471196
0; 0; 429; 1432057879477864
0; 0; 429; 1432057879484529
0; 0; 429; 1432057879491196
0; 0; 428; 1432057879497863
0; 0; 429; 1432057879504529
0; 0; 429; 1432057879511195
0; 0; 428; 1432057879517863
0; 0; 428; 1432057879524529
0; 0; 429; 1432057879531195
0; 0; 429; 1432057879537862
0; 0; 429; 1432057879544528
0; 0; 428; 1432057879551197
0; 0; 429; 1432057879557862
0; 0; 429; 1432057879564528
0; 0; 428; 1432057879571197
0; 0; 430; 1432057879577862
0; 0; 428; 1432057879584528
0; 0; 428; 1432057879591197
0; 0; 430; 1432057879597862
0; 0; 429; 1432057879604528
0; 0; 430; 1432057879611196
0; 0; 429; 1432057879617864
0; 0; 428; 1432057879624527
0; 0; 430; 1432057879631195
0; 0; 428; 1432057879637864
0; 0; 430; 1432057879644530
0; 0; 430; 1432057879651194
0; 0; 435; 1432057879657870
0; 0; 1782; 1432057879666749
0; 0; 1481; 1432057879671141
0; 0; 960; 1432057879677805
0; 0; 891; 1432057879684465
0; 0; 430; 1432057879691129
0; 0; 431; 1432057879697860
0; 0; 430; 1432057879704529
0; 0; 428; 1432057879711194
0; 0; 429; 1432057879717862
0; 0; 428; 1432057879724528
0; 0; 428; 1432057879731195
0; 0; 433; 1432057879737871
0; 0; 430; 1432057879744538
0; 0; 427; 1432057879751197
0; 0; 428; 1432057879757864
0; 0; 428; 1432057879764530
0; 0; 428; 1432057879771194
0; 0; 430; 1432057879777862
0; 0; 428; 1432057879784530
0; 0; 429; 1432057879791194
0; 0; 430; 1432057879797862
0; 0; 428; 1432057879804530
0; 0; 430; 1432057879811195
0; 0; 429; 1432057879817863
0; 0; 429; 1432057879824529
0; 0; 430; 1432057879831197
0; 0; 434; 1432057879837867
0; 0; 430; 1432057879844533
0; 0; 429; 1432057879851196
0; 0; 430; 1432057879857864
0; 0; 428; 1432057879864530
0; 0; 428; 1432057879871194
0; 0; 429; 1432057879877862
0; 0; 429; 1432057879884527
0; 0; 430; 1432057879891196
0; 0; 429; 1432057879897863
0; 0; 428; 1432057879904529
0; 0; 429; 1432057879911195
0; 0; 429; 1432057879917862
0; 0; 429; 1432057879924528
0; 0; 430; 1432057879931196
0; 0; 428; 1432057879937864
0; 0; 430; 1432057879944529
0; 0; 428; 1432057879951194
0; 0; 428; 1432057879957862
0; 0; 429; 1432057879964527
0; 0; 428; 1432057879971195
0; 0; 430; 1432057879977863
0; 0; 428; 1432057879984529
0; 0; 428; 1432057879991195
0; 0; 429; 1432057879997862
0; 0; 428; 1432057880004528
0; 0; 430; 1432057880011195
0; 0; 429; 1432057880017862
0; 0; 429; 1432057880024528
0; 0; 429; 1432057880031196
0; 0; 429; 1432057880037863
0; 0; 430; 1432057880044529
0; 0; 428; 1432057880051196
0; 0; 428; 1432057880057864
0; 0; 429; 1432057880064530
0; 0; 430; 1432057880071194
0; 0; 430; 1432057880077862
0; 0; 430; 1432057880084527
0; 0; 429; 1432057880091195
0; 0; 429; 1432057880097863
0; 0; 429; 1432057880104529
0; 0; 428; 1432057880111195
0; 0; 429; 1432057880117863
0; 0; 430; 1432057880124529
0; 0; 430; 1432057880131195
0; 0; 428; 1432057880137863
0; 0; 429; 1432057880144529
0; 0; 430; 1432057880151195
0; 0; 773; 1432057880157864
0; 0; 428; 1432057880164464
0; 0; 429; 1432057880171196
0; 0; 430; 1432057880177863
0; 0; 428; 1432057880184529
0; 0; 428; 1432057880191195
0; 0; 428; 1432057880197863
0; 0; 428; 1432057880204529
0; 0; 430; 1432057880211194
0; 0; 429; 1432057880217862
0; 0; 429; 1432057880224528
0; 0; 430; 1432057880231196
0; 0; 427; 1432057880237864
0; 0; 429; 1432057880244529
0; 0; 429; 1432057880251196
0; 0; 435; 1432057880257868
0; 0; 430; 1432057880264536
0; 0; 429; 1432057880271199
0; 0; 430; 1432057880277863
0; 0; 430; 1432057880284529
0; 0; 429; 1432057880291196
0; 0; 429; 1432057880297863
0; 0; 429; 1432057880304528
0; 0; 430; 1432057880311197
0; 0; 429; 1432057880317862
0; 0; 429; 1432057880324528
0; 0; 429; 1432057880331196
0; 0; 428; 1432057880337864
0; 0; 430; 1432057880344529
0; 0; 429; 1432057880351195
0; 0; 429; 1432057880357864
0; 0; 429; 1432057880364529
0; 0; 429; 1432057880371195
0; 0; 429; 1432057880377863
0; 0; 428; 1432057880384529
0; 0; 428; 1432057880391195
0; 0; 429; 1432057880397862
0; 0; 428; 1432057880404528
0; 0; 430; 1432057880411196
0; 0; 428; 1432057880417865
0; 0; 428; 1432057880424529
0; 0; 430; 1432057880431195
0; 1; 558; 1432057880431266
0; 0; 429; 1432057880437871
0; 0; 430; 1432057880451196
0; 0; 429; 1432057880457864
0; 0; 428; 1432057880464529
0; 0; 428; 1432057880471195
0; 0; 430; 1432057880477862
0; 0; 430; 1432057880484528
0; 0; 430; 1432057880491196
0; 0; 430; 1432057880497863
0; 0; 429; 1432057880504529
0; 0; 431; 1432057880511202
0; 0; 429; 1432057880517871
0; 0; 429; 1432057880524528
0; 0; 429; 1432057880531198
0; 0; 428; 1432057880537863
0; 0; 430; 1432057880544528
0; 0; 429; 1432057880551197
0; 0; 429; 1432057880557862
0; 0; 428; 1432057880564528
0; 0; 428; 1432057880571196
0; 0; 429; 1432057880577863
0; 0; 428; 1432057880584529
0; 0; 429; 1432057880591196
0; 0; 429; 1432057880597864
0; 0; 430; 1432057880604529
0; 0; 430; 1432057880611195
0; 0; 428; 1432057880617863
0; 0; 430; 1432057880624529
0; 0; 430; 1432057880631193
0; 0; 429; 1432057880637862
0; 0; 430; 1432057880644527
0; 0; 429; 1432057880651196
0; 0; 430; 1432057880657864
0; 0; 429; 1432057880664530
0; 0; 429; 1432057880671194
0; 0; 429; 1432057880677862
0; 0; 429; 1432057880684527
0; 0; 430; 1432057880691195
0; 0; 428; 1432057880697863
0; 0; 430; 1432057880704528
0; 0; 430; 1432057880711197
0; 0; 428; 1432057880717863
0; 0; 429; 1432057880724528
0; 0; 429; 1432057880731194
0; 0; 427; 1432057880737863
0; 0; 431; 1432057880744528
0; 0; 429; 1432057880751197
0; 0; 428; 1432057880757862
0; 0; 428; 1432057880764527
0; 0; 429; 1432057880771195
0; 0; 430; 1432057880777862
0; 0; 430; 1432057880784528
0; 0; 428; 1432057880791196
0; 0; 429; 1432057880797864
0; 0; 428; 1432057880804530
0; 0; 430; 1432057880811194
0; 0; 428; 1432057880817861
0; 0; 430; 1432057880824529
0; 0; 429; 1432057880831196
0; 0; 431; 1432057880837865
0; 0; 430; 1432057880844532
0; 0; 429; 1432057880851197
0; 0; 429; 1432057880857863
0; 0; 428; 1432057880864531
0; 0; 430; 1432057880871196
0; 0; 431; 1432057880877866
0; 0; 430; 1432057880884529
0; 0; 429; 1432057880891194
0; 0; 429; 1432057880897862
0; 0; 428; 1432057880904527
0; 0; 431; 1432057880911196
0; 0; 429; 1432057880917864
0; 0; 430; 1432057880924529
0; 0; 429; 1432057880931195
0; 0; 428; 1432057880937863
0; 0; 428; 1432057880944528
0; 0; 429; 1432057880951196
0; 0; 428; 1432057880957864
0; 0; 429; 1432057880964529
0; 0; 429; 1432057880971195
0; 0; 429; 1432057880977863
0; 0; 429; 1432057880984529
0; 0; 429; 1432057880991196
0; 0; 428; 1432057880997864
0; 0; 435; 1432057881004546
0; 0; 430; 1432057881011201
0; 0; 430; 1432057881017863
0; 0; 428; 1432057881024530
0; 0; 429; 1432057881031194
0; 0; 428; 1432057881037862
0; 0; 429; 1432057881044528
0; 0; 432; 1432057881051196
0; 0; 429; 1432057881057864
0; 0; 431; 1432057881064529
0; 0; 429; 1432057881071194
0; 0; 429; 1432057881077862
0; 0; 428; 1432057881084527
0; 0; 429; 1432057881091196
0; 1; 558; 1432057881091266
0; 0; 430; 1432057881097872
0; 0; 431; 1432057881111197
0; 0; 435; 1432057881117863
0; 0; 429; 1432057881124533
0; 0; 428; 1432057881131196
0; 0; 429; 1432057881137863
0; 0; 430; 1432057881144529
0; 0; 429; 1432057881151196
0; 0; 430; 1432057881157863
0; 0; 428; 1432057881164529
0; 0; 429; 1432057881171195
0; 0; 429; 1432057881177863
0; 0; 429; 1432057881184529
0; 0; 429; 1432057881191196
0; 0; 429; 1432057881197864
0; 0; 429; 1432057881204529
0; 0; 427; 1432057881211196
0; 0; 430; 1432057881217863
0; 0; 429; 1432057881224530
0; 0; 429; 1432057881231195
0; 0; 426; 1432057881237863
0; 0; 430; 1432057881244528
0; 0; 429; 1432057881251196
0; 0; 428; 1432057881257864
0; 0; 429; 1432057881264529
0; 0; 428; 1432057881271195
0; 0; 429; 1432057881277862
0; 0; 429; 1432057881284528
0; 0; 428; 1432057881291197
0; 0; 429; 1432057881297863
0; 0; 429; 1432057881304529
0; 0; 429; 1432057881311196
0; 0; 429; 1432057881317864
0; 0; 429; 1432057881324529
0; 0; 428; 1432057881331194
0; 0; 428; 1432057881337862
0; 0; 429; 1432057881344527
0; 0; 430; 1432057881351195
0; 0; 428; 1432057881357864
0; 0; 429; 1432057881364529
0; 0; 429; 1432057881371195
0; 0; 429; 1432057881377864
0; 0; 428; 1432057881384531
0; 0; 428; 1432057881391195
0; 0; 430; 1432057881397863
0; 0; 429; 1432057881404529
0; 0; 429; 1432057881411195
0; 0; 429; 1432057881417863
0; 0; 429; 1432057881424529
0; 0; 429; 1432057881431195
0; 0; 428; 1432057881437863
0; 0; 429; 1432057881444528
0; 0; 429; 1432057881451197
0; 0; 428; 1432057881457863
0; 0; 433; 1432057881464530
0; 0; 431; 1432057881471200
0; 0; 431; 1432057881477864
0; 0; 429; 1432057881484529
0; 0; 431; 1432057881491193
0; 0; 428; 1432057881497862
0; 0; 429; 1432057881504526
0; 0; 431; 1432057881511193
0; 0; 428; 1432057881517861
0; 0; 429; 1432057881524526
0; 0; 430; 1432057881531193
0; 0; 774; 1432057881537861
0; 0; 430; 1432057881544461
0; 0; 430; 1432057881551192
0; 0; 430; 1432057881557861
0; 0; 430; 1432057881564527
0; 0; 430; 1432057881571193
0; 0; 430; 1432057881577861
0; 0; 431; 1432057881584527
0; 0; 429; 1432057881591194
0; 0; 430; 1432057881597859
0; 0; 430; 1432057881604527
0; 0; 431; 1432057881611193
0; 0; 429; 1432057881617861
0; 0; 430; 1432057881624526
0; 0; 430; 1432057881631192
0; 0; 429; 1432057881637861
0; 0; 430; 1432057881644526
0; 0; 431; 1432057881651193
0; 0; 430; 1432057881657860
0; 0; 430; 1432057881664528
0; 0; 430; 1432057881671194
0; 0; 431; 1432057881677860
0; 0; 430; 1432057881684528
0; 0; 430; 1432057881691194
0; 0; 430; 1432057881697860
0; 0; 430; 1432057881704528
0; 0; 430; 1432057881711194
0; 0; 429; 1432057881717859
0; 0; 432; 1432057881724526
0; 0; 431; 1432057881731192
0; 0; 429; 1432057881737862
0; 0; 430; 1432057881744525
0; 0; 430; 1432057881751194
0; 0; 429; 1432057881757860
0; 0; 430; 1432057881764527
0; 0; 430; 1432057881771193
0; 0; 430; 1432057881777861
0; 0; 430; 1432057881784527
0; 0; 431; 1432057881791193
0; 0; 430; 1432057881797860
0; 0; 429; 1432057881804527
0; 0; 429; 1432057881811194
0; 0; 429; 1432057881817862
0; 0; 429; 1432057881824527
0; 0; 429; 1432057881831196
0; 0; 430; 1432057881837864
0; 0; 429; 1432057881844530
0; 0; 428; 1432057881851195
0; 0; 429; 1432057881857862
0; 0; 429; 1432057881864529
0; 0; 429; 1432057881871195
0; 0; 429; 1432057881877863
0; 0; 429; 1432057881884528
0; 0; 428; 1432057881891197
0; 0; 429; 1432057881897863
0; 0; 429; 1432057881904528
0; 0; 429; 1432057881911195
0; 0; 427; 1432057881917862
0; 0; 429; 1432057881924527
0; 0; 428; 1432057881931196
0; 0; 428; 1432057881937863
0; 0; 428; 1432057881944528
0; 0; 428; 1432057881951196
0; 0; 428; 1432057881957864
0; 0; 429; 1432057881964529
0; 0; 429; 1432057881971195
0; 0; 429; 1432057881977863
0; 0; 429; 1432057881984528
0; 0; 429; 1432057881991194
0; 0; 430; 1432057881997862
0; 0; 429; 1432057882004528
0; 0; 429; 1432057882011196
0; 0; 429; 1432057882017862
0; 0; 429; 1432057882024527
0; 0; 428; 1432057882031196
0; 0; 428; 1432057882037863
0; 0; 430; 1432057882044528
0; 0; 428; 1432057882051196
0; 0; 429; 1432057882057864
0; 0; 430; 1432057882064531
0; 0; 428; 1432057882071196
0; 0; 430; 1432057882077865
0; 0; 428; 1432057882084530
0; 0; 428; 1432057882091196
0; 0; 430; 1432057882097863
0; 0; 428; 1432057882104528
0; 0; 428; 1432057882111197
0; 0; 429; 1432057882117863
0; 0; 429; 1432057882124529
0; 0; 429; 1432057882131195
0; 0; 428; 1432057882137863
0; 0; 429; 1432057882144528
0; 0; 428; 1432057882151196
0; 0; 770; 1432057882157865
0; 0; 430; 1432057882164463
0; 0; 429; 1432057882171195
0; 0; 428; 1432057882177863
0; 0; 429; 1432057882184528
0; 0; 429; 1432057882191196
0; 0; 427; 1432057882197864
0; 0; 430; 1432057882204529
0; 0; 430; 1432057882211193
0; 0; 428; 1432057882217862
0; 0; 429; 1432057882224530
0; 0; 429; 1432057882231193
0; 0; 428; 1432057882237861
0; 0; 429; 1432057882244528
0; 0; 429; 1432057882251197
0; 0; 429; 1432057882257863
0; 0; 428; 1432057882264528
0; 0; 428; 1432057882271197
0; 0; 428; 1432057882277863
0; 0; 429; 1432057882284528
0; 0; 428; 1432057882291196
0; 0; 429; 1432057882297864
0; 0; 429; 1432057882304530
0; 0; 430; 1432057882311194
0; 0; 428; 1432057882317863
0; 0; 428; 1432057882324528
0; 0; 428; 1432057882331196
0; 0; 429; 1432057882337863
0; 0; 428; 1432057882344529
0; 0; 428; 1432057882351195
0; 0; 428; 1432057882357863
0; 0; 429; 1432057882364528
0; 0; 427; 1432057882371195
0; 0; 429; 1432057882377862
0; 0; 427; 1432057882384528
0; 0; 428; 1432057882391196
0; 0; 429; 1432057882397863
0; 0; 429; 1432057882404529
0; 0; 429; 1432057882411195
0; 0; 429; 1432057882417863
0; 0; 429; 1432057882424529
0; 0; 430; 1432057882431193
0; 0; 429; 1432057882437863
0; 0; 430; 1432057882444528
0; 0; 429; 1432057882451196
0; 0; 428; 1432057882457864
0; 0; 428; 1432057882464529
0; 0; 428; 1432057882471195
0; 0; 428; 1432057882477863
0; 0; 429; 1432057882484528
0; 0; 429; 1432057882491196
0; 0; 428; 1432057882497864
0; 0; 429; 1432057882504529
0; 0; 429; 1432057882511196
0; 0; 429; 1432057882517864
0; 0; 428; 1432057882524530
0; 0; 428; 1432057882531194
0; 0; 428; 1432057882537861
0; 0; 429; 1432057882544529
0; 0; 428; 1432057882551195
0; 0; 430; 1432057882557863
0; 0; 429; 1432057882564528
0; 1; 557; 1432057882564599
0; 0; 429; 1432057882571202
0; 0; 430; 1432057882584529
0; 0; 429; 1432057882591195
0; 0; 430; 1432057882597862
0; 0; 430; 1432057882604527
0; 0; 431; 1432057882611195
0; 0; 439; 1432057882617870
0; 0; 507; 1432057882624549
0; 0; 431; 1432057882631204
0; 0; 429; 1432057882637865
0; 0; 430; 1432057882644528
0; 0; 429; 1432057882651197
0; 0; 429; 1432057882657863
0; 0; 429; 1432057882664529
0; 0; 430; 1432057882671196
0; 0; 428; 1432057882677864
0; 0; 429; 1432057882684529
0; 0; 430; 1432057882691194
0; 0; 429; 1432057882697863
0; 0; 428; 1432057882704529
0; 0; 430; 1432057882711195
0; 0; 429; 1432057882717869
0; 0; 490; 1432057882724546
0; 0; 432; 1432057882731168
0; 0; 445; 1432057882737877
0; 0; 430; 1432057882744541
0; 0; 433; 1432057882751197
0; 0; 423; 1432057882757887
