0; 0; 3297; 1432052853519859
0; 0; 3215; 1432052853526190
0; 0; 3226; 1432052853538680
0; 0; 3227; 1432052853544929
0; 0; 3227; 1432052853551178
0; 0; 3227; 1432052853557428
0; 0; 3228; 1432052853563677
0; 0; 3228; 1432052853569927
0; 0; 3228; 1432052853576176
0; 0; 3228; 1432052853582428
0; 0; 3227; 1432052853588678
0; 0; 3229; 1432052853594927
0; 0; 3227; 1432052853601177
0; 0; 3228; 1432052853607427
0; 0; 3226; 1432052853613678
0; 0; 3228; 1432052853619927
0; 0; 3228; 1432052853626177
0; 0; 3228; 1432052853632426
0; 0; 3234; 1432052853638677
0; 0; 3235; 1432052853644930
0; 0; 3233; 1432052853651179
0; 0; 3228; 1432052853657429
0; 0; 3230; 1432052853663677
0; 0; 3228; 1432052853669928
0; 0; 3229; 1432052853676177
0; 0; 3227; 1432052853682427
0; 0; 3227; 1432052853688678
0; 0; 3229; 1432052853694927
0; 0; 3230; 1432052853701176
0; 0; 3227; 1432052853707427
0; 0; 3226; 1432052853713677
0; 0; 3229; 1432052853719926
0; 0; 3227; 1432052853726177
0; 0; 3227; 1432052853732427
0; 0; 3227; 1432052853738678
0; 0; 3228; 1432052853744928
0; 0; 3229; 1432052853751176
0; 0; 3227; 1432052853757427
0; 0; 3229; 1432052853763676
0; 0; 3228; 1432052853769928
0; 0; 3227; 1432052853776177
0; 0; 3226; 1432052853782428
0; 0; 3228; 1432052853788677
0; 0; 3234; 1432052853794927
0; 0; 3234; 1432052853801177
0; 0; 3227; 1432052853807428
0; 0; 3227; 1432052853813677
0; 0; 5169; 1432052853819927
0; 0; 7111; 1432052853826178
0; 0; 7009; 1432052853832424
0; 0; 8946; 1432052853838679
0; 0; 10889; 1432052853844927
0; 0; 12832; 1432052853851177
0; 0; 14772; 1432052853857428
0; 0; 16720; 1432052853863673
0; 0; 18657; 1432052853869928
0; 0; 20600; 1432052853876178
0; 0; 22532; 1432052853882436
0; 0; 24476; 1432052853888686
0; 0; 26430; 1432052853894923
0; 0; 28366; 1432052853901178
0; 0; 30310; 1432052853907427
0; 0; 32251; 1432052853913677
0; 0; 34198; 1432052853919922
0; 0; 36130; 1432052853926182
0; 0; 38073; 1432052853932432
0; 0; 40018; 1432052853938678
0; 0; 41965; 1432052853944923
0; 0; 43901; 1432052853951178
0; 0; 45846; 1432052853957427
0; 0; 47792; 1432052853963676
0; 0; 49759; 1432052853969923
0; 0; 51671; 1432052853976177
0; 0; 53612; 1432052853982428
0; 0; 55556; 1432052853988677
0; 0; 57514; 1432052853994923
0; 0; 59452; 1432052854001165
0; 0; 61377; 1432052854007432
0; 0; 65371; 1432052854013678
0; 0; 69361; 1432052854019927
0; 0; 69258; 1432052854026174
0; 0; 69150; 1432052854032427
0; 0; 69043; 1432052854038677
0; 0; 68937; 1432052854044928
0; 0; 68833; 1432052854051174
0; 0; 68725; 1432052854057428
0; 0; 68619; 1432052854063678
0; 0; 68514; 1432052854069928
0; 0; 68411; 1432052854076173
0; 0; 68301; 1432052854082428
0; 0; 68207; 1432052854088674
0; 0; 68833; 1432052854094927
0; 0; 67989; 1432052854101178
0; 0; 67876; 1432052854107428
0; 0; 69819; 1432052854113678
0; 0; 71760; 1432052854119928
0; 0; 71678; 1432052854126157
0; 0; 73600; 1432052854132426
0; 0; 75541; 1432052854138677
0; 0; 77482; 1432052854144927
0; 0; 79424; 1432052854151177
0; 0; 81364; 1432052854157428
0; 0; 83210; 1432052854163776
0; 0; 85232; 1432052854169946
0; 0; 87194; 1432052854176180
0; 0; 89140; 1432052854182426
0; 0; 91075; 1432052854188679
0; 0; 93017; 1432052854194928
0; 0; 95002; 1432052854201179
0; 0; 96901; 1432052854207428
0; 0; 98846; 1432052854213675
0; 0; 100787; 1432052854219927
0; 0; 102726; 1432052854226179
0; 0; 104670; 1432052854232428
0; 0; 106613; 1432052854238675
0; 0; 108542; 1432052854244939
0; 0; 110490; 1432052854251183
0; 0; 112436; 1432052854257429
0; 0; 114376; 1432052854263681
0; 0; 115918; 1432052854270330
0; 0; 118243; 1432052854276198
0; 0; 120202; 1432052854282431
0; 0; 122146; 1432052854288678
0; 0; 124091; 1432052854294926
0; 0; 126028; 1432052854301180
0; 0; 127971; 1432052854307428
0; 0; 129914; 1432052854313678
0; 0; 131862; 1432052854319923
0; 0; 133797; 1432052854326178
0; 0; 135740; 1432052854332428
0; 0; 137681; 1432052854338680
0; 0; 139629; 1432052854344924
0; 0; 141568; 1432052854351178
0; 0; 143511; 1432052854357428
0; 0; 145466; 1432052854363662
0; 0; 147395; 1432052854369926
0; 0; 149359; 1432052854376174
0; 0; 151275; 1432052854382430
0; 0; 153218; 1432052854388678
0; 0; 155163; 1432052854394927
0; 0; 157107; 1432052854401173
0; 0; 159044; 1432052854407428
0; 0; 160988; 1432052854413677
0; 0; 162929; 1432052854419928
0; 0; 164874; 1432052854426175
0; 0; 166812; 1432052854432428
0; 0; 168753; 1432052854438679
0; 0; 170695; 1432052854444928
0; 0; 172642; 1432052854451174
0; 0; 174580; 1432052854457428
0; 0; 176523; 1432052854463677
0; 0; 178465; 1432052854469927
0; 0; 180410; 1432052854476173
0; 0; 182348; 1432052854482428
0; 0; 184300; 1432052854488681
0; 0; 186264; 1432052854494927
0; 0; 188174; 1432052854501178
0; 0; 190168; 1432052854507424
0; 0; 192059; 1432052854513678
0; 0; 194001; 1432052854519928
0; 0; 195942; 1432052854526178
0; 0; 197892; 1432052854532423
0; 0; 199828; 1432052854538677
0; 0; 201769; 1432052854544928
0; 0; 203710; 1432052854551178
0; 0; 205657; 1432052854557424
0; 0; 205548; 1432052854563677
0; 0; 205441; 1432052854569927
0; 0; 205334; 1432052854576178
0; 0; 205230; 1432052854582424
0; 0; 205123; 1432052854588678
0; 0; 205016; 1432052854594928
0; 0; 204911; 1432052854601177
0; 0; 204800; 1432052854607436
0; 0; 204702; 1432052854613674
0; 0; 204593; 1432052854619927
0; 0; 204486; 1432052854626179
0; 0; 204802; 1432052854632426
0; 0; 204282; 1432052854638673
0; 0; 204170; 1432052854644927
0; 0; 204065; 1432052854651177
0; 0; 203957; 1432052854657427
0; 0; 203855; 1432052854663673
0; 0; 203746; 1432052854669927
0; 0; 204089; 1432052854676177
0; 0; 203982; 1432052854682428
0; 0; 203879; 1432052854688674
0; 0; 203773; 1432052854694927
0; 0; 203665; 1432052854701177
0; 0; 203557; 1432052854707428
0; 0; 203456; 1432052854713673
0; 0; 203347; 1432052854719927
0; 0; 203264; 1432052854726153
0; 0; 203134; 1432052854732428
0; 0; 203028; 1432052854738677
0; 0; 202926; 1432052854744924
0; 0; 202816; 1432052854751179
0; 0; 202710; 1432052854757428
0; 0; 202605; 1432052854763677
0; 0; 202498; 1432052854769928
0; 0; 202394; 1432052854776176
0; 0; 202287; 1432052854782427
0; 0; 202179; 1432052854788678
0; 0; 202074; 1432052854794928
0; 1; 3224; 1432052854794934
1; 1; 5359; 1432052854801189
1; 1; 7131; 1432052854813754
1; 1; 9082; 1432052854819995
1; 1; 11026; 1432052854826253
1; 1; 10993; 1432052854832432
1; 1; 12923; 1432052854838683
1; 1; 14860; 1432052854844937
1; 1; 16809; 1432052854851179
1; 1; 18750; 1432052854857431
1; 1; 20694; 1432052854863682
1; 1; 22636; 1432052854869932
1; 1; 24512; 1432052854876249
1; 1; 26523; 1432052854882428
1; 1; 28462; 1432052854888682
1; 1; 30404; 1432052854894931
1; 1; 32348; 1432052854901181
1; 1; 34293; 1432052854907427
1; 1; 36232; 1432052854913682
1; 1; 38173; 1432052854919932
1; 1; 40114; 1432052854926182
1; 1; 42061; 1432052854932426
1; 1; 43999; 1432052854938681
1; 1; 45940; 1432052854944932
1; 1; 47883; 1432052854951181
1; 1; 49829; 1432052854957427
1; 1; 51764; 1432052854963682
1; 1; 53636; 1432052854970001
1; 1; 55648; 1432052854976181
1; 1; 57592; 1432052854982428
1; 1; 59534; 1432052854988680
1; 1; 61438; 1432052854994969
1; 1; 63418; 1432052855001181
1; 1; 65362; 1432052855007428
1; 1; 67309; 1432052855013674
1; 1; 69262; 1432052855019912
1; 1; 71187; 1432052855026179
1; 1; 73131; 1432052855032428
1; 1; 75076; 1432052855038674
1; 1; 77014; 1432052855044928
1; 1; 78957; 1432052855051178
1; 1; 80900; 1432052855057427
1; 1; 82848; 1432052855063675
1; 1; 84782; 1432052855069928
1; 1; 86726; 1432052855076177
1; 1; 88666; 1432052855082429
1; 1; 90611; 1432052855088674
1; 1; 92544; 1432052855094934
1; 1; 94494; 1432052855101177
1; 1; 96464; 1432052855107427
1; 1; 98832; 1432052855113673
1; 1; 100767; 1432052855119928
1; 1; 102706; 1432052855126178
1; 1; 104649; 1432052855132428
1; 1; 106592; 1432052855138678
1; 1; 108539; 1432052855144923
1; 1; 108428; 1432052855151178
1; 1; 110368; 1432052855157429
1; 1; 112311; 1432052855163679
1; 1; 114254; 1432052855169927
1; 1; 116195; 1432052855176178
1; 1; 118138; 1432052855182428
1; 1; 120079; 1432052855188679
1; 1; 119980; 1432052855194923
1; 1; 119868; 1432052855201178
1; 1; 121812; 1432052855207429
1; 1; 121705; 1432052855213677
1; 1; 121602; 1432052855219923
1; 1; 121490; 1432052855226178
1; 1; 121385; 1432052855232428
1; 1; 121215; 1432052855238742
1; 1; 121179; 1432052855244923
1; 1; 121069; 1432052855251177
1; 1; 118914; 1432052855257428
1; 1; 116761; 1432052855263677
1; 1; 114606; 1432052855269927
1; 1; 112454; 1432052855276177
1; 1; 110306; 1432052855282424
1; 1; 108173; 1432052855288648
1; 1; 105990; 1432052855294928
1; 1; 103836; 1432052855301178
1; 1; 101686; 1432052855307424
1; 1; 99528; 1432052855313678
1; 1; 97374; 1432052855319928
1; 1; 95219; 1432052855326179
1; 1; 93066; 1432052855332428
1; 1; 90913; 1432052855338677
1; 1; 88758; 1432052855344927
1; 1; 86604; 1432052855351178
1; 1; 84449; 1432052855357428
1; 1; 82302; 1432052855363678
1; 1; 80143; 1432052855369927
1; 1; 77987; 1432052855376178
1; 1; 75831; 1432052855382432
1; 1; 73634; 1432052855388724
1; 1; 71525; 1432052855394927
1; 1; 69370; 1432052855401180
1; 1; 67216; 1432052855407430
1; 1; 65060; 1432052855413682
1; 1; 62913; 1432052855419927
1; 1; 60751; 1432052855426183
1; 1; 58600; 1432052855432429
1; 1; 56445; 1432052855438681
1; 1; 54290; 1432052855444931
1; 1; 52133; 1432052855451185
1; 1; 49985; 1432052855457429
1; 1; 47828; 1432052855463682
1; 1; 45678; 1432052855469928
1; 1; 43522; 1432052855476181
1; 1; 41342; 1432052855482454
1; 1; 39211; 1432052855488682
1; 1; 37062; 1432052855494927
1; 1; 34903; 1432052855501181
1; 1; 32762; 1432052855507418
1; 1; 30602; 1432052855513677
1; 1; 28444; 1432052855519930
1; 1; 26291; 1432052855526178
1; 1; 24132; 1432052855532434
1; 1; 21984; 1432052855538678
1; 1; 19825; 1432052855544933
1; 1; 17676; 1432052855551178
1; 1; 15518; 1432052855557431
1; 1; 13368; 1432052855563677
1; 1; 11210; 1432052855569932
1; 1; 9060; 1432052855576177
1; 1; 6902; 1432052855582432
1; 1; 4782; 1432052855588678
1; 1; 3044; 1432052855594931
1; 1; 4991; 1432052855601177
1; 0; 167192; 1432052855601184
1; 1; 4880; 1432052855607432
1; 1; 8769; 1432052855619927
1; 1; 12760; 1432052855626174
1; 1; 18797; 1432052855632427
1; 1; 24838; 1432052855638673
1; 1; 30873; 1432052855644927
1; 1; 36916; 1432052855651173
1; 1; 42949; 1432052855657427
1; 1; 48988; 1432052855663677
1; 1; 55028; 1432052855669924
1; 1; 61065; 1432052855676177
1; 1; 67106; 1432052855682424
1; 1; 73137; 1432052855688679
1; 1; 79178; 1432052855694924
1; 1; 85211; 1432052855701178
1; 1; 91254; 1432052855707423
1; 1; 97288; 1432052855713677
1; 1; 103330; 1432052855719924
1; 1; 109362; 1432052855726179
1; 1; 115406; 1432052855732423
1; 1; 121440; 1432052855738677
1; 1; 127483; 1432052855744924
1; 1; 133516; 1432052855751177
1; 1; 139559; 1432052855757422
1; 1; 145579; 1432052855763691
1; 1; 149569; 1432052855769942
1; 1; 155619; 1432052855776177
1; 1; 161661; 1432052855782425
1; 1; 167698; 1432052855788678
1; 1; 173740; 1432052855794924
1; 1; 179771; 1432052855801178
1; 1; 185814; 1432052855807424
1; 1; 191849; 1432052855813677
1; 1; 197894; 1432052855819922
1; 1; 203926; 1432052855826177
1; 1; 209963; 1432052855832425
1; 1; 215998; 1432052855838678
1; 1; 222042; 1432052855844924
1; 1; 228078; 1432052855851178
1; 1; 234119; 1432052855857423
1; 1; 240151; 1432052855863677
1; 1; 246143; 1432052855869974
1; 1; 252229; 1432052855876178
1; 1; 256223; 1432052855882423
1; 1; 262256; 1432052855888678
1; 1; 268299; 1432052855894924
1; 1; 274332; 1432052855901178
1; 1; 280374; 1432052855907423
1; 1; 286407; 1432052855913678
1; 1; 292448; 1432052855919926
1; 1; 298486; 1432052855926175
1; 1; 304521; 1432052855932427
1; 1; 310562; 1432052855938674
1; 1; 316602; 1432052855944927
1; 1; 322639; 1432052855951173
1; 1; 328675; 1432052855957427
1; 1; 334716; 1432052855963674
1; 1; 340751; 1432052855969928
1; 1; 346792; 1432052855976173
1; 1; 350779; 1432052855982428
1; 1; 356821; 1432052855988674
1; 1; 362852; 1432052855994929
1; 1; 368896; 1432052856001173
1; 1; 372881; 1432052856007428
1; 1; 374829; 1432052856013675
1; 1; 374718; 1432052856019928
1; 1; 374616; 1432052856026175
1; 1; 374505; 1432052856032428
1; 1; 374405; 1432052856038674
1; 1; 374291; 1432052856044931
1; 1; 372140; 1432052856051178
1; 1; 369984; 1432052856057430
1; 1; 367834; 1432052856063676
1; 1; 365676; 1432052856069928
1; 1; 363527; 1432052856076174
1; 1; 359320; 1432052856082428
1; 1; 355122; 1432052856088675
1; 1; 350918; 1432052856094928
1; 1; 346719; 1432052856101174
1; 1; 342514; 1432052856107428
1; 1; 338301; 1432052856113687
1; 1; 334110; 1432052856119927
1; 1; 329913; 1432052856126174
0; 0; 47939; 1432052856132428
0; 0; 54005; 1432052856138650
0; 0; 60018; 1432052856144925
0; 0; 66064; 1432052856151177
0; 0; 72097; 1432052856157424
0; 0; 78127; 1432052856163677
0; 0; 84170; 1432052856169923
0; 0; 90204; 1432052856176177
0; 0; 96241; 1432052856182431
0; 0; 102282; 1432052856188677
0; 0; 108319; 1432052856194928
0; 0; 114357; 1432052856201177
0; 0; 120397; 1432052856207427
0; 0; 126435; 1432052856213677
0; 0; 132471; 1432052856219928
0; 0; 138510; 1432052856226177
0; 0; 144546; 1432052856232428
0; 0; 150584; 1432052856238679
0; 0; 156624; 1432052856244927
0; 0; 162662; 1432052856251177
0; 0; 168698; 1432052856257430
0; 0; 174739; 1432052856263677
0; 0; 180775; 1432052856269928
0; 0; 186813; 1432052856276178
0; 0; 192851; 1432052856282428
0; 0; 198889; 1432052856288678
0; 0; 204926; 1432052856294929
0; 0; 211009; 1432052856301135
0; 0; 217003; 1432052856307428
0; 0; 223042; 1432052856313678
0; 0; 229081; 1432052856319927
0; 0; 235117; 1432052856326179
0; 0; 241158; 1432052856332426
0; 0; 247193; 1432052856338678
0; 0; 253232; 1432052856344927
0; 0; 259271; 1432052856351176
0; 0; 265308; 1432052856357427
0; 0; 271345; 1432052856363678
0; 0; 277393; 1432052856369927
0; 0; 283382; 1432052856376217
0; 0; 289456; 1432052856382432
0; 0; 295498; 1432052856388677
0; 0; 301534; 1432052856394930
0; 0; 307576; 1432052856401176
0; 0; 313612; 1432052856407429
0; 0; 319650; 1432052856413677
0; 0; 325699; 1432052856419918
0; 0; 331771; 1432052856426132
0; 0; 337762; 1432052856432431
0; 0; 343801; 1432052856438680
0; 0; 349839; 1432052856444935
0; 0; 355870; 1432052856451187
0; 0; 361912; 1432052856457434
0; 0; 367953; 1432052856463677
0; 0; 373998; 1432052856469923
0; 0; 380031; 1432052856476176
0; 0; 386074; 1432052856482423
0; 0; 392106; 1432052856488677
0; 0; 398147; 1432052856494923
0; 0; 404182; 1432052856501177
0; 1; 252; 1432052856501183
0; 0; 410187; 1432052856507459
0; 0; 418199; 1432052856519930
0; 0; 424237; 1432052856526179
0; 0; 430280; 1432052856532423
0; 0; 436314; 1432052856538677
0; 0; 442355; 1432052856544923
0; 0; 448389; 1432052856551178
0; 0; 454432; 1432052856557423
0; 0; 460466; 1432052856563677
0; 0; 466507; 1432052856569924
0; 0; 472544; 1432052856576178
0; 0; 478583; 1432052856582424
0; 0; 484617; 1432052856588677
0; 0; 490663; 1432052856594923
0; 0; 494646; 1432052856601177
0; 0; 500688; 1432052856607423
0; 0; 506720; 1432052856613678
0; 0; 512767; 1432052856619922
0; 0; 518799; 1432052856626178
0; 0; 524840; 1432052856632423
0; 0; 530874; 1432052856638677
0; 0; 536914; 1432052856644925
0; 0; 542947; 1432052856651181
0; 0; 548992; 1432052856657424
0; 0; 555023; 1432052856663680
0; 0; 561068; 1432052856669923
0; 0; 567102; 1432052856676178
0; 0; 573143; 1432052856682424
0; 0; 579177; 1432052856688678
0; 0; 585219; 1432052856694924
0; 0; 591251; 1432052856701179
0; 0; 597297; 1432052856707422
0; 0; 603329; 1432052856713677
0; 0; 609375; 1432052856719922
0; 0; 613357; 1432052856726178
0; 0; 619398; 1432052856732424
0; 0; 625434; 1432052856738678
0; 0; 631476; 1432052856744923
0; 0; 637510; 1432052856751180
0; 0; 643550; 1432052856757424
0; 0; 649586; 1432052856763677
0; 0; 655627; 1432052856769924
0; 0; 661660; 1432052856776178
0; 0; 667716; 1432052856782413
0; 0; 671684; 1432052856788684
0; 0; 673632; 1432052856794928
0; 0; 675578; 1432052856801174
0; 0; 677515; 1432052856807428
0; 0; 679457; 1432052856813678
1; 1; 2208; 1432052856819928
1; 1; 4258; 1432052856826178
1; 1; 6647; 1432052856832431
1; 1; 8596; 1432052856838674
1; 1; 10530; 1432052856844930
1; 1; 14522; 1432052856851178
1; 1; 20557; 1432052856857432
1; 1; 26602; 1432052856863674
1; 1; 32634; 1432052856869932
1; 1; 38681; 1432052856876173
1; 1; 44706; 1432052856882433
1; 1; 50752; 1432052856888675
1; 1; 56784; 1432052856894932
1; 1; 62832; 1432052856901173
1; 1; 68861; 1432052856907432
1; 1; 74907; 1432052856913674
1; 1; 80939; 1432052856919932
1; 1; 86989; 1432052856926174
1; 1; 93021; 1432052856932428
1; 1; 99055; 1432052856938678
1; 1; 105093; 1432052856944927
1; 1; 111128; 1432052856951180
1; 1; 117119; 1432052856957477
1; 1; 123209; 1432052856963677
1; 1; 129246; 1432052856969927
1; 1; 135286; 1432052856976176
1; 1; 141321; 1432052856982426
1; 1; 147356; 1432052856988680
1; 1; 153403; 1432052856994923
1; 1; 159434; 1432052857001181
1; 1; 165477; 1432052857007424
1; 1; 171506; 1432052857013682
1; 1; 177553; 1432052857019924
1; 1; 183583; 1432052857026182
1; 1; 189628; 1432052857032424
1; 1; 195659; 1432052857038681
1; 1; 201710; 1432052857044925
1; 1; 207737; 1432052857051182
1; 1; 213781; 1432052857057424
1; 1; 219812; 1432052857063681
1; 1; 225856; 1432052857069925
1; 1; 231886; 1432052857076182
1; 1; 237865; 1432052857082492
1; 1; 243965; 1432052857088681
1; 1; 250011; 1432052857094924
1; 1; 255998; 1432052857101223
1; 1; 262085; 1432052857107423
1; 1; 268116; 1432052857113681
1; 1; 274162; 1432052857119924
1; 1; 280194; 1432052857126182
1; 1; 286239; 1432052857132424
1; 1; 292267; 1432052857138683
1; 1; 298320; 1432052857144916
1; 1; 304337; 1432052857151187
1; 1; 310383; 1432052857157428
1; 1; 316422; 1432052857163677
1; 1; 322462; 1432052857169927
1; 1; 328500; 1432052857176177
1; 1; 334534; 1432052857182430
1; 1; 340574; 1432052857188678
1; 1; 346615; 1432052857194926
1; 1; 352639; 1432052857201190
1; 1; 358690; 1432052857207428
1; 1; 364729; 1432052857213677
1; 1; 370756; 1432052857219936
1; 1; 376805; 1432052857226177
1; 1; 382842; 1432052857232428
1; 1; 388880; 1432052857238678
1; 1; 394914; 1432052857244928
1; 1; 400954; 1432052857251180
1; 1; 406992; 1432052857257429
1; 1; 413033; 1432052857263678
1; 1; 419070; 1432052857269928
1; 1; 425109; 1432052857276177
1; 1; 431146; 1432052857282428
1; 1; 437186; 1432052857288678
1; 1; 443223; 1432052857294927
1; 1; 449261; 1432052857301178
1; 1; 455296; 1432052857307428
1; 1; 461333; 1432052857313679
1; 1; 467396; 1432052857319906
1; 1; 473412; 1432052857326176
1; 1; 479449; 1432052857332428
1; 1; 485487; 1432052857338677
1; 1; 489478; 1432052857344927
1; 1; 495517; 1432052857351177
1; 1; 501549; 1432052857357432
1; 1; 507591; 1432052857363680
1; 1; 513620; 1432052857369937
1; 1; 519672; 1432052857376173
1; 1; 525700; 1432052857382432
1; 1; 531741; 1432052857388682
1; 1; 537771; 1432052857394939
1; 1; 543821; 1432052857401177
1; 1; 549859; 1432052857407427
1; 1; 555898; 1432052857413677
1; 1; 561940; 1432052857419927
1; 1; 567972; 1432052857426178
1; 1; 574008; 1432052857432428
1; 1; 580048; 1432052857438677
1; 1; 586085; 1432052857444927
1; 1; 592124; 1432052857451178
1; 1; 598164; 1432052857457427
1; 1; 604159; 1432052857463719
1; 1; 610233; 1432052857469932
1; 1; 616281; 1432052857476173
1; 1; 622308; 1432052857482432
1; 1; 628352; 1432052857488677
1; 1; 634386; 1432052857494931
1; 1; 640431; 1432052857501173
1; 1; 646464; 1432052857507428
1; 1; 652508; 1432052857513673
1; 1; 658541; 1432052857519927
1; 1; 664583; 1432052857526174
1; 1; 670617; 1432052857532428
1; 1; 676660; 1432052857538673
1; 1; 682692; 1432052857544927
1; 1; 688735; 1432052857551173
1; 1; 694767; 1432052857557428
1; 1; 700799; 1432052857563686
1; 1; 704800; 1432052857569928
1; 1; 710843; 1432052857576173
1; 1; 716872; 1432052857582429
1; 1; 722914; 1432052857588674
1; 1; 728948; 1432052857594928
1; 1; 734989; 1432052857601174
1; 1; 741027; 1432052857607427
1; 1; 747066; 1432052857613674
1; 1; 753099; 1432052857619927
1; 1; 759143; 1432052857626174
1; 1; 765177; 1432052857632428
1; 1; 771218; 1432052857638676
1; 1; 777254; 1432052857644927
1; 1; 783295; 1432052857651174
1; 1; 789329; 1432052857657428
1; 1; 795372; 1432052857663673
1; 1; 801404; 1432052857669928
1; 1; 807447; 1432052857676174
1; 1; 813480; 1432052857682429
1; 1; 819523; 1432052857688673
1; 1; 825559; 1432052857694927
1; 1; 831600; 1432052857701173
1; 1; 837630; 1432052857707431
1; 1; 843670; 1432052857713678
1; 1; 849713; 1432052857719923
1; 1; 855746; 1432052857726179
1; 1; 861789; 1432052857732424
1; 1; 867824; 1432052857738677
1; 1; 873865; 1432052857744923
1; 1; 879901; 1432052857751176
1; 1; 885944; 1432052857757422
1; 1; 891975; 1432052857763677
1; 1; 898017; 1432052857769923
1; 1; 904053; 1432052857776177
1; 1; 910096; 1432052857782423
1; 1; 916124; 1432052857788679
1; 1; 922170; 1432052857794923
1; 1; 928203; 1432052857801177
1; 1; 934176; 1432052857807491
1; 1; 940281; 1432052857813677
1; 1; 946320; 1432052857819923
1; 1; 952315; 1432052857826217
1; 1; 958396; 1432052857832424
1; 1; 962383; 1432052857838677
1; 1; 968424; 1432052857844925
1; 1; 974457; 1432052857851180
1; 1; 980503; 1432052857857425
1; 0; 62; 1432052857857430
1; 1; 986527; 1432052857863688
1; 1; 996564; 1432052857876179
1; 1; 1002607; 1432052857882424
1; 1; 1008643; 1432052857888677
1; 1; 1014682; 1432052857894924
1; 1; 1020714; 1432052857901180
1; 1; 1024712; 1432052857907425
1; 1; 1030749; 1432052857913678
1; 1; 1036791; 1432052857919923
1; 1; 1042811; 1432052857926183
1; 1; 1048864; 1432052857932423
1; 1; 1054900; 1432052857938677
1; 1; 1060964; 1432052857944924
1; 1; 1066972; 1432052857951179
1; 1; 1073009; 1432052857957428
1; 1; 1079052; 1432052857963674
1; 1; 1085086; 1432052857969927
1; 1; 1091125; 1432052857976173
1; 1; 1097160; 1432052857982429
1; 1; 1103204; 1432052857988674
1; 1; 1109237; 1432052857994927
1; 1; 1115279; 1432052858001174
1; 1; 1121313; 1432052858007428
1; 1; 1127354; 1432052858013673
1; 1; 1133389; 1432052858019929
1; 1; 1139430; 1432052858026175
1; 1; 1145465; 1432052858032427
1; 1; 1151508; 1432052858038673
1; 1; 1157542; 1432052858044926
1; 1; 1163585; 1432052858051172
1; 1; 1169615; 1432052858057429
1; 1; 1175658; 1432052858063673
1; 1; 1179643; 1432052858069929
1; 1; 1183640; 1432052858076174
1; 1; 1185577; 1432052858082427
1; 1; 1187523; 1432052858088674
1; 1; 1189459; 1432052858094929
1; 1; 1191406; 1432052858101174
0; 0; 2209; 1432052858107427
0; 0; 6195; 1432052858113679
0; 0; 8189; 1432052858119878
0; 0; 14181; 1432052858126174
0; 0; 20212; 1432052858132431
0; 0; 26258; 1432052858138673
0; 0; 32288; 1432052858144931
0; 0; 38332; 1432052858151174
0; 0; 44363; 1432052858157431
0; 0; 50410; 1432052858163674
0; 0; 56441; 1432052858169931
0; 0; 62485; 1432052858176174
0; 0; 68517; 1432052858182430
0; 0; 74524; 1432052858188711
0; 0; 80976; 1432052858194931
0; 0; 87405; 1432052858201175
0; 0; 93436; 1432052858207432
0; 0; 99481; 1432052858213674
0; 0; 105513; 1432052858219931
0; 0; 111558; 1432052858226174
0; 0; 117588; 1432052858232431
0; 0; 123643; 1432052858238663
0; 0; 129669; 1432052858244926
0; 0; 135705; 1432052858251177
0; 0; 141742; 1432052858257427
0; 0; 147781; 1432052858263677
0; 0; 153817; 1432052858269928
0; 0; 159848; 1432052858276184
0; 0; 165897; 1432052858282433
0; 0; 171932; 1432052858288682
0; 0; 177976; 1432052858294923
0; 0; 184004; 1432052858301181
0; 0; 190051; 1432052858307423
0; 0; 196081; 1432052858313682
0; 0; 202149; 1432052858319924
0; 0; 208156; 1432052858326182
0; 0; 214202; 1432052858332425
0; 0; 220234; 1432052858338681
0; 0; 226278; 1432052858344924
0; 0; 232308; 1432052858351182
0; 0; 238355; 1432052858357423
0; 0; 244385; 1432052858363681
0; 0; 250433; 1432052858369922
0; 0; 256463; 1432052858376180
0; 0; 262508; 1432052858382424
0; 0; 268537; 1432052858388682
0; 0; 274585; 1432052858394923
0; 0; 280640; 1432052858401154
0; 0; 286659; 1432052858407423
0; 0; 292690; 1432052858413681
0; 0; 298734; 1432052858419924
0; 0; 304764; 1432052858426181
0; 0; 310811; 1432052858432424
0; 0; 316841; 1432052858438681
0; 0; 322885; 1432052858444924
0; 0; 328912; 1432052858451184
0; 0; 334964; 1432052858457424
0; 0; 340991; 1432052858463683
0; 0; 347039; 1432052858469924
0; 0; 353071; 1432052858476180
0; 0; 359116; 1432052858482424
0; 0; 365146; 1432052858488681
0; 0; 371191; 1432052858494924
0; 0; 377224; 1432052858501180
0; 0; 383268; 1432052858507423
0; 0; 389297; 1432052858513682
0; 0; 395343; 1432052858519924
0; 0; 401370; 1432052858526185
0; 0; 407418; 1432052858532424
0; 0; 413450; 1432052858538681
0; 0; 419497; 1432052858544923
0; 0; 425501; 1432052858551208
0; 0; 431568; 1432052858557428
0; 0; 437607; 1432052858563676
0; 0; 443645; 1432052858569927
0; 0; 449684; 1432052858576176
0; 0; 455720; 1432052858582428
0; 0; 461766; 1432052858588677
0; 0; 467796; 1432052858594928
0; 0; 473833; 1432052858601177
0; 0; 479872; 1432052858607428
0; 0; 485909; 1432052858613678
0; 0; 489902; 1432052858619926
0; 0; 495937; 1432052858626178
0; 0; 499928; 1432052858632428
0; 0; 505967; 1432052858638677
0; 0; 511995; 1432052858644936
0; 0; 518047; 1432052858651174
0; 0; 524077; 1432052858657430
0; 0; 530114; 1432052858663681
0; 0; 536152; 1432052858669931
0; 0; 542198; 1432052858676173
0; 0; 548228; 1432052858682431
0; 0; 554273; 1432052858688674
0; 0; 560305; 1432052858694931
0; 0; 566349; 1432052858701174
0; 0; 572378; 1432052858707431
0; 0; 578426; 1432052858713673
0; 0; 584458; 1432052858719931
0; 0; 590501; 1432052858726174
0; 0; 594485; 1432052858732430
0; 0; 600529; 1432052858738673
0; 0; 606560; 1432052858744931
0; 0; 612606; 1432052858751174
0; 0; 618634; 1432052858757432
0; 0; 624699; 1432052858763656
0; 0; 630710; 1432052858769935
0; 0; 634710; 1432052858776173
0; 0; 640738; 1432052858782432
0; 0; 646784; 1432052858788674
0; 0; 652814; 1432052858794933
0; 0; 658857; 1432052858801178
0; 0; 664896; 1432052858807427
0; 0; 670934; 1432052858813677
0; 0; 676971; 1432052858819928
0; 0; 683008; 1432052858826178
0; 0; 689048; 1432052858832427
0; 0; 695083; 1432052858838681
0; 0; 701124; 1432052858844928
0; 0; 707162; 1432052858851178
0; 0; 713199; 1432052858857428
0; 0; 719243; 1432052858863673
0; 0; 725276; 1432052858869928
0; 0; 731316; 1432052858876175
0; 0; 737349; 1432052858882431
0; 0; 743391; 1432052858888676
0; 0; 749431; 1432052858894927
0; 0; 755467; 1432052858901177
0; 0; 761505; 1432052858907427
0; 0; 767520; 1432052858913699
0; 0; 773583; 1432052858919925
0; 0; 779614; 1432052858926182
0; 0; 785654; 1432052858932430
0; 0; 791697; 1432052858938674
0; 0; 797728; 1432052858944930
0; 0; 803773; 1432052858951173
0; 0; 809804; 1432052858957430
0; 0; 815844; 1432052858963679
0; 0; 821876; 1432052858969935
0; 0; 827925; 1432052858976173
0; 0; 833956; 1432052858982431
0; 0; 840001; 1432052858988673
0; 0; 846033; 1432052858994930
0; 1; 310365; 1432052858994936
0; 0; 852073; 1432052859001179
0; 0; 860048; 1432052859013683
0; 0; 866091; 1432052859019928
0; 0; 872129; 1432052859026178
0; 0; 878167; 1432052859032428
0; 0; 884206; 1432052859038677
0; 0; 890242; 1432052859044929
0; 0; 896277; 1432052859051181
0; 0; 902316; 1432052859057431
0; 0; 908358; 1432052859063677
0; 0; 914394; 1432052859069929
0; 0; 920433; 1432052859076178
0; 0; 926471; 1432052859082429
0; 0; 932509; 1432052859088679
0; 0; 938548; 1432052859094928
0; 0; 944590; 1432052859101178
0; 0; 950626; 1432052859107427
0; 0; 956662; 1432052859113677
0; 0; 962700; 1432052859119928
0; 0; 968762; 1432052859126153
0; 0; 974767; 1432052859132436
0; 0; 980818; 1432052859138673
0; 0; 986848; 1432052859144931
0; 0; 992895; 1432052859151173
0; 0; 998924; 1432052859157431
0; 0; 1004970; 1432052859163674
0; 0; 1010998; 1432052859169932
0; 0; 1017043; 1432052859176174
0; 0; 1023073; 1432052859182433
0; 0; 1029120; 1432052859188674
0; 0; 1035150; 1432052859194932
0; 0; 1041198; 1432052859201173
0; 0; 1047227; 1432052859207431
0; 0; 1053271; 1432052859213674
0; 0; 1059302; 1432052859219931
0; 0; 1065349; 1432052859226174
0; 0; 1071378; 1432052859232431
0; 0; 1077424; 1432052859238673
0; 0; 1083459; 1432052859244928
0; 0; 1089492; 1432052859251183
0; 0; 1095533; 1432052859257428
0; 0; 1101572; 1432052859263678
0; 0; 1107608; 1432052859269932
0; 0; 1113651; 1432052859276174
0; 0; 1119683; 1432052859282431
0; 0; 1125724; 1432052859288678
0; 0; 1131760; 1432052859294932
0; 0; 1137805; 1432052859301174
0; 0; 1143833; 1432052859307432
0; 0; 1149882; 1432052859313673
0; 0; 1155916; 1432052859319927
0; 0; 1161957; 1432052859326174
0; 0; 1167994; 1432052859332427
0; 0; 1174034; 1432052859338674
0; 0; 1180070; 1432052859344926
0; 0; 1186110; 1432052859351173
0; 0; 1192145; 1432052859357428
0; 0; 1198185; 1432052859363674
0; 0; 1204217; 1432052859369930
0; 0; 1210258; 1432052859376177
0; 0; 1216298; 1432052859382424
0; 0; 1222335; 1432052859388676
0; 0; 1228375; 1432052859394922
0; 0; 1234409; 1432052859401177
0; 0; 1240450; 1432052859407423
0; 0; 1246486; 1432052859413677
0; 0; 1252528; 1432052859419923
0; 0; 1258559; 1432052859426179
0; 0; 1264603; 1432052859432424
0; 0; 1270637; 1432052859438678
0; 0; 1276679; 1432052859444923
0; 0; 1282713; 1432052859451177
0; 0; 1288757; 1432052859457423
0; 0; 1294790; 1432052859463677
0; 0; 1300830; 1432052859469924
0; 0; 1304819; 1432052859476177
0; 0; 1310860; 1432052859482423
0; 0; 1316928; 1432052859488643
0; 0; 1322934; 1432052859494923
0; 0; 1328971; 1432052859501177
0; 0; 1335012; 1432052859507423
0; 0; 1341045; 1432052859513678
0; 0; 1347086; 1432052859519924
0; 0; 1353120; 1432052859526179
0; 0; 1359163; 1432052859532424
0; 0; 1365196; 1432052859538678
0; 0; 1371240; 1432052859544923
0; 0; 1377275; 1432052859551177
0; 0; 1383316; 1432052859557424
0; 0; 1389347; 1432052859563679
0; 0; 1395390; 1432052859569924
0; 0; 1401425; 1432052859576177
0; 0; 1407465; 1432052859582424
0; 0; 1413500; 1432052859588678
0; 0; 1419544; 1432052859594923
0; 0; 1425579; 1432052859601177
0; 0; 1431615; 1432052859607426
0; 0; 1437653; 1432052859613678
0; 0; 1443692; 1432052859619927
0; 0; 1449732; 1432052859626176
0; 0; 1455768; 1432052859632428
0; 0; 1461810; 1432052859638673
0; 0; 1467843; 1432052859644929
0; 0; 1473883; 1432052859651177
0; 0; 1479916; 1432052859657431
0; 0; 1485962; 1432052859663673
0; 0; 1491995; 1432052859669928
0; 0; 1498039; 1432052859676173
0; 0; 1504072; 1432052859682428
0; 0; 1510113; 1432052859688673
0; 0; 1516148; 1432052859694927
0; 0; 1522190; 1432052859701173
0; 0; 1528220; 1432052859707429
0; 0; 1534265; 1432052859713674
0; 0; 1540297; 1432052859719929
0; 0; 1546340; 1432052859726174
0; 0; 1552372; 1432052859732430
0; 0; 1558417; 1432052859738673
0; 0; 1564451; 1432052859744927
0; 0; 1570491; 1432052859751174
0; 0; 1576527; 1432052859757428
0; 0; 1580522; 1432052859763674
0; 0; 1586554; 1432052859769929
0; 0; 1592596; 1432052859776175
0; 0; 1598631; 1432052859782428
0; 0; 1604673; 1432052859788674
0; 0; 1610703; 1432052859794930
0; 0; 1616748; 1432052859801175
0; 0; 1622781; 1432052859807430
0; 0; 1628826; 1432052859813673
0; 0; 1634862; 1432052859819927
0; 0; 1640899; 1432052859826176
0; 0; 1646936; 1432052859832427
0; 0; 1652976; 1432052859838674
0; 0; 1659009; 1432052859844928
0; 0; 1665085; 1432052859851143
0; 0; 1671082; 1432052859857432
0; 0; 1677131; 1432052859863673
0; 0; 1683168; 1432052859869923
0; 0; 1689201; 1432052859876177
0; 0; 1695241; 1432052859882425
0; 0; 1701278; 1432052859888678
0; 0; 1707318; 1432052859894923
0; 0; 1713350; 1432052859901182
0; 0; 1719393; 1432052859907425
0; 0; 1725429; 1432052859913677
0; 0; 1731469; 1432052859919924
0; 0; 1737507; 1432052859926177
0; 0; 1743547; 1432052859932423
0; 0; 1749582; 1432052859938677
0; 0; 1755623; 1432052859944924
0; 0; 1761658; 1432052859951177
0; 0; 1767698; 1432052859957426
0; 0; 1773735; 1432052859963678
0; 1; 255; 1432052859963683
0; 0; 1779776; 1432052859969923
0; 0; 1789799; 1432052859982427
0; 0; 1795838; 1432052859988677
0; 0; 1801880; 1432052859994923
0; 0; 1807913; 1432052860001178
0; 0; 1813954; 1432052860007424
0; 0; 1819985; 1432052860013680
0; 0; 1826030; 1432052860019924
0; 0; 1832063; 1432052860026179
0; 0; 1838104; 1432052860032427
0; 0; 1844141; 1432052860038677
0; 0; 1850181; 1432052860044925
0; 0; 1856216; 1432052860051179
0; 0; 1862260; 1432052860057423
0; 0; 1868292; 1432052860063678
0; 0; 1874335; 1432052860069924
0; 0; 1880371; 1432052860076177
0; 0; 1886411; 1432052860082424
0; 0; 1892445; 1432052860088678
0; 0; 1898493; 1432052860094919
0; 0; 1904524; 1432052860101174
0; 0; 1910557; 1432052860107429
0; 0; 1916600; 1432052860113674
1; 1; 462; 1432052860119927
1; 1; 463; 1432052860126243
1; 1; 461; 1432052860132495
1; 1; 460; 1432052860138741
1; 1; 462; 1432052860144996
1; 1; 458; 1432052860151242
1; 1; 462; 1432052860157496
1; 1; 461; 1432052860163743
1; 1; 1497; 1432052860169996
1; 1; 1632; 1432052860176177
1; 1; 2170; 1432052860182432
1; 1; 2701; 1432052860188677
1; 1; 4638; 1432052860194931
1; 1; 6528; 1432052860201233
1; 1; 8526; 1432052860207427
1; 1; 12518; 1432052860213676
1; 1; 16572; 1432052860219932
1; 1; 20497; 1432052860226175
1; 1; 24480; 1432052860232432
1; 1; 28474; 1432052860238678
1; 1; 32466; 1432052860244929
1; 1; 36453; 1432052860251180
1; 1; 40435; 1432052860257437
1; 1; 44438; 1432052860263676
1; 1; 48420; 1432052860269932
1; 1; 52417; 1432052860276173
1; 1; 56401; 1432052860282432
1; 1; 60394; 1432052860288678
1; 1; 64383; 1432052860294930
1; 1; 68374; 1432052860301178
1; 1; 72364; 1432052860307427
1; 1; 76803; 1432052860313677
1; 1; 80791; 1432052860319931
1; 1; 84781; 1432052860326179
1; 1; 88783; 1432052860332418
1; 1; 92768; 1432052860338674
1; 1; 96706; 1432052860344975
1; 1; 100742; 1432052860351178
1; 1; 104732; 1432052860357429
1; 1; 108721; 1432052860363680
1; 1; 112712; 1432052860369930
1; 1; 116706; 1432052860376173
1; 1; 120688; 1432052860382432
1; 1; 126736; 1432052860388674
1; 1; 132765; 1432052860394930
1; 1; 138807; 1432052860401177
1; 1; 144848; 1432052860407426
1; 1; 150885; 1432052860413677
1; 1; 156923; 1432052860419927
1; 1; 162958; 1432052860426178
1; 1; 166943; 1432052860432432
1; 1; 172990; 1432052860438673
1; 1; 176973; 1432052860444931
1; 1; 183020; 1432052860451174
1; 1; 187004; 1432052860457430
1; 1; 193043; 1432052860463681
1; 1; 196991; 1432052860469969
1; 1; 203067; 1432052860476181
1; 1; 207064; 1432052860482424
1; 1; 213095; 1432052860488681
1; 1; 217084; 1432052860494932
1; 1; 223127; 1432052860501178
1; 1; 227116; 1432052860507427
1; 1; 233153; 1432052860513678
1; 1; 239191; 1432052860519928
1; 1; 245230; 1432052860526178
1; 1; 251268; 1432052860532428
1; 1; 257307; 1432052860538678
1; 1; 263346; 1432052860544928
1; 1; 269383; 1432052860551177
1; 1; 275420; 1432052860557428
1; 1; 281454; 1432052860563683
1; 1; 287498; 1432052860569932
1; 1; 293583; 1432052860576131
1; 1; 299573; 1432052860582427
1; 1; 305610; 1432052860588678
1; 1; 311582; 1432052860594995
1; 1; 317686; 1432052860601181
1; 0; 1603597; 1432052860601187
1; 1; 321676; 1432052860607428
1; 1; 331702; 1432052860619930
1; 1; 337739; 1432052860626182
1; 1; 343800; 1432052860632423
1; 1; 349818; 1432052860638681
1; 1; 353809; 1432052860644927
1; 1; 359847; 1432052860651177
1; 1; 365886; 1432052860657427
1; 1; 371923; 1432052860663678
1; 1; 375915; 1432052860669926
1; 1; 381954; 1432052860676177
1; 1; 387989; 1432052860682428
1; 1; 394027; 1432052860688678
1; 1; 398018; 1432052860694927
1; 1; 404059; 1432052860701179
1; 1; 410092; 1432052860707428
1; 1; 416125; 1432052860713683
1; 1; 420126; 1432052860719923
1; 1; 426157; 1432052860726181
1; 1; 432203; 1432052860732424
1; 1; 436185; 1432052860738680
1; 1; 442228; 1432052860744924
1; 1; 448259; 1432052860751181
1; 1; 454303; 1432052860757424
1; 1; 460335; 1432052860763681
1; 1; 466381; 1432052860769924
1; 1; 472411; 1432052860776180
1; 1; 478453; 1432052860782427
1; 1; 484491; 1432052860788678
1; 1; 490529; 1432052860794927
1; 1; 496567; 1432052860801177
1; 1; 502605; 1432052860807427
1; 1; 508642; 1432052860813678
1; 1; 514681; 1432052860819928
1; 1; 520718; 1432052860826178
1; 1; 526756; 1432052860832428
1; 1; 532797; 1432052860838677
1; 1; 536787; 1432052860844929
1; 1; 542818; 1432052860851181
1; 1; 548855; 1432052860857434
1; 1; 554902; 1432052860863675
1; 1; 560932; 1432052860869931
1; 1; 566977; 1432052860876174
1; 1; 573009; 1432052860882431
1; 1; 579058; 1432052860888673
1; 1; 585096; 1432052860894930
1; 1; 591131; 1432052860901173
1; 1; 597161; 1432052860907431
1; 1; 603208; 1432052860913672
1; 1; 609236; 1432052860919931
1; 1; 615283; 1432052860926174
1; 1; 621313; 1432052860932430
1; 1; 625358; 1432052860938627
1; 1; 631346; 1432052860944928
1; 1; 637318; 1432052860951243
1; 1; 643352; 1432052860957499
1; 1; 649468; 1432052860963673
1; 1; 655494; 1432052860969932
1; 1; 661540; 1432052860976173
1; 1; 667571; 1432052860982431
1; 1; 673609; 1432052860988678
1; 1; 679653; 1432052860994926
1; 1; 685689; 1432052861001177
1; 1; 691726; 1432052861007427
1; 1; 697762; 1432052861013679
1; 1; 703801; 1432052861019928
1; 1; 709847; 1432052861026179
1; 1; 715879; 1432052861032427
1; 1; 721915; 1432052861038677
1; 1; 727955; 1432052861044927
1; 1; 733991; 1432052861051176
1; 1; 740040; 1432052861057416
1; 1; 744012; 1432052861063686
1; 1; 750061; 1432052861069924
1; 1; 756095; 1432052861076180
1; 1; 762140; 1432052861082423
1; 1; 768171; 1432052861088680
1; 1; 772162; 1432052861094927
1; 1; 778199; 1432052861101178
1; 1; 784236; 1432052861107428
1; 1; 790273; 1432052861113679
1; 1; 796313; 1432052861119928
1; 1; 802350; 1432052861126179
1; 1; 808388; 1432052861132428
1; 1; 814427; 1432052861138678
1; 1; 818419; 1432052861144928
1; 1; 824458; 1432052861151178
1; 1; 830497; 1432052861157427
1; 1; 836540; 1432052861163677
1; 1; 842572; 1432052861169927
1; 1; 848604; 1432052861176181
1; 1; 854650; 1432052861182423
1; 1; 860680; 1432052861188682
1; 1; 866688; 1432052861194961
1; 1; 872756; 1432052861201181
1; 1; 878801; 1432052861207424
1; 1; 884832; 1432052861213681
1; 1; 890873; 1432052861219927
1; 1; 896909; 1432052861226180
1; 1; 902952; 1432052861232424
1; 1; 908983; 1432052861238681
1; 1; 915027; 1432052861244924
1; 1; 921060; 1432052861251181
1; 1; 927104; 1432052861257424
1; 1; 933139; 1432052861263679
1; 1; 939179; 1432052861269924
1; 1; 945213; 1432052861276181
1; 1; 951257; 1432052861282425
1; 1; 957289; 1432052861288681
1; 1; 963335; 1432052861294923
1; 1; 969355; 1432052861301190
1; 1; 975410; 1432052861307424
1; 1; 981376; 1432052861313746
1; 1; 987485; 1432052861319923
1; 1; 993516; 1432052861326182
1; 1; 999563; 1432052861332423
1; 1; 1005568; 1432052861338706
1; 1; 1011634; 1432052861344928
1; 1; 1017671; 1432052861351178
1; 1; 1023711; 1432052861357427
1; 1; 1029748; 1432052861363678
1; 1; 1035788; 1432052861369927
1; 1; 1041826; 1432052861376176
1; 1; 1047857; 1432052861382430
1; 1; 1053905; 1432052861388673
1; 1; 1059934; 1432052861394930
1; 1; 1065979; 1432052861401174
1; 1; 1072011; 1432052861407431
1; 1; 1078057; 1432052861413673
1; 1; 1084111; 1432052861419907
1; 1; 1090130; 1432052861426174
1; 1; 1096162; 1432052861432431
1; 1; 1102208; 1432052861438674
1; 1; 1108238; 1432052861444931
1; 1; 1114271; 1432052861451188
1; 1; 1120308; 1432052861457436
1; 1; 1126361; 1432052861463674
1; 1; 1132392; 1432052861469930
1; 1; 1138438; 1432052861476173
1; 1; 1144469; 1432052861482430
1; 1; 1150512; 1432052861488674
1; 1; 1156540; 1432052861494932
1; 1; 1162589; 1432052861501173
1; 1; 1168621; 1432052861507429
1; 1; 1174666; 1432052861513673
1; 1; 1180697; 1432052861519931
1; 1; 1186741; 1432052861526174
1; 1; 1192770; 1432052861532431
1; 1; 1198815; 1432052861538674
1; 1; 1204848; 1432052861544931
1; 1; 1210892; 1432052861551175
1; 1; 1216896; 1432052861557457
1; 1; 1222968; 1432052861563673
1; 1; 1228998; 1432052861569931
1; 1; 1235044; 1432052861576173
1; 1; 1241076; 1432052861582431
1; 1; 1247117; 1432052861588676
1; 1; 1253153; 1432052861594928
1; 1; 1259193; 1432052861601177
1; 1; 1265233; 1432052861607426
1; 1; 1271267; 1432052861613678
1; 1; 1275258; 1432052861619928
1; 1; 1279248; 1432052861626178
1; 1; 1285287; 1432052861632427
1; 1; 1291325; 1432052861638677
1; 1; 1297361; 1432052861644927
1; 1; 1303398; 1432052861651177
1; 1; 1309438; 1432052861657427
1; 1; 1315466; 1432052861663688
1; 1; 1321517; 1432052861669924
1; 1; 1327488; 1432052861676241
1; 1; 1333594; 1432052861682424
1; 1; 1339626; 1432052861688680
1; 1; 1345671; 1432052861694923
1; 1; 1351679; 1432052861701203
1; 1; 1357745; 1432052861707424
1; 1; 1363776; 1432052861713682
1; 1; 1369823; 1432052861719924
1; 1; 1375852; 1432052861726182
1; 1; 1381898; 1432052861732424
1; 1; 1387928; 1432052861738683
1; 1; 1391925; 1432052861744926
1; 1; 1395907; 1432052861751183
1; 1; 1401955; 1432052861757423
1; 1; 1407990; 1432052861763677
1; 1; 1414028; 1432052861769924
1; 1; 1420062; 1432052861776181
1; 1; 1426127; 1432052861782403
1; 1; 1432137; 1432052861788681
1; 1; 1438183; 1432052861794924
1; 1; 1444214; 1432052861801181
1; 1; 1450260; 1432052861807424
1; 1; 1456289; 1432052861813681
1; 1; 1462334; 1432052861819924
1; 1; 1468364; 1432052861826182
1; 1; 1474407; 1432052861832427
1; 1; 1480445; 1432052861838676
1; 1; 1486484; 1432052861844927
1; 1; 1492520; 1432052861851177
1; 1; 1498557; 1432052861857427
1; 1; 1504601; 1432052861863677
1; 1; 1510633; 1432052861869928
1; 1; 1516672; 1432052861876178
1; 1; 1522708; 1432052861882429
1; 1; 1528748; 1432052861888677
1; 1; 1534787; 1432052861894927
1; 1; 1540825; 1432052861901176
1; 1; 1546890; 1432052861907399
1; 1; 1552903; 1432052861913674
1; 1; 1558913; 1432052861919953
1; 1; 1564978; 1432052861926175
1; 1; 1571008; 1432052861932433
1; 1; 1577056; 1432052861938673
1; 1; 1583086; 1432052861944932
1; 1; 1589133; 1432052861951174
1; 1; 1595161; 1432052861957432
1; 1; 1601205; 1432052861963677
1; 1; 1607242; 1432052861969927
1; 1; 1613280; 1432052861976177
1; 1; 1619318; 1432052861982428
1; 1; 1625356; 1432052861988678
1; 1; 1631395; 1432052861994927
1; 1; 1637433; 1432052862001177
1; 1; 1643471; 1432052862007426
1; 1; 1649509; 1432052862013677
1; 1; 1655547; 1432052862019927
1; 0; 188437; 1432052862019932
1; 1; 1661580; 1432052862026182
1; 1; 1671551; 1432052862038737
1; 1; 1677654; 1432052862044924
1; 1; 1683692; 1432052862051178
1; 1; 1689729; 1432052862057425
1; 1; 1695741; 1432052862063701
1; 1; 1701805; 1432052862069923
1; 1; 1707839; 1432052862076178
1; 1; 1713882; 1432052862082424
1; 1; 1719914; 1432052862088678
1; 1; 1725958; 1432052862094925
1; 1; 1731992; 1432052862101177
1; 1; 1738032; 1432052862107424
1; 1; 1744068; 1432052862113677
1; 1; 1750110; 1432052862119923
1; 1; 1756143; 1432052862126178
1; 1; 1762186; 1432052862132424
1; 1; 1768221; 1432052862138678
1; 1; 1774265; 1432052862144924
1; 1; 1780295; 1432052862151178
1; 1; 1786337; 1432052862157424
1; 1; 1792366; 1432052862163684
1; 1; 1798408; 1432052862169930
1; 1; 1804449; 1432052862176177
1; 1; 1810489; 1432052862182423
1; 1; 1816525; 1432052862188678
1; 1; 1822564; 1432052862194924
1; 1; 1828600; 1432052862201178
1; 1; 1834634; 1432052862207431
1; 1; 1840672; 1432052862213681
1; 1; 1846717; 1432052862219924
1; 1; 1852751; 1432052862226178
1; 1; 1856748; 1432052862232423
1; 1; 1862779; 1432052862238678
1; 1; 1868774; 1432052862244973
1; 1; 1874857; 1432052862251178
1; 1; 1880898; 1432052862257424
1; 1; 1886936; 1432052862263677
1; 1; 1892973; 1432052862269924
1; 1; 1899008; 1432052862276178
1; 1; 1905096; 1432052862282382
1; 1; 1911089; 1432052862288676
1; 1; 1917128; 1432052862294924
1; 1; 1923160; 1432052862301178
1; 1; 1927165; 1432052862307412
1; 1; 1933191; 1432052862313674
1; 1; 1939227; 1432052862319926
1; 1; 1945268; 1432052862326174
1; 1; 1951299; 1432052862332428
1; 1; 1957342; 1432052862338674
1; 1; 1963376; 1432052862344928
1; 1; 1969421; 1432052862351174
1; 1; 1975455; 1432052862357426
1; 1; 1981496; 1432052862363674
1; 1; 1987532; 1432052862369928
1; 1; 1993573; 1432052862376173
1; 1; 1999603; 1432052862382430
1; 1; 2005648; 1432052862388673
1; 1; 2011684; 1432052862394927
1; 1; 2017663; 1432052862401233
1; 1; 2023759; 1432052862407427
1; 1; 2029799; 1432052862413674
1; 1; 2035832; 1432052862419930
1; 1; 2041876; 1432052862426173
1; 1; 2047909; 1432052862432427
1; 1; 2053952; 1432052862438673
1; 1; 2059986; 1432052862444928
1; 1; 2066028; 1432052862451173
1; 1; 2072062; 1432052862457428
1; 1; 2078104; 1432052862463673
1; 1; 2084137; 1432052862469928
1; 1; 2090178; 1432052862476174
1; 1; 2096212; 1432052862482428
1; 1; 2102257; 1432052862488673
1; 1; 2108290; 1432052862494927
1; 1; 2114331; 1432052862501173
1; 1; 2120362; 1432052862507429
1; 1; 2126407; 1432052862513675
1; 1; 2132441; 1432052862519927
1; 1; 2138483; 1432052862526174
1; 1; 2144517; 1432052862532428
1; 1; 2150561; 1432052862538674
1; 1; 2154545; 1432052862544928
1; 1; 2160545; 1432052862551216
1; 1; 2166622; 1432052862557428
1; 1; 2172664; 1432052862563673
1; 1; 2178696; 1432052862569928
1; 1; 2184740; 1432052862576174
1; 1; 2190772; 1432052862582430
1; 1; 2196816; 1432052862588674
1; 1; 2202847; 1432052862594930
1; 1; 2208782; 1432052862607424
1; 1; 2210621; 1432052862619924
1; 1; 2210409; 1432052862632425
1; 1; 2210244; 1432052862644878
1; 1; 2212141; 1432052862651173
1; 1; 2211932; 1432052862663671
1; 1; 2211716; 1432052862676174
1; 1; 2211504; 1432052862688673
1; 1; 2211293; 1432052862701173
1; 1; 2211076; 1432052862713677
1; 1; 2210866; 1432052862726175
1; 1; 2210655; 1432052862738674
1; 1; 2210443; 1432052862751173
1; 1; 2210176; 1432052862763729
1; 1; 2210019; 1432052862776174
1; 1; 2209805; 1432052862788674
1; 1; 2209593; 1432052862801175
1; 1; 2209385; 1432052862813674
1; 1; 2209169; 1432052862826176
1; 1; 2208958; 1432052862838674
1; 1; 2208745; 1432052862851175
1; 1; 2208554; 1432052862863674
1; 1; 2208322; 1432052862876175
1; 1; 2208110; 1432052862888675
1; 1; 2212101; 1432052862894923
1; 1; 2209839; 1432052862907424
1; 1; 2209627; 1432052862919925
1; 1; 2209415; 1432052862932425
1; 1; 2209205; 1432052862944925
1; 1; 2208993; 1432052862957424
1; 1; 2208780; 1432052862969924
1; 1; 2208569; 1432052862982424
1; 1; 2208357; 1432052862994925
1; 1; 2208126; 1432052863007443
1; 1; 2209981; 1432052863019924
1; 1; 2209769; 1432052863032424
1; 1; 2209554; 1432052863044926
1; 1; 2209345; 1432052863057424
1; 1; 2209131; 1432052863069924
1; 1; 2208921; 1432052863082424
1; 1; 2208707; 1432052863094926
1; 1; 2210547; 1432052863107424
1; 1; 2210332; 1432052863119925
1; 1; 2210119; 1432052863132426
1; 1; 2209905; 1432052863144928
1; 1; 2209791; 1432052863151186
1; 1; 2209590; 1432052863163675
1; 1; 2209379; 1432052863176175
1; 1; 2209165; 1432052863188674
1; 1; 2208955; 1432052863201174
1; 1; 2208742; 1432052863213674
1; 1; 2208530; 1432052863226174
1; 1; 2210367; 1432052863238674
1; 1; 2210154; 1432052863251175
1; 1; 2212095; 1432052863257425
1; 1; 2211889; 1432052863269920
1; 1; 2211674; 1432052863282424
1; 1; 2211461; 1432052863294924
1; 1; 2211251; 1432052863307424
1; 1; 2211035; 1432052863319925
1; 1; 2210824; 1432052863332424
1; 1; 2210611; 1432052863344925
1; 1; 2210399; 1432052863357425
1; 1; 2210188; 1432052863369924
1; 1; 2209975; 1432052863382425
1; 1; 2209766; 1432052863394923
1; 1; 2207504; 1432052863407425
1; 1; 2205246; 1432052863419924
1; 1; 2202985; 1432052863432424
1; 1; 2200726; 1432052863444924
1; 1; 2198465; 1432052863457424
1; 1; 2196204; 1432052863469925
1; 1; 2191895; 1432052863482425
1; 1; 2187591; 1432052863494924
1; 1; 2185331; 1432052863507424
1; 1; 2181023; 1432052863519924
1; 1; 2176713; 1432052863532425
1; 1; 2172403; 1432052863544925
1; 1; 2168097; 1432052863557424
1; 1; 2163789; 1432052863569925
1; 1; 2159479; 1432052863582425
1; 1; 2157220; 1432052863594924
1; 1; 2152913; 1432052863607425
1; 1; 2150758; 1432052863613674
1; 1; 2146456; 1432052863626171
1; 1; 2142144; 1432052863638674
1; 1; 2137837; 1432052863651174
1; 1; 2133527; 1432052863663674
1; 1; 2129218; 1432052863676174
1; 1; 2122861; 1432052863688675
1; 1; 2108104; 1432052863713675
1; 1; 2101746; 1432052863726175
1; 1; 2095390; 1432052863738675
0; 0; 4354; 1432052863751183
0; 0; 6301; 1432052863757429
0; 0; 8250; 1432052863763671
0; 0; 10182; 1432052863769932
0; 0; 12127; 1432052863776180
0; 0; 14069; 1432052863782428
0; 0; 16008; 1432052863788682
0; 0; 17958; 1432052863794923
0; 0; 19893; 1432052863801179
0; 0; 21838; 1432052863807427
0; 0; 23779; 1432052863813681
0; 0; 25726; 1432052863819923
0; 0; 27665; 1432052863826181
0; 0; 29607; 1432052863832428
0; 0; 31543; 1432052863838682
0; 0; 35540; 1432052863844925
0; 0; 37441; 1432052863851217
0; 0; 41467; 1432052863857430
0; 0; 43409; 1432052863863682
0; 0; 47406; 1432052863869923
0; 0; 47294; 1432052863876180
0; 0; 51283; 1432052863882431
0; 0; 53244; 1432052863888662
0; 0; 57217; 1432052863894929
0; 0; 61208; 1432052863901178
0; 0; 65194; 1432052863907431
0; 0; 67145; 1432052863913674
0; 0; 71124; 1432052863919933
0; 0; 75119; 1432052863926178
0; 0; 79111; 1432052863932428
0; 0; 83100; 1432052863938678
0; 0; 87088; 1432052863944930
0; 0; 91083; 1432052863951173
0; 0; 95066; 1432052863957431
0; 0; 99061; 1432052863963677
0; 0; 102980; 1432052863969996
0; 0; 106972; 1432052863976245
0; 0; 111026; 1432052863982431
0; 0; 115024; 1432052863988673
0; 0; 118973; 1432052863994964
0; 0; 125054; 1432052864001173
0; 0; 129033; 1432052864007433
0; 0; 135075; 1432052864013678
0; 0; 139067; 1432052864019927
0; 0; 143056; 1432052864026179
0; 0; 149089; 1432052864032432
0; 0; 155137; 1432052864038673
0; 0; 159119; 1432052864044930
0; 0; 165164; 1432052864051173
0; 0; 169144; 1432052864057432
0; 0; 175190; 1432052864063677
0; 0; 179178; 1432052864069927
0; 0; 185215; 1432052864076177
0; 0; 189204; 1432052864082428
0; 0; 195242; 1432052864088677
0; 0; 201275; 1432052864094932
0; 0; 205274; 1432052864101173
0; 0; 211297; 1432052864107438
0; 0; 215303; 1432052864113674
0; 0; 221335; 1432052864119931
0; 0; 227391; 1432052864126162
0; 0; 233416; 1432052864132426
0; 0; 237400; 1432052864138682
0; 0; 243447; 1432052864144924
0; 0; 249478; 1432052864151181
0; 0; 255523; 1432052864157424
0; 0; 259502; 1432052864163683
0; 0; 265546; 1432052864169927
0; 0; 271584; 1432052864176177
0; 0; 277622; 1432052864182428
0; 0; 283660; 1432052864188678
0; 0; 289698; 1432052864194928
0; 0; 293689; 1432052864201177
0; 0; 299726; 1432052864207428
0; 0; 305728; 1432052864213714
0; 0; 311804; 1432052864219927
0; 0; 315790; 1432052864226178
0; 0; 321829; 1432052864232428
0; 0; 327867; 1432052864238678
0; 0; 331858; 1432052864244928
0; 0; 337893; 1432052864251181
0; 0; 343938; 1432052864257424
0; 0; 349969; 1432052864263681
0; 0; 353965; 1432052864269924
0; 0; 359997; 1432052864276181
0; 0; 366040; 1432052864282425
0; 0; 372071; 1432052864288682
0; 0; 378117; 1432052864294924
0; 1; 1600112; 1432052864294930
0; 0; 384145; 1432052864301184
0; 0; 392129; 1432052864313680
0; 0; 396122; 1432052864319927
0; 0; 402160; 1432052864326178
0; 0; 406152; 1432052864332426
0; 0; 412189; 1432052864338676
0; 0; 418227; 1432052864344928
0; 0; 424264; 1432052864351177
0; 0; 430303; 1432052864357427
0; 0; 436339; 1432052864363678
0; 0; 442368; 1432052864369939
0; 0; 448416; 1432052864376177
0; 0; 454458; 1432052864382427
0; 0; 460493; 1432052864388677
0; 0; 466533; 1432052864394927
0; 0; 472568; 1432052864401177
0; 0; 478606; 1432052864407427
0; 0; 484644; 1432052864413677
0; 0; 488634; 1432052864419928
0; 0; 494672; 1432052864426178
0; 0; 500711; 1432052864432427
0; 0; 506749; 1432052864438677
0; 0; 512784; 1432052864444930
0; 0; 518825; 1432052864451177
0; 0; 524863; 1432052864457427
0; 0; 530900; 1432052864463678
0; 0; 536940; 1432052864469927
0; 0; 542976; 1432052864476177
0; 0; 549014; 1432052864482427
0; 0; 555065; 1432052864488665
0; 0; 559039; 1432052864494931
0; 0; 565083; 1432052864501174
0; 0; 571114; 1432052864507431
0; 0; 577159; 1432052864513674
0; 0; 583190; 1432052864519931
0; 0; 589236; 1432052864526174
0; 0; 595266; 1432052864532432
0; 0; 601311; 1432052864538673
0; 0; 605296; 1432052864544930
0; 0; 611341; 1432052864551173
0; 0; 617371; 1432052864557430
0; 0; 623415; 1432052864563674
0; 0; 629448; 1432052864569930
0; 0; 635456; 1432052864576209
0; 0; 639475; 1432052864582431
0; 0; 645520; 1432052864588674
0; 0; 651550; 1432052864594931
0; 0; 657593; 1432052864601176
0; 0; 663623; 1432052864607435
0; 0; 669691; 1432052864613654
0; 0; 675707; 1432052864619926
0; 0; 681742; 1432052864626179
0; 0; 687783; 1432052864632428
0; 0; 693822; 1432052864638677
0; 0; 699858; 1432052864644928
0; 0; 705896; 1432052864651177
0; 0; 711934; 1432052864657427
0; 0; 717972; 1432052864663677
0; 0; 724011; 1432052864669927
0; 0; 730049; 1432052864676177
0; 0; 736088; 1432052864682427
0; 0; 742122; 1432052864688680
0; 0; 748096; 1432052864694993
0; 0; 754200; 1432052864701178
0; 0; 760238; 1432052864707427
0; 0; 766276; 1432052864713677
0; 0; 772314; 1432052864719927
0; 0; 778352; 1432052864726178
0; 0; 784381; 1432052864732436
0; 0; 790424; 1432052864738681
0; 0; 796469; 1432052864744924
0; 0; 802501; 1432052864751180
0; 0; 808546; 1432052864757424
0; 0; 814577; 1432052864763680
0; 0; 820622; 1432052864769923
0; 0; 826654; 1432052864776180
0; 0; 832697; 1432052864782424
0; 0; 838729; 1432052864788681
0; 0; 844772; 1432052864794924
0; 0; 850804; 1432052864801182
0; 0; 856852; 1432052864807423
0; 0; 860840; 1432052864813677
0; 0; 866874; 1432052864819927
0; 0; 872912; 1432052864826178
0; 0; 878949; 1432052864832427
0; 0; 884987; 1432052864838678
0; 0; 891025; 1432052864844928
0; 0; 897091; 1432052864851151
0; 0; 903100; 1432052864857429
0; 0; 909134; 1432052864863682
0; 0; 915183; 1432052864869923
0; 0; 921212; 1432052864876181
0; 0; 927256; 1432052864882425
0; 0; 933286; 1432052864888682
0; 0; 939334; 1432052864894923
0; 0; 945363; 1432052864901182
0; 0; 951410; 1432052864907423
0; 0; 957439; 1432052864913682
0; 0; 963486; 1432052864919923
0; 0; 967467; 1432052864926183
0; 0; 973515; 1432052864932423
0; 0; 979520; 1432052864938706
0; 0; 985590; 1432052864944924
0; 0; 991621; 1432052864951181
0; 0; 997666; 1432052864957424
0; 0; 1003695; 1432052864963682
0; 0; 1009741; 1432052864969924
0; 0; 1015770; 1432052864976184
0; 0; 1021816; 1432052864982426
0; 0; 1027854; 1432052864988677
0; 0; 1033891; 1432052864994927
0; 0; 1039928; 1432052865001178
0; 0; 1045969; 1432052865007427
0; 0; 1052004; 1432052865013678
0; 0; 1058043; 1432052865019927
0; 0; 1064079; 1432052865026179
0; 0; 1070120; 1432052865032427
0; 0; 1076156; 1432052865038678
0; 0; 1082194; 1432052865044928
0; 0; 1086186; 1432052865051177
0; 0; 1090113; 1432052865057489
0; 0; 1096213; 1432052865063677
0; 0; 1102249; 1432052865069928
0; 0; 1108289; 1432052865076177
0; 0; 1114304; 1432052865082451
0; 0; 1120364; 1432052865088678
0; 0; 1126399; 1432052865094932
0; 0; 1132441; 1432052865101177
0; 0; 1138476; 1432052865107432
0; 0; 1144521; 1432052865113674
0; 0; 1150554; 1432052865119929
0; 0; 1156595; 1432052865126174
0; 0; 1162627; 1432052865132431
0; 0; 1168674; 1432052865138673
0; 0; 1174703; 1432052865144931
0; 0; 1180745; 1432052865151177
0; 0; 1186785; 1432052865157427
0; 0; 1192818; 1432052865163679
0; 0; 1196811; 1432052865169926
0; 0; 1202850; 1432052865176176
0; 0; 1208886; 1432052865182428
0; 0; 1214925; 1432052865188677
0; 0; 1220962; 1432052865194928
0; 0; 1227001; 1432052865201178
0; 0; 1233038; 1432052865207429
0; 0; 1239105; 1432052865213650
0; 0; 1245113; 1432052865219929
0; 0; 1251154; 1432052865226178
0; 0; 1257191; 1432052865232428
0; 0; 1263229; 1432052865238678
0; 0; 1269266; 1432052865244928
0; 0; 1275306; 1432052865251177
0; 0; 1281343; 1432052865257427
0; 0; 1287381; 1432052865263676
0; 0; 1293418; 1432052865269928
0; 0; 1299458; 1432052865276177
0; 0; 1305493; 1432052865282428
0; 0; 1311532; 1432052865288678
0; 0; 1317571; 1432052865294928
0; 0; 1323584; 1432052865301202
0; 0; 1329646; 1432052865307428
0; 0; 1335686; 1432052865313676
0; 0; 1339673; 1432052865319929
0; 0; 1345713; 1432052865326178
0; 0; 1351751; 1432052865332427
0; 0; 1357783; 1432052865338683
0; 0; 1363824; 1432052865344931
0; 0; 1369870; 1432052865351173
0; 0; 1375899; 1432052865357430
0; 0; 1379889; 1432052865363681
0; 0; 1385927; 1432052865369931
0; 0; 1391970; 1432052865376177
0; 0; 1398007; 1432052865382427
0; 0; 1404045; 1432052865388677
0; 0; 1410083; 1432052865394926
0; 0; 1416120; 1432052865401178
0; 0; 1422158; 1432052865407427
0; 0; 1428199; 1432052865413677
0; 0; 1434177; 1432052865419985
0; 0; 1440271; 1432052865426179
0; 0; 1446311; 1432052865432427
0; 0; 1452349; 1432052865438677
0; 0; 1458366; 1432052865444948
0; 0; 1464424; 1432052865451178
0; 0; 1470460; 1432052865457430
0; 0; 1476500; 1432052865463678
0; 0; 1482533; 1432052865469934
0; 0; 1488581; 1432052865476174
0; 0; 1494610; 1432052865482433
0; 0; 1500657; 1432052865488674
0; 0; 1506688; 1432052865494931
0; 0; 1512735; 1432052865501173
0; 0; 1518766; 1432052865507430
0; 0; 1524809; 1432052865513673
0; 0; 1530840; 1432052865519930
0; 0; 1536886; 1432052865526173
0; 0; 1542916; 1432052865532430
0; 0; 1548961; 1432052865538673
0; 0; 1554989; 1432052865544932
0; 0; 1561038; 1432052865551173
0; 0; 1565021; 1432052865557430
0; 0; 1571064; 1432052865563674
0; 0; 1577095; 1432052865569931
0; 0; 1583165; 1432052865576150
0; 0; 1589172; 1432052865582431
0; 0; 1595215; 1432052865588674
0; 0; 1601247; 1432052865594931
0; 0; 1607293; 1432052865601174
0; 0; 1613326; 1432052865607430
0; 0; 1619369; 1432052865613673
0; 0; 1625401; 1432052865619930
0; 0; 1631441; 1432052865626178
0; 0; 1637479; 1432052865632427
0; 0; 1643518; 1432052865638677
0; 0; 1649555; 1432052865644927
0; 0; 1655593; 1432052865651177
0; 0; 1661626; 1432052865657432
0; 0; 1667672; 1432052865663673
0; 0; 1673704; 1432052865669930
0; 0; 1679741; 1432052865676181
0; 0; 1685788; 1432052865682423
0; 0; 1691818; 1432052865688680
0; 0; 1697857; 1432052865694930
0; 0; 1703891; 1432052865701182
0; 0; 1709939; 1432052865707424
0; 0; 1715968; 1432052865713682
0; 0; 1722011; 1432052865719928
0; 0; 1728044; 1432052865726182
0; 0; 1734091; 1432052865732423
0; 0; 1740123; 1432052865738680
0; 0; 1746163; 1432052865744927
0; 1; 153245; 1432052865744932
0; 0; 1752196; 1432052865751182
0; 0; 1762223; 1432052865763684
0; 0; 1768288; 1432052865769928
0; 0; 1774304; 1432052865776180
0; 0; 1780288; 1432052865782482
0; 0; 1786380; 1432052865788678
0; 0; 1792419; 1432052865794927
0; 0; 1798453; 1432052865801180
0; 0; 1804484; 1432052865807445
0; 0; 1810526; 1432052865813682
0; 0; 1816573; 1432052865819924
0; 0; 1822601; 1432052865826182
0; 0; 1828644; 1432052865832428
0; 0; 1834681; 1432052865838680
0; 0; 1840728; 1432052865844924
0; 0; 1846760; 1432052865851177
0; 0; 1852802; 1432052865857424
0; 0; 1858835; 1432052865863679
0; 0; 1864881; 1432052865869922
0; 0; 1870913; 1432052865876177
0; 0; 1876954; 1432052865882424
0; 0; 1882989; 1432052865888677
0; 0; 1889027; 1432052865894927
0; 0; 1895060; 1432052865901182
0; 0; 1901102; 1432052865907427
0; 0; 1907144; 1432052865913673
0; 0; 1913178; 1432052865919928
0; 0; 1919221; 1432052865926173
0; 0; 1925253; 1432052865932428
0; 0; 1931323; 1432052865938647
0; 0; 1937326; 1432052865944933
0; 0; 1943373; 1432052865951173
0; 0; 1949406; 1432052865957428
0; 0; 1955449; 1432052865963673
0; 0; 1961479; 1432052865969929
0; 0; 1967525; 1432052865976173
0; 0; 1973558; 1432052865982428
0; 0; 1979603; 1432052865988673
0; 0; 1985636; 1432052865994926
0; 0; 1991677; 1432052866001173
0; 0; 1997709; 1432052866007427
0; 0; 2003754; 1432052866013673
0; 0; 2009786; 1432052866019927
0; 0; 2015827; 1432052866026174
0; 0; 2021862; 1432052866032428
0; 0; 2027905; 1432052866038673
0; 0; 2033938; 1432052866044927
0; 0; 2039979; 1432052866051173
0; 0; 2046014; 1432052866057427
0; 0; 2052054; 1432052866063674
0; 0; 2058089; 1432052866069928
0; 0; 2064132; 1432052866076173
0; 0; 2070168; 1432052866082427
0; 0; 2076208; 1432052866088674
0; 0; 2082240; 1432052866094928
0; 0; 2088286; 1432052866101173
0; 0; 2094320; 1432052866107427
0; 0; 2100358; 1432052866113674
0; 0; 2104348; 1432052866119926
0; 0; 2110389; 1432052866126174
0; 0; 2116422; 1432052866132427
0; 0; 2122462; 1432052866138676
0; 0; 2128502; 1432052866144923
0; 0; 2134537; 1432052866151177
0; 0; 2140578; 1432052866157423
0; 0; 2146612; 1432052866163677
0; 0; 2152655; 1432052866169924
0; 0; 2158690; 1432052866176176
0; 0; 2164728; 1432052866182425
0; 0; 2170762; 1432052866188678
0; 0; 2176807; 1432052866194923
0; 0; 2182841; 1432052866201177
0; 0; 2188882; 1432052866207423
0; 0; 2194917; 1432052866213677
0; 0; 2200959; 1432052866219923
0; 0; 2206990; 1432052866226179
0; 0; 2208831; 1432052866238674
0; 0; 2208618; 1432052866251174
0; 0; 2208407; 1432052866263675
0; 0; 2208196; 1432052866276174
0; 0; 2210031; 1432052866288674
0; 0; 2209855; 1432052866301138
0; 0; 2211759; 1432052866307427
0; 0; 2211548; 1432052866319924
0; 0; 2211338; 1432052866332424
0; 0; 2211123; 1432052866344926
0; 0; 2210913; 1432052866357425
0; 0; 2208653; 1432052866369924
0; 0; 2208440; 1432052866382425
0; 0; 2208230; 1432052866394923
0; 0; 2208015; 1432052866407425
0; 0; 2207802; 1432052866419927
0; 0; 2209640; 1432052866432425
0; 0; 2209429; 1432052866444925
0; 0; 2209217; 1432052866457425
0; 0; 2209005; 1432052866469923
0; 0; 2208792; 1432052866482425
0; 0; 2208582; 1432052866494923
0; 0; 2208368; 1432052866507425
0; 0; 2210206; 1432052866519923
0; 0; 2209994; 1432052866532424
0; 0; 2207732; 1432052866544926
0; 0; 2211722; 1432052866551176
0; 0; 2211512; 1432052866563674
0; 0; 2211301; 1432052866576173
0; 0; 2211087; 1432052866588674
0; 0; 2210876; 1432052866601175
0; 0; 2210662; 1432052866613675
0; 0; 2210346; 1432052866632424
0; 0; 2210236; 1432052866638677
0; 0; 2210026; 1432052866651175
0; 0; 2207808; 1432052866663633
0; 0; 2209603; 1432052866676174
0; 0; 2209394; 1432052866688674
0; 0; 2209179; 1432052866701174
0; 0; 2208967; 1432052866713675
0; 0; 2208754; 1432052866726175
0; 0; 2208543; 1432052866738674
0; 0; 2210480; 1432052866744929
0; 0; 2210275; 1432052866757424
0; 0; 2210061; 1432052866769924
0; 0; 2209855; 1432052866782418
0; 0; 2209637; 1432052866794924
0; 0; 2207377; 1432052866807425
0; 0; 2209213; 1432052866819924
0; 0; 2209000; 1432052866832424
0; 0; 2208787; 1432052866844925
0; 0; 2208574; 1432052866857425
0; 0; 2208365; 1432052866869925
0; 0; 2208153; 1432052866882425
0; 0; 2207941; 1432052866894924
0; 0; 2207728; 1432052866907425
0; 0; 2209565; 1432052866919924
0; 0; 2209353; 1432052866932425
0; 0; 2209142; 1432052866944924
0; 0; 2208930; 1432052866957424
0; 0; 2208714; 1432052866969928
0; 0; 2208506; 1432052866982424
0; 0; 2208293; 1432052866994925
0; 0; 2210128; 1432052867007425
0; 0; 2209917; 1432052867019925
0; 0; 2211860; 1432052867026174
0; 0; 2211648; 1432052867038674
0; 0; 2211436; 1432052867051174
0; 0; 2211223; 1432052867063675
0; 0; 2211012; 1432052867076174
0; 0; 2210800; 1432052867088674
0; 0; 2210588; 1432052867101174
0; 0; 2210374; 1432052867113675
0; 0; 2208115; 1432052867126175
0; 0; 2207904; 1432052867138674
0; 0; 2207690; 1432052867151175
0; 0; 2209526; 1432052867163675
0; 0; 2209314; 1432052867176175
0; 0; 2209103; 1432052867188673
0; 0; 2208893; 1432052867201173
0; 0; 2208680; 1432052867213674
0; 0; 2208467; 1432052867226175
0; 0; 2208255; 1432052867238674
0; 0; 2209984; 1432052867257424
0; 0; 2209876; 1432052867263677
0; 0; 2211835; 1432052867269910
0; 0; 2211610; 1432052867282424
0; 0; 2211399; 1432052867294923
0; 0; 2211186; 1432052867307424
0; 0; 2210975; 1432052867319923
0; 0; 2210761; 1432052867332424
0; 0; 2210549; 1432052867344924
0; 0; 2210338; 1432052867357424
0; 0; 2210125; 1432052867369924
0; 0; 2209912; 1432052867382426
0; 0; 2209703; 1432052867394923
0; 0; 2209488; 1432052867407426
0; 0; 2209275; 1432052867419926
0; 0; 2209065; 1432052867432425
0; 0; 2208853; 1432052867444925
0; 0; 2208640; 1432052867457425
0; 0; 2208430; 1432052867469924
0; 0; 2208217; 1432052867482425
0; 0; 2208004; 1432052867494924
0; 0; 2207809; 1432052867507409
0; 0; 2207474; 1432052867526175
0; 0; 2205215; 1432052867538675
0; 0; 2202955; 1432052867551175
0; 0; 2200696; 1432052867563674
0; 0; 2198436; 1432052867576174
0; 0; 2196176; 1432052867588674
0; 0; 2193915; 1432052867601175
0; 0; 2191651; 1432052867613677
0; 0; 2189393; 1432052867626175
0; 0; 2185084; 1432052867638675
0; 0; 2180779; 1432052867651174
0; 0; 2176472; 1432052867663674
0; 0; 2172162; 1432052867676174
0; 0; 2167854; 1432052867688675
0; 0; 2163547; 1432052867701174
0; 0; 2159236; 1432052867713675
0; 0; 2154928; 1432052867726176
0; 0; 2150621; 1432052867738675
0; 0; 2146312; 1432052867751175
0; 0; 2144053; 1432052867763675
1; 1; 2983; 1432052867776175
1; 1; 2982; 1432052867782429
1; 1; 2977; 1432052867788681
1; 1; 2983; 1432052867794928
1; 1; 2977; 1432052867801181
1; 1; 2999; 1432052867807427
1; 1; 2992; 1432052867813682
1; 1; 2985; 1432052867819927
1; 1; 2975; 1432052867826182
1; 1; 2989; 1432052867832428
1; 1; 2983; 1432052867838682
1; 1; 2988; 1432052867844928
1; 1; 2980; 1432052867851180
1; 1; 939; 1432052867857427
1; 1; 2979; 1432052867863680
1; 1; 3000; 1432052867869911
1; 1; 2975; 1432052867876182
1; 1; 2980; 1432052867882431
1; 1; 2984; 1432052867888678
1; 1; 2981; 1432052867894930
1; 1; 2979; 1432052867901178
1; 1; 2996; 1432052867907431
1; 1; 2995; 1432052867913678
1; 1; 2981; 1432052867919931
1; 1; 2982; 1432052867926177
1; 1; 2983; 1432052867932429
1; 1; 2984; 1432052867938678
1; 1; 2980; 1432052867944933
1; 1; 2981; 1432052867951177
1; 1; 2991; 1432052867957431
1; 1; 2989; 1432052867963677
1; 1; 2977; 1432052867969931
1; 1; 2986; 1432052867976177
1; 1; 2977; 1432052867982430
1; 1; 2986; 1432052867988677
1; 1; 2972; 1432052867994935
1; 1; 2981; 1432052868001178
1; 1; 2987; 1432052868007431
1; 1; 3000; 1432052868013678
1; 1; 2976; 1432052868019932
1; 1; 4922; 1432052868026179
1; 1; 6859; 1432052868032432
1; 1; 8818; 1432052868038673
1; 1; 10745; 1432052868044930
1; 1; 12672; 1432052868051196
1; 1; 14629; 1432052868057431
1; 1; 16580; 1432052868063673
1; 1; 16465; 1432052868069931
1; 1; 20460; 1432052868076177
1; 1; 22395; 1432052868082432
1; 1; 28442; 1432052868088677
1; 1; 32429; 1432052868094927
1; 1; 38465; 1432052868101179
1; 0; 1953280; 1432052868101184
1; 1; 40399; 1432052868107436
1; 1; 50434; 1432052868119931
1; 1; 56477; 1432052868126175
1; 1; 62512; 1432052868132430
1; 1; 68555; 1432052868138675
1; 1; 74585; 1432052868144931
1; 1; 78578; 1432052868151178
1; 1; 84616; 1432052868157428
1; 1; 90659; 1432052868163673
1; 1; 96707; 1432052868169913
1; 1; 102733; 1432052868176176
1; 1; 108769; 1432052868182427
1; 1; 114807; 1432052868188677
1; 1; 120825; 1432052868194946
1; 1; 126887; 1432052868201174
1; 1; 132919; 1432052868207431
1; 1; 138965; 1432052868213674
1; 1; 144994; 1432052868219931
1; 1; 151033; 1432052868226179
1; 1; 157098; 1432052868232402
1; 1; 163111; 1432052868238678
1; 1; 169139; 1432052868244938
1; 1; 175187; 1432052868251178
1; 1; 181225; 1432052868257428
1; 1; 187263; 1432052868263678
1; 1; 193302; 1432052868269928
1; 1; 199338; 1432052868276178
1; 1; 205375; 1432052868282429
1; 1; 211418; 1432052868288677
1; 1; 217453; 1432052868294928
1; 1; 223493; 1432052868301177
1; 1; 229529; 1432052868307428
1; 1; 235568; 1432052868313677
1; 1; 241563; 1432052868319970
1; 1; 247642; 1432052868326178
1; 1; 253680; 1432052868332429
1; 1; 259719; 1432052868338678
1; 1; 265757; 1432052868344928
1; 1; 271791; 1432052868351180
1; 1; 277823; 1432052868357437
1; 1; 283872; 1432052868363677
1; 1; 289908; 1432052868369928
1; 1; 295947; 1432052868376178
1; 1; 301984; 1432052868382429
1; 1; 308024; 1432052868388677
1; 1; 314062; 1432052868394927
1; 1; 320099; 1432052868401178
1; 1; 326138; 1432052868407427
1; 1; 332174; 1432052868413677
1; 1; 338214; 1432052868419926
1; 1; 344251; 1432052868426179
1; 1; 350290; 1432052868432427
1; 1; 356349; 1432052868438656
1; 1; 362370; 1432052868444923
1; 1; 368400; 1432052868451181
1; 1; 374449; 1432052868457423
1; 1; 380478; 1432052868463679
1; 1; 386523; 1432052868469923
1; 1; 392548; 1432052868476185
1; 1; 398600; 1432052868482424
1; 1; 404628; 1432052868488682
1; 1; 410671; 1432052868494924
1; 1; 416702; 1432052868501183
1; 1; 422749; 1432052868507424
1; 1; 428778; 1432052868513682
1; 1; 434821; 1432052868519927
1; 1; 440859; 1432052868526178
1; 1; 446848; 1432052868532477
1; 1; 452936; 1432052868538677
1; 1; 458972; 1432052868544928
1; 1; 465009; 1432052868551178
1; 1; 471037; 1432052868557440
1; 1; 477085; 1432052868563681
1; 1; 483121; 1432052868569932
1; 1; 489165; 1432052868576177
1; 1; 495199; 1432052868582429
1; 1; 501239; 1432052868588677
1; 1; 507306; 1432052868594898
1; 1; 513314; 1432052868601178
1; 1; 519352; 1432052868607427
1; 1; 523348; 1432052868613678
1; 1; 529382; 1432052868619927
1; 1; 535419; 1432052868626178
1; 1; 541455; 1432052868632429
1; 1; 547496; 1432052868638677
1; 1; 553533; 1432052868644927
1; 1; 559572; 1432052868651177
1; 1; 565610; 1432052868657427
1; 1; 571646; 1432052868663677
1; 1; 577686; 1432052868669926
1; 1; 583680; 1432052868676221
1; 1; 587714; 1432052868682428
1; 1; 593752; 1432052868688678
1; 1; 599788; 1432052868694928
1; 1; 605827; 1432052868701178
1; 1; 611865; 1432052868707428
1; 1; 617902; 1432052868713678
1; 1; 623945; 1432052868719926
1; 1; 629980; 1432052868726179
1; 1; 636018; 1432052868732427
1; 1; 642055; 1432052868738678
1; 1; 648104; 1432052868744927
1; 1; 654132; 1432052868751177
1; 1; 660168; 1432052868757428
1; 1; 666203; 1432052868763681
1; 1; 672250; 1432052868769923
1; 1; 678270; 1432052868776189
1; 1; 684325; 1432052868782423
1; 1; 690356; 1432052868788680
1; 1; 696400; 1432052868794924
1; 1; 702431; 1432052868801181
1; 1; 708474; 1432052868807427
1; 1; 714510; 1432052868813678
1; 1; 720550; 1432052868819927
1; 1; 726588; 1432052868826178
1; 1; 732626; 1432052868832428
1; 1; 738663; 1432052868838677
1; 1; 744695; 1432052868844932
1; 1; 750737; 1432052868851178
1; 1; 756777; 1432052868857428
1; 1; 762814; 1432052868863678
1; 1; 768851; 1432052868869928
1; 1; 774892; 1432052868876177
1; 1; 780930; 1432052868882428
1; 1; 786969; 1432052868888678
1; 1; 793008; 1432052868894927
1; 1; 799046; 1432052868901175
1; 1; 805081; 1432052868907428
1; 1; 811121; 1432052868913677
1; 1; 817151; 1432052868919935
1; 1; 823198; 1432052868926177
1; 1; 829232; 1432052868932428
1; 1; 835274; 1432052868938677
1; 1; 841307; 1432052868944928
1; 1; 847347; 1432052868951177
1; 1; 853419; 1432052868957394
1; 1; 859428; 1432052868963673
1; 1; 865456; 1432052868969932
1; 1; 871502; 1432052868976173
1; 1; 877532; 1432052868982432
1; 1; 883580; 1432052868988674
1; 1; 887561; 1432052868994931
1; 1; 893607; 1432052869001173
1; 1; 899625; 1432052869007447
1; 1; 905686; 1432052869013675
1; 1; 911714; 1432052869019931
1; 1; 917759; 1432052869026174
1; 1; 923790; 1432052869032430
1; 1; 929841; 1432052869038673
1; 1; 935870; 1432052869044930
1; 1; 941910; 1432052869051174
1; 1; 947941; 1432052869057431
1; 1; 953985; 1432052869063674
1; 1; 960017; 1432052869069931
1; 1; 966060; 1432052869076177
1; 1; 972093; 1432052869082431
1; 1; 976091; 1432052869088674
1; 1; 982122; 1432052869094931
1; 1; 988167; 1432052869101173
1; 1; 994197; 1432052869107431
1; 1; 1000243; 1432052869113674
1; 1; 1006277; 1432052869119930
1; 1; 1012321; 1432052869126174
1; 1; 1018349; 1432052869132432
1; 1; 1024390; 1432052869138678
1; 1; 1030430; 1432052869144927
1; 1; 1034418; 1432052869151177
1; 1; 1040457; 1432052869157427
1; 1; 1046495; 1432052869163678
1; 1; 1052533; 1432052869169928
1; 1; 1058569; 1432052869176178
1; 1; 1064610; 1432052869182427
1; 1; 1070646; 1432052869188678
1; 1; 1076685; 1432052869194928
1; 1; 1082720; 1432052869201178
1; 1; 1088760; 1432052869207427
1; 1; 1092750; 1432052869213679
1; 1; 1098791; 1432052869219927
1; 1; 1104830; 1432052869226178
1; 1; 1110867; 1432052869232428
1; 1; 1116898; 1432052869238682
1; 1; 1122946; 1432052869244923
1; 1; 1128974; 1432052869251181
1; 1; 1134976; 1432052869257469
1; 1; 1141052; 1432052869263681
1; 1; 1147097; 1432052869269923
1; 1; 1153127; 1432052869276181
1; 1; 1159163; 1432052869282434
1; 1; 1165209; 1432052869288677
1; 1; 1171247; 1432052869294926
1; 1; 1177282; 1432052869301177
1; 1; 1183323; 1432052869307426
1; 1; 1189359; 1432052869313678
1; 1; 1195474; 1432052869319890
1; 1; 1201435; 1432052869326177
1; 1; 1207474; 1432052869332428
1; 1; 1213510; 1432052869338678
1; 1; 1219549; 1432052869344928
1; 1; 1225587; 1432052869351178
1; 1; 1231624; 1432052869357429
1; 1; 1237664; 1432052869363677
1; 1; 1243700; 1432052869369928
1; 1; 1249741; 1432052869376177
1; 1; 1255711; 1432052869382495
1; 1; 1261816; 1432052869388677
1; 1; 1267854; 1432052869394926
1; 1; 1273852; 1432052869401217
1; 1; 1279929; 1432052869407427
1; 1; 1285966; 1432052869413678
1; 1; 1292004; 1432052869419927
1; 1; 1298042; 1432052869426178
1; 1; 1304081; 1432052869432428
1; 1; 1310122; 1432052869438674
1; 1; 1316157; 1432052869444927
1; 1; 1322197; 1432052869451177
1; 1; 1328231; 1432052869457428
1; 1; 1334273; 1432052869463674
1; 1; 1340303; 1432052869469932
1; 0; 587662; 1432052869469937
1; 1; 1346341; 1432052869476181
1; 1; 1356372; 1432052869488682
1; 1; 1362410; 1432052869494932
1; 1; 1368449; 1432052869501181
1; 1; 1374489; 1432052869507430
1; 1; 1380536; 1432052869513673
1; 1; 1386563; 1432052869519931
1; 1; 1392608; 1432052869526173
1; 1; 1398637; 1432052869532432
1; 1; 1404683; 1432052869538673
1; 1; 1410714; 1432052869544931
1; 1; 1416759; 1432052869551174
1; 1; 1422793; 1432052869557431
1; 1; 1428835; 1432052869563675
1; 1; 1434864; 1432052869569932
1; 1; 1440910; 1432052869576174
1; 1; 1446942; 1432052869582431
1; 1; 1452988; 1432052869588673
1; 1; 1459017; 1432052869594932
1; 1; 1465063; 1432052869601174
1; 1; 1471094; 1432052869607431
1; 1; 1477139; 1432052869613673
1; 1; 1483136; 1432052869619965
1; 1; 1489215; 1432052869626174
1; 1; 1495247; 1432052869632430
1; 1; 1501289; 1432052869638674
1; 1; 1507319; 1432052869644933
1; 1; 1513364; 1432052869651177
1; 1; 1519403; 1432052869657426
1; 1; 1525443; 1432052869663676
1; 1; 1531478; 1432052869669928
1; 1; 1537516; 1432052869676178
1; 1; 1543553; 1432052869682429
1; 1; 1549592; 1432052869688677
1; 1; 1555629; 1432052869694928
1; 1; 1561667; 1432052869701178
1; 1; 1567706; 1432052869707427
1; 1; 1573744; 1432052869713679
1; 1; 1579779; 1432052869719928
1; 1; 1585821; 1432052869726178
1; 1; 1591861; 1432052869732424
1; 1; 1597824; 1432052869738748
1; 1; 1603932; 1432052869744927
1; 1; 1609970; 1432052869751178
1; 1; 1616010; 1432052869757427
1; 1; 1619966; 1432052869763711
1; 1; 1626036; 1432052869769927
1; 1; 1632070; 1432052869776182
1; 1; 1638116; 1432052869782423
1; 1; 1644148; 1432052869788681
1; 1; 1650193; 1432052869794924
1; 1; 1656222; 1432052869801183
1; 1; 1662267; 1432052869807427
1; 1; 1668303; 1432052869813678
1; 1; 1674342; 1432052869819927
1; 1; 1680377; 1432052869826181
1; 1; 1686417; 1432052869832427
1; 1; 1692454; 1432052869838678
1; 1; 1698493; 1432052869844928
1; 1; 1704527; 1432052869851180
1; 1; 1710568; 1432052869857428
1; 1; 1716607; 1432052869863678
1; 1; 1722643; 1432052869869928
1; 1; 1728680; 1432052869876181
1; 1; 1734720; 1432052869882428
1; 1; 1740759; 1432052869888677
1; 1; 1746794; 1432052869894930
1; 1; 1752837; 1432052869901177
1; 1; 1758873; 1432052869907426
1; 1; 1764912; 1432052869913677
1; 1; 1770948; 1432052869919927
1; 1; 1776990; 1432052869926174
1; 1; 1783024; 1432052869932428
1; 1; 1789066; 1432052869938674
1; 1; 1795100; 1432052869944928
1; 1; 1801134; 1432052869951183
1; 1; 1807178; 1432052869957428
1; 1; 1813219; 1432052869963674
1; 1; 1819252; 1432052869969927
1; 1; 1825295; 1432052869976174
1; 1; 1831333; 1432052869982426
1; 1; 1837415; 1432052869988672
1; 1; 1843406; 1432052869994927
1; 1; 1849447; 1432052870001174
1; 1; 1855477; 1432052870007430
1; 1; 1861520; 1432052870013674
1; 1; 1867554; 1432052870019928
1; 1; 1873601; 1432052870026174
1; 1; 1879631; 1432052870032428
1; 1; 1883625; 1432052870038674
1; 1; 1889662; 1432052870044926
1; 1; 1895707; 1432052870051173
1; 1; 1901735; 1432052870057432
1; 1; 1907779; 1432052870063677
1; 1; 1913814; 1432052870069927
1; 1; 1919858; 1432052870076173
1; 1; 1925892; 1432052870082428
1; 1; 1929886; 1432052870088673
1; 1; 1935920; 1432052870094927
1; 1; 1941895; 1432052870101241
1; 1; 1947994; 1432052870107427
1; 1; 1954037; 1432052870113674
1; 1; 1960072; 1432052870119927
1; 1; 1966076; 1432052870126211
1; 1; 1972151; 1432052870132424
1; 1; 1978188; 1432052870138676
1; 1; 1984227; 1432052870144923
1; 1; 1990262; 1432052870151178
1; 1; 1996306; 1432052870157423
1; 1; 2002335; 1432052870163682
1; 1; 2008377; 1432052870169928
1; 1; 2014415; 1432052870176177
1; 1; 2020457; 1432052870182424
1; 1; 2026491; 1432052870188677
1; 1; 2032530; 1432052870194924
1; 1; 2038565; 1432052870201178
1; 1; 2042561; 1432052870207423
1; 1; 2048594; 1432052870213677
1; 1; 2054635; 1432052870219923
1; 1; 2060671; 1432052870226177
1; 1; 2066715; 1432052870232423
1; 1; 2072745; 1432052870238676
1; 1; 2078786; 1432052870244924
1; 1; 2084821; 1432052870251177
1; 1; 2090862; 1432052870257424
1; 1; 2096899; 1432052870263677
1; 1; 2102943; 1432052870269924
1; 1; 2108974; 1432052870276177
1; 1; 2115013; 1432052870282424
1; 1; 2121056; 1432052870288678
1; 1; 2127093; 1432052870294923
1; 1; 2133128; 1432052870301177
1; 1; 2139162; 1432052870307427
1; 1; 2145207; 1432052870313673
1; 1; 2149193; 1432052870319927
1; 1; 2155235; 1432052870326174
1; 1; 2161271; 1432052870332427
1; 1; 2167313; 1432052870338674
1; 1; 2173356; 1432052870344927
1; 1; 2179391; 1432052870351171
1; 1; 2185420; 1432052870357426
1; 1; 2191462; 1432052870363675
1; 1; 2197493; 1432052870369930
1; 1; 2203538; 1432052870376175
1; 1; 2209574; 1432052870382428
1; 1; 2211304; 1432052870401175
1; 1; 2209157; 1432052870407428
1; 1; 2208934; 1432052870419924
1; 1; 2208730; 1432052870432424
1; 1; 2208521; 1432052870444924
1; 1; 2208309; 1432052870457423
1; 1; 2208096; 1432052870469924
1; 1; 2209934; 1432052870482424
1; 1; 2209721; 1432052870494924
1; 1; 2209504; 1432052870507425
1; 1; 2209289; 1432052870519927
1; 1; 2209075; 1432052870532424
1; 1; 2208860; 1432052870544926
1; 1; 2208666; 1432052870557424
1; 1; 2210499; 1432052870569924
1; 1; 2210282; 1432052870582424
1; 1; 2212230; 1432052870588673
1; 1; 2212013; 1432052870601169
1; 1; 2211847; 1432052870613632
1; 1; 2211587; 1432052870626176
1; 1; 2211392; 1432052870638673
1; 1; 2211170; 1432052870651173
1; 1; 2210957; 1432052870663674
1; 1; 2210737; 1432052870676174
1; 1; 2210533; 1432052870688675
1; 1; 2210321; 1432052870701174
1; 1; 2210105; 1432052870713674
1; 1; 2209887; 1432052870726174
1; 1; 2209679; 1432052870738674
1; 1; 2209474; 1432052870751175
1; 1; 2209264; 1432052870763674
1; 1; 2209046; 1432052870776176
1; 1; 2208827; 1432052870788675
1; 1; 2208624; 1432052870801174
1; 1; 2208409; 1432052870813673
1; 1; 2208143; 1432052870826236
1; 1; 2211972; 1432052870844922
1; 1; 2211766; 1432052870857424
1; 1; 2211556; 1432052870869923
1; 1; 2211343; 1432052870882423
1; 1; 2211139; 1432052870894924
1; 1; 2210909; 1432052870907425
1; 1; 2210703; 1432052870919925
1; 1; 2210492; 1432052870932425
1; 1; 2210280; 1432052870944925
1; 1; 2210060; 1432052870957425
1; 1; 2209857; 1432052870969925
1; 1; 2209642; 1432052870982425
1; 1; 2209428; 1432052870994924
1; 1; 2209223; 1432052871007426
1; 1; 2209004; 1432052871019923
1; 1; 2208791; 1432052871032425
1; 1; 2208581; 1432052871044925
1; 1; 2208367; 1432052871057425
1; 1; 2208135; 1432052871069949
1; 1; 2209990; 1432052871082425
1; 1; 2209782; 1432052871094926
1; 1; 2209567; 1432052871107425
1; 1; 2209368; 1432052871119925
1; 1; 2209147; 1432052871132425
1; 1; 2208941; 1432052871144924
1; 1; 2208724; 1432052871157424
1; 1; 2210557; 1432052871169923
1; 1; 2210355; 1432052871182423
1; 1; 2212226; 1432052871188733
1; 1; 2212078; 1432052871201171
1; 1; 2211836; 1432052871213698
1; 1; 2211658; 1432052871226174
1; 1; 2211445; 1432052871238674
1; 1; 2211225; 1432052871251174
1; 1; 2211016; 1432052871263674
1; 1; 2210801; 1432052871276174
1; 1; 2210598; 1432052871288674
1; 1; 2210376; 1432052871301174
1; 1; 2210170; 1432052871313676
1; 1; 2209954; 1432052871326174
1; 1; 2209742; 1432052871338675
1; 1; 2209533; 1432052871351173
1; 1; 2209320; 1432052871363674
1; 1; 2209114; 1432052871376175
1; 1; 2208916; 1432052871388673
1; 1; 2208685; 1432052871401172
1; 1; 2210523; 1432052871413673
1; 1; 2210307; 1432052871426174
1; 1; 2210097; 1432052871438674
1; 1; 2212043; 1432052871444923
1; 1; 2211841; 1432052871457409
1; 1; 2211610; 1432052871469925
1; 1; 2211400; 1432052871482425
1; 1; 2211188; 1432052871494925
1; 1; 2210977; 1432052871507424
1; 1; 2208717; 1432052871519924
1; 1; 2206458; 1432052871532425
1; 1; 2204202; 1432052871544924
1; 1; 2201939; 1432052871557425
1; 1; 2199677; 1432052871569924
1; 1; 2197421; 1432052871582424
1; 1; 2195159; 1432052871594924
1; 1; 2192901; 1432052871607425
1; 1; 2188586; 1432052871619926
1; 1; 2184286; 1432052871632424
1; 1; 2179978; 1432052871644923
1; 1; 2175672; 1432052871657423
1; 1; 2171356; 1432052871669924
1; 1; 2167055; 1432052871682425
1; 1; 2164745; 1432052871694968
1; 1; 2160481; 1432052871707425
1; 1; 2156173; 1432052871719926
1; 1; 2151866; 1432052871732422
1; 1; 2145417; 1432052871751176
1; 1; 2141197; 1432052871757426
1; 1; 2134847; 1432052871769924
1; 1; 2128491; 1432052871782425
1; 1; 2120069; 1432052871794942
1; 1; 2117930; 1432052871801175
1; 1; 2109533; 1432052871813672
1; 1; 2101082; 1432052871826219
1; 1; 2092718; 1432052871838673
1; 1; 2084321; 1432052871851172
1; 1; 2073870; 1432052871863673
1; 1; 2063419; 1432052871876171
1; 1; 2052957; 1432052871888675
1; 1; 2042508; 1432052871901173
1; 1; 2032060; 1432052871913674
1; 1; 2021600; 1432052871926175
1; 1; 2011140; 1432052871938688
1; 1; 2000703; 1432052871951174
1; 1; 1990249; 1432052871963674
1; 1; 1979799; 1432052871976173
1; 1; 1969341; 1432052871988675
1; 1; 1958896; 1432052872001175
1; 1; 1948442; 1432052872013676
1; 1; 1944236; 1432052872019928
1; 1; 1933783; 1432052872032426
1; 1; 1923334; 1432052872044926
1; 1; 1912837; 1432052872057467
1; 1; 1902431; 1432052872069926
1; 1; 1891974; 1432052872082425
1; 1; 1881562; 1432052872094897
1; 1; 1871089; 1432052872107425
1; 1; 1861082; 1432052872119916
1; 1; 1850651; 1432052872132388
1; 1; 1840164; 1432052872144925
1; 1; 1829717; 1432052872157426
0; 0; 130496; 1432052872169894
0; 0; 132326; 1432052872182401
0; 0; 134144; 1432052872194919
0; 0; 136021; 1432052872207376
0; 0; 137842; 1432052872219891
0; 0; 139674; 1432052872232393
0; 0; 141490; 1432052872244914
0; 0; 143422; 1432052872251178
0; 0; 145293; 1432052872263640
