2802.909866666666;1410.941333333333;2656.4636;203060.8342;41949.96273333333;2352.416533333334;141881.5146666667;519524.4616666667;669456.1944666667;719460.3411333333;722922.6613016506
3484.929866666666;2432.184866666666;2475.408066666666;1589.566533333333;3033.535666666667;2741.4212;416250.6374000001;501807.1832;640762.3516666667;605606.1794666668;832826.5459333333
1323.940266666667;1896.023466666667;1422.5378;181743.9166;2411.904;311447.4900666667;416706.1497333334;490286.4268;612975.8364;667740.0396666666;773622.2524
1833.800933333333;2251.529466666667;2611.882;1704.2076;257304.8989333333;32174.17326666666;3438.080066666667;503486.3668;665223.5595999999;727979.8584666667;723240.0146666667
1087.4744;1470.3334;1657.770533333333;1732.692533333333;2416.943866666667;2628.316266666667;356235.0563333333;448936.7702;548661.1533333333;622452.2041333333;771316.0663333334
1203.322533333333;1700.834466666666;1656.8288;1631.051933333333;2054.137866666666;2389.382866666667;448461.5564666667;510872.6069333334;626131.9244666668;603120.4439333334;800962.2714
1829.401666666667;1580.8036;1531.1192;1834.9172;2228.0986;344104.4258666667;327186.7684666667;544472.3431333333;667043.7600666666;701316.8016;700764.7570666666
1289.472733333333;2311.132733333333;1580.669666666667;1594.325466666666;1938.9348;45656.03813333333;332794.2298666667;521725.7342;567111.753;741182.4489333333;704359.0058
961.4258666666666;1052.707466666667;1819.684066666667;23168.8046;2308.5532;2438.888666666666;55414.50633333333;542811.0262666667;604173.9875333332;708310.3448666666;840678.4881333333
1081.968133333333;1378.225;1636.327266666666;174549.1447333333;2091.620933333333;37241.19646666667;294539.1162;540644.6779333333;593916.5909999999;734505.7892666667;843849.9612666667
1373.672133333333;2481.570533333333;1581.510733333333;1637.658866666667;273615.7081333334;3080.6196;339798.9004;212801.7593333333;626822.3503333334;697782.7500666667;815397.5521333334
1685.0068;1140.443466666667;1554.963266666667;1760.61;288644.7206000001;240679.675;430226.5627333334;529102.2597333334;644335.5375333333;709708.8816000001;783886.7921333333
1359.393066666667;1692.955533333333;1787.54;1720.2212;2302.5694;378033.6358;492074.7554;581352.4556666667;621620.7552666668;706813.0546;856757.7971333334
1696.961866666667;1251.514866666667;1366.554866666667;1603.0648;2068.1992;2361.717266666667;393640.9356;493958.3449333333;496309.8621333333;642345.4478666667;867131.0276
1360.321666666666;4747.530333333333;95927.283;230273.7530666667;2386.0488;2966.083866666666;455441.9162666667;522488.7082;594494.2096000001;697841.8981333333;801003.2249333333
1708.093733333333;2071.578266666667;1403.455666666667;2181.9828;2365.549066666667;331871.9806666667;372172.4534;601866.8662666667;629915.8494666667;743989.5780000001;823276.8025333333
2297.661333333333;2179.236266666666;2352.639266666667;1712.667533333333;1871.2228;349467.2590666667;413874.4552;520215.791;529849.4041333334;659791.6482666667;811910.0491333334
959.2851999999999;1384.428;1160.018866666667;1438.6198;1897.8494;372281.3528;108633.02;486351.6698666667;512539.8849333333;592147.9005999999;710784.2703333334
1180.721866666667;1299.342;1678.836333333333;1923.625066666667;2068.862533333333;338861.5388666667;451128.6177999999;493867.2666;601838.0277333333;674320.9709333333;946516.1449333333
1380.772133333333;1174.618666666667;1803.374066666667;1642.3268;14542.63733333333;2960.5852;3633.7248;494666.2794000001;624348.5844666667;654117.9952666666;828807.1392
1119.6296;1721.791533333333;1435.0818;2213.415;1809.7804;2812.373;455606.4418666667;508800.6919333332;687956.4380000001;673524.7549333334;834521.5537333334
1372.946;1314.213133333333;1288.628266666667;2442.986933333333;2048.397266666667;2226.748666666666;3323.4684;504145.614;603359.6642;610702.4226;787514.568
1472.299;2092.452;1712.181333333333;2217.7574;299580.5312666667;149060.7423333333;350504.9768666666;600687.6785999999;619443.4747333335;710524.9926666667;822709.6128666666
1789.255;1774.332333333334;1478.610533333333;3026.299933333333;2088.0686;280792.6212;411433.2818;535044.3803333334;663537.5774666667;770749.8473333333;771294.5625333334
1229.344933333333;1568.150266666667;1690.235;1734.4342;3230.724866666667;3740.172266666667;312684.3572666667;554496.9384666667;559329.0337333333;727264.4860666665;745888.5454000001
1447.029733333334;1538.5768;103173.6403333333;196813.0111333333;17286.16346666667;286066.7446666667;509404.2424666667;541716.3582666666;583196.0673333333;633378.1738666667;710665.4308666667
1770.953666666667;1454.8998;1916.198866666667;1745.907333333333;261367.0468;324826.653;430764.148;441731.8428;632706.9068;678975.1411333332;911626.1463333335
2790.836866666667;2126.856066666667;2798.5784;1655.504466666667;257760.8218;2667.678266666666;471251.6521333333;507339.0367999999;571285.8838000001;680181.8411333334;774006.6872
1255.1524;2522.038933333333;2048.545866666667;2237.981466666667;283742.575;2593.144533333334;344065.7829333333;558245.6888666666;551770.7466666667;764408.5230666668;777045.7186666667
1063.0258;1780.233266666666;1922.9034;2450.618733333333;242586.6464;228395.632;411791.3386666666;325980.5243333333;543345.8580666666;652945.8822666666;761393.2195333334
1197.440933333334;1450.130133333333;1907.776266666667;87049.8814;2125.539733333333;2654.617733333333;450524.7392666666;561170.6563333333;641855.9289333333;618950.3175333333;770875.5293333334
1758.903133333333;1644.314133333333;1488.545666666667;1810.207;253067.2593333333;117313.4642666667;433558.2207333333;520567.7819333333;664812.4710666667;659158.8955333332;758197.4529333333
1640.330266666667;12199.8664;1786.958333333333;1761.748466666667;2232.692866666667;265500.0762666666;421826.6194;366499.3844;619237.0728000001;715069.998;670192.7572666666
2050.7504;17209.623;1878.218466666666;1496.591333333334;279881.3314666667;296132.4775333334;191578.5784;527178.1039999999;598036.1292;742741.0565999999;755272.5888
1711.212666666666;1614.846733333334;1361.302133333333;1884.549133333333;282126.4298;2329.189933333333;399960.4258666667;537253.3252;567347.2143333334;708577.2824;733846.8362666667
1357.2704;1203.3432;60991.1924;1514.068466666667;108577.6764;231823.5970666667;415697.6000666667;557505.3197333334;654855.0666;710789.2058;797663.3239333333
1433.5052;1706.7812;1586.042266666667;1644.974666666667;252817.6854666667;310097.6084;272293.2813333333;364705.8508666667;538260.9652;685982.1290666667;763052.4788
1197.328933333333;2099.010466666667;1616.164066666667;1790.389;74558.41006666666;129075.5955333333;265462.1235333333;485835.9832;641344.1592;747204.7132;736757.8933999999
1089.784;1339.893666666667;2819.4806;1872.948933333333;1802.611133333334;317514.8778666667;473529.4013333333;473883.1248666667;635892.9745333333;730776.0634;819427.4053333333
1539.198333333333;2230.285666666667;1490.291466666667;2063.453933333334;2304.9532;239779.465;464318.5458;554980.9452;576725.1438;678847.9039333333;780954.9763333333
1547.114933333333;1953.934133333333;1846.879066666667;1993.572666666667;311841.6828666667;111442.3854;3384.001266666667;525431.9170666666;570547.1845999999;656074.6581999999;843425.1934666666
1411.801666666667;1356.299133333333;1407.988933333333;200782.4656666667;1631.76;338732.0847333333;399387.0947333333;550125.8698666667;571146.6605999999;679078.3977333334;812049.3568666667
1501.7422;1202.145466666667;2767.9794;1482.9438;2490.216133333333;356983.0676666666;460228.3775333333;509616.8582666667;553635.4809999999;728932.6203333334;677421.3777333334
1380.4596;2233.202733333334;1957.716533333333;186182.7537333333;2321.000333333333;88547.23773333333;494207.5713333334;561571.7846;525860.6259333333;767628.4525333332;780255.0997333332
1243.226333333333;2144.649533333333;1763.912266666667;164767.8213333334;4347.949866666667;395741.059;141676.9054666667;527100.2850666667;620654.4406;751802.3903333334;832489.2082666667
1661.786866666667;2153.241;1417.210733333333;211766.9038;2410.781466666667;352791.5850666667;395119.1943333333;565673.3671333335;564488.6834666667;747161.4741333333;723481.3018666668
981.9547333333334;1060.809666666667;1521.002933333333;189530.2082666667;2375.0378;312261.7296;402611.1571333334;575242.4952;594114.4286666667;648411.4306666667;776316.5025333334
1721.307533333334;2145.766666666666;1688.101933333333;1677.943533333333;258788.3246666667;2226.626533333334;499440.8582666666;534360.9473333333;302722.0093999999;756017.6650666668;835177.5329333333
1390.604533333333;1294.2076;1171.192666666667;164756.9360666667;227677.2048666667;2478.745666666667;396051.822;539202.2462666667;458387.5998;734302.4862000002;816045.9482666667
1791.932266666667;1865.169466666667;1300.3906;1576.6246;1930.965;276561.3522;320883.1454666667;412354.2674;622562.9832666666;799085.4159333333;817936.5071333334
1531.150133333333;1319.302466666667;1594.067;180812.6698;282690.4454;2362.8044;116768.0416;478319.9032666666;623462.0201333333;710992.3414666667;882553.6747333334
2961.116666666667;1684.755533333333;1852.165133333333;2028.9388;2073.198866666667;2741.263533333333;3007.533;460513.8825333333;650359.2014666667;742990.2047333334;757412.5027333334
1447.976133333333;1807.2418;1705.361;1732.927333333333;2293.2224;112113.716;457165.5609333333;497978.9731333333;677021.1261333333;602869.0416666666;755871.5299999999
1280.9958;2079.978133333334;148871.3149333333;1804.4406;2453.8038;162455.5498;394179.0476666667;522104.4606666666;610890.3474666667;775219.8890000001;834708.5273333333
1424.731066666666;1254.352333333333;1918.880333333333;211038.3447333333;2064.1224;2214.557133333333;429991.1512;315287.6058;574346.1580666667;716746.91;804821.3655999998
1924.556333333333;1389.291733333333;1982.292133333333;156209.7128;2023.5324;2697.314266666667;205196.1734666666;417586.5358666666;569338.4767999999;678467.7683333334;738579.6658666666
4960.421733333334;1491.0654;1543.390466666667;2060.938666666666;246070.5704;2477.459066666667;85656.80320000001;439133.7827333333;618863.2254666667;664917.6751333334;881519.1468000001
1750.533333333334;2258.907533333334;2137.948666666666;5231.190466666667;2418.895;3061.588066666667;372207.1248666667;568310.5174;628354.3961333333;732029.5035333332;823582.0257333334
1801.9754;1899.482733333333;2722.454733333333;2211.6652;2368.538066666667;3510.219266666666;3157.498133333333;534280.2032;668864.3480666667;703383.8782;829227.4921999999
1405.024333333334;1122.596666666667;1327.121733333333;3299.776;2021.571733333333;2510.669733333333;382290.2801333333;519893.0373333333;680803.8445333333;714647.2307333333;763216.1767333335
1265.112666666667;2262.022666666667;2065.021;65734.97560000001;2206.582333333333;135150.5848;357957.6608;489351.3123999999;621446.3352;688268.1501999999;818492.8071333333
1984.171533333333;1290.713066666667;1796.191666666667;1915.7358;124860.2744;188785.1002;457320.7415333333;492501.8866666667;622004.6087333333;714970.3542000001;887780.3331333332
1011.813066666667;1820.943466666667;1650.111133333333;1534.399133333333;2436.723666666667;3073.350066666666;131406.8204;538962.7602;630262.3880666667;714818.2101333333;781762.8330666666
812.2389999999999;99271.94646666666;118076.4904;1865.2884;2140.581;375579.5502666666;389543.6861333333;331646.4602666667;569084.0196;741913.0189333333;871573.2908666668
1130.606466666666;2740.9334;1895.068133333333;2102.167733333333;2170.203666666667;328699.8739333333;364399.2963333333;416752.9971333334;680074.3531333334;669162.2922666667;784386.8553999999
1454.8586;1241.004066666667;1532.168733333333;2535.402466666667;196056.8524;353048.2641333333;402856.7556666667;172411.7076666667;681966.4258666666;766984.3567333333;821986.4092
1273.334133333333;1306.785266666667;2094.2576;1806.435733333333;263589.9636666666;2578.811933333333;344223.622;550033.0625999999;691099.8215333334;646524.1899999999;792550.9010666666
1457.4312;2416.2986;1318.964466666667;192128.3142666667;2184.012533333333;382783.7976;433596.9602000001;157511.4120666667;470655.9363999999;736170.198;831196.2234666668
1424.159266666667;1787.713733333333;1750.508933333333;2168.648866666667;1797.152266666667;141924.5001333333;459120.4988;501074.7545333332;745251.5437333334;709482.3099333333;766148.4030666667
1141.6818;1413.357733333333;1568.8816;184492.3422666667;1872.667666666666;2823.675933333333;118780.6723333333;566118.3648;550450.1219333335;746437.591;698686.9177999999
1702.177;1034.301866666667;1571.705866666667;1617.261066666667;251012.6887333333;4458.266466666667;268463.3142;360389.9815333334;500240.9937333334;786916.1538;894424.4349333333
1606.933266666667;1273.802;1549.194933333333;184916.3023333333;1731.558533333334;2593.469533333333;147251.5001333333;526896.2160666668;661057.5806;696377.9478;780183.5207333333
1288.256466666667;1929.129;1827.314;1776.4298;5661.654466666667;271048.8190666666;476625.2878666667;383870.1963333333;629589.2144666667;650746.1452666667;727758.9396666667
1020.077133333333;1881.9466;2236.0724;1854.872733333334;2916.059999999999;345971.9958666667;10908.96086666667;524647.3374666666;691533.4760666667;755625.9608666667;830865.6408666667
2140.457866666667;1237.788066666667;1370.953;1895.4926;71940.5208;2435.715133333333;404254.6553333334;548412.9314666667;602027.2087999999;696287.6648666667;793077.1801333333
1296.0644;1605.072333333334;106498.1020666667;1989.8844;2121.858066666667;12855.40306666667;488947.3481333333;554807.9462666668;596446.6792666666;731916.9347333334;775558.5268
1860.111333333333;1440.785266666667;2486.250866666667;1827.236466666667;207368.2074;2513.164;471260.6783333333;591850.3419999999;553220.2838666666;748108.4995333333;888939.3656
1853.566066666667;2070.212933333333;30277.3922;1481.2266;2168.646866666666;2740.789;405043.8067333333;541078.7327333334;554120.5643333333;683880.252;760349.2124666666
1065.2586;2278.3952;2663.4668;165746.4572666667;2176.604466666666;368007.7774;354508.8278666667;599636.9917333332;678839.5568;717921.6639333334;755001.3843333333
1905.320666666667;2026.716933333333;1721.492333333333;29050.9718;2535.923666666667;258034.6297333334;345855.1079333333;469034.4654666667;470801.6926;684572.4534666667;865392.6763333334
1838.945066666666;1702.335466666667;1587.174933333333;1631.271333333333;2170.904466666666;136500.4122666667;452312.5938666667;301622.4010666667;632096.0898666667;764972.6533333333;836053.1359333334
2714.498066666667;2186.704466666667;2932.699466666667;1491.058733333333;2006.7138;360396.3450666667;127605.7317333333;423292.2722666667;563324.7147333333;739528.8755999999;679104.9130666667
1401.226866666667;1838.653466666667;1850.263;194529.0973333333;1731.2376;2970.513199999999;446838.6671333333;506230.1194;652972.0274666667;591517.4773333333;734800.9248
1773.1184;2085.312933333333;70026.1156;1856.4828;3296.805;208613.948;387539.6910666667;525957.3524666667;560822.6496666666;703574.6792;797156.8085333332
1217.814666666666;1915.984333333333;1820.1444;188471.5522;2312.326133333333;3492.814;266621.3856666667;444886.7204;334065.0006666666;721105.1908;756025.1550666667
1503.397666666667;2049.285533333333;1390.713933333333;1589.371266666667;266855.3034;230402.0005333334;302015.1831333333;87227.02606666666;543181.9474666667;778101.1828000001;731397.3401333332
1394.198066666667;1835.123333333333;1719.855133333333;2528.664066666667;2026.709866666667;2404.384133333333;434818.5772666666;517471.0955999999;515816.6909999999;678914.9485333333;781629.9852
996.8377333333333;1757.995466666667;1401.263933333333;178653.9922666666;2112.926466666666;326517.6531333333;435372.6751333333;553694.6390666667;712834.5300666667;744166.7773333333;739919.9445333333
3339.482666666667;1304.671266666666;1475.5616;119874.2246666667;282259.5834;2834.699533333334;433412.8776;53298.48726666666;654485.3754666668;683167.9894666666;703692.8421333333
1509.459266666667;1489.336533333333;1351.668933333333;1842.529666666666;2055.6688;345861.8996666667;56510.66033333333;365827.6832;622319.7814666666;817260.4406666666;757860.9103333334
1356.7186;1494.186933333333;2125.1278;1821.6454;101050.0632;391314.4486666666;406267.2324666667;563224.5431333333;500407.5846;731207.0012666667;745860.2886
1654.897466666667;60533.89833333332;1947.3156;2818.687466666666;2346.489866666666;2737.164;405419.1645333334;557351.6003333334;615438.6146666667;677199.6198666666;759148.6862666666
1416.959666666666;2389.6644;72673.34666666666;163279.0512666667;322481.8430000001;348458.4366666666;232345.4498;545212.4970000001;723084.7011333333;738050.3776666666;745695.2088
823.2595999999999;81695.23273333334;1728.746466666666;1575.154733333333;258381.4529333333;394444.0821333334;387834.4876666667;454898.8628666666;626826.5238666666;674871.9177333334;858223.5816666667
1627.4854;2241.595333333333;1802.8892;1814.294;297408.8566666667;3385.9352;350721.9382;490976.1394;561882.1171333333;655941.7764;906665.2222666666
1381.914533333333;1646.102066666667;2044.973933333333;2041.636866666667;2830.858133333333;130145.7234666667;455623.5487333334;446102.6663333334;532221.5422;792057.4940666667;769326.9596000001
1029.467;1062.033733333333;2535.9088;2037.108733333333;2000.2674;257181.3634;380145.7225333333;524627.0355999999;557867.5923333333;778175.7923333333;803539.2916666666
1101.906533333333;33011.65053333333;2423.984866666667;65467.7098;2641.9286;101715.6597333333;156274.1242;482553.7684666666;556626.3712666667;772480.8055333333;784821.2336666667
1374.250666666667;1930.762266666667;1695.6988;1687.796266666667;277919.9398;311025.5647333333;3172.570466666667;537882.2927999999;572128.6969333333;692001.3397333334;830427.4306666668
1727.710533333333;1894.8094;1364.903;1739.181133333333;3234.7056;201221.8981333333;257753.6291333333;479355.6800000001;656773.4054666666;581364.3968;797769.8369999999
3346.861933333333;38025.16873333333;1447.3228;127180.0706;2241.846066666667;318225.2089333333;418869.8520666666;550610.9836666667;574898.3034000001;759527.5435333332;700298.0686
1991.6314;1137.244466666667;1424.537466666667;1824.0274;2080.276333333333;7703.040466666666;459982.7557333334;559857.8860666667;600640.6782666667;681166.4096;860996.3540666667
1136.305533333333;1976.613733333333;114256.5362;207184.1096666667;2191.1514;320056.6302000001;2981.552933333333;541791.3601999999;630405.6296666666;722814.6241333332;753054.1436000001
2134.215933333333;1889.9402;1973.499333333333;1998.446066666667;300836.7830666667;2470.064066666666;105413.8839333333;484888.5026666666;606935.8016666666;763718.5719333333;724529.4724
1522.649066666667;2000.624933333334;3075.887333333334;1921.611066666667;2419.416133333334;2576.830666666667;456384.6729333333;510600.158;680259.5470666667;712336.6869333334;867564.4569999999
1405.8782;1326.438533333333;2573.763133333333;192655.6825333333;2305.276933333333;2970.663533333334;3158.218933333334;544314.5579333333;579191.441;724417.8589333334;803571.9455999999
1108.7162;2023.105666666667;1783.9318;1529.385266666667;259496.3112;194195.5106666667;484672.0601333333;493102.0743333334;566338.6384666667;681849.5351999999;833621.4130666667
1883.589666666667;1494.4492;153347.2941333333;2169.086533333334;143688.7342;339695.1911333333;425656.0466666666;472796.0438666667;553617.6340666667;754973.7456;811273.6669333334
1693.8204;2068.816266666667;125446.5076666667;1783.728533333334;2441.192733333333;160466.0993333333;195341.5628;599300.5891999999;580305.4195333334;608983.1695333334;798511.1736
1398.314;1313.7068;1345.483266666667;1906.873266666667;2038.778266666666;2699.087066666666;501170.4372;333219.7200666667;627179.7800666668;717250.053;792178.4334
1443.104666666667;1299.2838;1415.8114;1788.0594;2152.1974;351575.9450666667;422889.7793333334;473868.625;635259.7475333333;707946.8038666667;790314.1348000001
1410.8552;1788.947271075578;116721.0003333333;132204.3287333334;1857.1762;327720.2687333333;173114.4434666666;457700.4148000001;554018.7333999999;701717.8294;894456.0744666666
1836.580066666667;1353.571666666666;1800.538666666667;1841.426466666667;2083.383733333333;258923.8638;442521.2863333334;437367.7883333333;476132.0530666667;747219.406;681657.4121333334
1803.869733333333;1793.309666666667;2550.7338;2175.994666666667;2083.903933333333;331046.3281333333;264438.9993333333;313463.9075333333;643939.4358;635842.905;733511.4013333333
1013.681466666667;1086.613466666667;2039.2014;1970.326066666667;2309.775466666666;2291.696866666667;175699.5985333333;551893.5294;602709.1638;645490.5477333333;817114.5801333333
1663.836133333333;1740.820666666667;1472.706933333333;192915.6294666667;2549.740133333333;2541.400133333333;422290.8846;569898.8208000001;593958.2822;712155.8160666666;909867.7947333334
1639.8816;1587.726133333334;105623.4215333334;1894.923;261610.025;3133.4988;448906.9054;539559.5728666667;650325.9170666666;677328.7256;816717.2015999999
1601.5248;1302.070666666667;143961.9582666667;3928.2816;2044.1684;351871.3412666667;363561.0942666667;492307.6342666666;574890.4996;674074.1237333333;774687.1786666666
1279.671266666667;1678.027466666667;1818.132266666667;1992.234133333333;2195.214733333333;335858.5055333333;408535.5954666666;529538.6422666666;558228.7656666667;720568.8474;890761.4710666667
1410.069266666667;1412.349466666667;3498.0508;163643.4687333333;297783.6719333333;345041.9285333333;3429.748666666667;570198.6379333333;514606.9012666667;798334.5578666666;787548.6233333334
1645.863733333333;1175.728333333333;1190.151466666666;1849.379533333333;2349.479266666667;286433.7864;163211.4042;231523.6493333333;609539.5003333333;740166.5124666666;838786.1242666667
1806.6648;1821.0142;1915.463;2213.5082;2311.703066666667;247489.3782;445716.6528666666;590447.4790666667;383589.0856;641736.7786666667;739638.5904666666
1688.9416;1408.907733333333;1862.090666666666;1828.106666666667;146534.1251333333;308553.9576666667;378584.1343333333;468661.4002666667;611574.0502666667;675999.3424000001;827272.5313333335
1096.0598;1642.687866666667;1911.548066666666;1738.1322;275372.1073333333;393865.9563333333;432074.1840666667;481431.5155333334;639494.5695333332;734126.8602666667;747578.1040666668
1498.163933333333;1773.809;2153.467866666666;1459.884066666667;97606.25386666668;2834.860333333334;105707.5537333333;543789.1542666666;455502.7845333333;652111.9084666666;724848.3745333333
1807.452333333333;1302.305;1624.206133333333;144941.9232;2432.0792;41360.74093333333;192651.1859333334;456874.4420666667;563551.0326;727097.0030666668;842848.2674666666
1490.727666666667;76787.65813333333;2439.123266666667;2316.0684;301136.3912;2980.656066666666;449176.1923333334;513019.3863333334;609765.5554000001;711583.4344;769831.088
1624.203;1031.484333333333;77398.02053333334;2645.604;2027.768533333333;111860.0214666667;431528.2668;480703.7519333333;576690.861;724683.6577333333;798155.7802
1348.154866666667;1104.5932;147300.0892666666;2088.981133333333;2495.796133333333;3808.835266666667;207326.3831333333;198546.2470666667;570214.8386666666;715949.6829999998;699687.5638
1234.232466666667;1993.749133333333;2034.295;1943.451933333333;2633.2332;193362.8802;188923.6928666667;395605.52;636179.1482666667;714909.3451333334;748507.2207333334
1804.5758;1969.526866666666;1313.887466666667;1355.154266666667;2032.626;2423.322533333333;347075.9750666667;522720.4680666667;682108.7482666667;742075.8879333333;807883.4232666666
1230.893666666667;2124.096533333333;1852.804066666667;1703.2662;2116.907133333334;363334.8506;456355.7876666666;569867.6910666666;628997.9339333334;491070.9900666666;812023.8913333333
1463.748066666667;2361.858666666667;1268.363266666667;54235.48579999999;2193.631466666667;2219.596;3818.1004;564711.8173333333;620337.4432;683747.5472;711559.4129333334
1277.011666666667;1598.448333333333;1737.522466666667;1803.2796;251522.3522;2585.937933333333;390260.0359333333;567023.4648666667;638955.1054666666;723919.1541999999;794235.8294
2012.646666666667;2791.838466666667;3264.8588;1730.3254;62131.06426666668;145599.8070666667;345904.882;528910.7166;499810.0420000001;698666.1240666666;777332.9143333333
7062.597333333334;1763.318466666667;1373.495466666667;1934.292133333333;2129.020266666667;2805.1472;281968.0481333333;531347.6516666665;261853.4094;704379.6304;743170.2814666666
1234.850333333333;1337.756533333333;1887.353666666667;1828.849466666667;2675.889333333333;2432.140666666667;376005.7120666667;487105.2514;686606.3395999999;748704.5665333333;787069.6620666668
1465.051333333334;1754.0636;2076.1016;189145.4356;1975.453666666666;2742.277066666667;371125.5301333333;122640.9254666667;620491.9486000001;607341.6958666666;746151.1263333332
1054.8532;2063.4666;1619.801866666667;187758.8795333333;286075.4641333334;343598.4055333334;4219.112133333333;585313.6775333333;617983.2832666667;680509.9536666666;698656.4873333334
1462.039;2053.044666666667;1927.240133333333;1599.577133333333;2352.6658;2293.0704;42770.89293333334;555051.5113333333;618070.2666666667;802399.9183333333;820560.8574000001
1610.669266666667;1442.969133333333;68202.10006666667;158505.5365333333;265158.9515333333;40352.31306666667;433459.9087333334;365271.1359333334;596963.8400666667;694059.8723333332;849867.7876666667
1071.0878;1442.1912;1990.872533333333;201985.058;1620.670133333333;370041.8290666667;391569.3249333333;497387.9354;604047.8196;695925.1100666666;814578.0608
1018.784066666667;2150.658666666667;1937.774133333333;176679.6216;2282.459866666667;345737.8427333334;364128.0354666666;528100.1831333333;524328.6107999999;701688.8868666665;774761.9246
1861.678866666666;2008.272866666666;1480.643466666667;205971.7230666667;281370.0980666667;23387.42046666667;434385.6116666668;524483.0465333334;561853.8718666667;695261.9825333334;834764.3279333333
1369.187666666667;1598.935733333333;157085.4099333333;1857.078933333333;2342.9214;323091.6824666666;501320.7655333334;498212.2298;594289.6896;666510.818;758259.7015999999
1782.6996;1713.555133333333;1542.4808;97081.13246666668;37435.9514;3273.366333333333;255459.2577333334;540760.7542666667;608755.1149333334;765080.7593333333;668868.9638
1268.591066666667;1624.087533333333;84513.86566666666;2084.215933333333;2071.994533333333;2744.8612;364961.9903333333;560722.7603999999;618009.4482;704896.197;797627.3976666667
1684.5632;1995.266266666667;2118.410266666667;1673.189066666667;2300.3312;215147.4957333333;460816.0476;484345.4260666667;563321.2928000001;739991.046;777439.5546
920.4845333333333;1805.864866666667;2496.835;1945.5;1826.905666666667;2823.4138;370439.6361333334;493683.531;549391.2057333334;702957.5424666667;693871.7593333333
1554.9506;1440.532666666667;1922.171733333333;1548.091333333333;2054.692466666666;2604.036066666667;413154.6908666666;576055.6935333334;577257.6161333333;635287.3029333333;824012.4566000002
1586.595533333333;1461.9152;120013.0374666667;2219.106266666667;249862.2758666667;3375.3496;385061.6522666667;510430.5662;646139.9506;649328.0708;730608.7198666668
1271.020266666667;1286.440666666667;1525.4294;1893.144733333334;2514.375733333334;78834.1038;395871.4857333333;521245.5451333332;521399.6243333334;723801.8399333333;691792.6491333334
1473.743333333334;1247.958333333333;1549.7098;206732.5157333333;1816.396733333333;220649.0605333333;482538.2719333333;549736.9936;584491.5808;688507.8223333334;782725.8250666667
1408.073733333333;1200.339266666667;146900.1606666667;1892.754466666667;2038.684533333333;60436.7936;480775.6042666666;488470.7912666667;633796.0843333333;677117.2018666667;778753.8344000001
1197.819266666667;1091.722466666667;1327.769;182394.7203333333;1978.6392;329097.3008666667;413933.7393333333;554154.6032;622802.4266666668;682028.3673333334;874265.0100666666
1760.7844;1998.838933333334;1967.5758;1863.847466666667;2053.165666666666;2575.7306;3681.638866666667;494032.2658;615384.2547999999;725150.9233333333;851584.5419333334
1291.556666666667;1495.570733333333;3106.6564;166935.3746666667;1760.730133333333;3021.6422;457886.2751333334;538664.1642666665;638860.0468;689798.8489333334;754604.2229999999
1813.052933333333;1307.036133333334;1567.679866666667;2415.960733333333;108874.6630666666;2749.7964;347181.7568666667;529017.14;609414.8226;652326.8676;809178.2672666666
1164.184866666667;1904.250733333333;1489.127266666667;2531.4944;2178.5348;2732.3326;385784.6764666666;655884.4222;634685.1493333334;759094.5231333333;814445.8874666666
1690.0022;2383.0248;2142.336066666667;1515.531933333333;129180.4372;176591.6410666667;2962.475266666667;572276.3515333334;635577.7166666667;728545.0617333334;848589.4602666666
1405.037333333333;1736.2428;2008.6644;1726.683066666667;2142.584866666667;340517.2416666666;111400.4342;605409.5224;648637.1464;624533.1451333334;757089.6318000001
1130.942466666667;1780.393333333333;1365.5996;1804.3906;2138.495533333333;356900.9266666667;400478.8584666667;300966.925;639555.4491333334;659710.9462;788192.6334
1069.0346;1451.068266666666;1369.610333333333;2192.521333333334;2254.844733333333;3331.017399999999;3594.0344;539478.5508;556493.0928000001;650741.8496;818773.2599333334
1568.158133333333;51567.81173333334;1743.6594;2715.414133333333;100445.5785333333;334082.9474;443343.8053333333;515045.2084666666;594754.5482;665616.0458;760763.3715333334
1376.726;1892.246533333333;1810.8786;1813.8038;2408.521533333334;125317.4005333333;490697.8851999999;474904.0365333333;615431.9568666667;708428.5841999999;888544.0652
1652.904933333333;1089.7484;2576.5118;1640.316066666667;276801.732;30818.66513333334;253001.2540666667;473651.0473333334;633038.3052666666;761127.2952000001;728535.4055333333
1304.0952;1623.356266666667;2097.852466666667;2662.078266666667;141137.569;3316.946400000001;424514.2756;378313.1782;538244.6849333333;706436.7134000001;791998.7773333333
1247.155466666667;1698.9002;2622.896066666667;2474.8774;2762.6912;31034.55366666666;386861.1132666667;606903.6236;651105.5487333332;691305.3389333333;742476.9692000001
2483.737733333333;1085.354933333333;24541.99353333333;2012.068133333333;1893.713133333333;2587.624533333334;449888.1928666666;478071.7351333333;590581.039;689928.5046;763866.1068666667
1230.879933333333;1483.974133333333;1598.286666666667;2687.557266666667;2862.486866666667;3271.622066666667;353528.1060666666;216112.6898666667;565485.4598;686131.6792666666;834599.7896666668
1333.589333333333;1986.008666666667;102695.8929333333;2151.984733333333;2281.297533333333;336260.6538;116772.0314;486467.1752666666;625375.9342;774915.7042666668;803649.6929333335
1039.4938;1775.6146;2145.9106;2010.218666666667;277117.1172666667;2341.915;412607.682;531381.3358666667;568437.7610000001;776927.4741333333;779396.4498666668
1661.715666666667;1775.692933333333;2798.6514;1820.554;316777.2654;361189.2774666667;450542.59;479773.8120000001;655227.8820666666;729560.6;863311.0036000001
1437.3004;1215.960333333333;1727.481533333333;2258.4432;2333.462533333333;308168.724;19206.8146;468778.1492666667;620873.4596000001;654584.3055333333;750122.5207333333
1771.7956;1936.316333333333;1676.130533333333;1879.3504;1991.741933333333;308175.0658666667;345694.6566666667;579315.6663333332;580272.1624666667;735822.8509333334;742913.9361333334
1639.1106;1526.504733333333;1975.612666666667;1496.986466666667;270321.7124;30863.96286666667;3750.5698;582875.0334;681848.4669333333;659843.0714;831073.5695333333
1219.295133333333;1189.871266666667;1712.4918;1669.9228;1948.955933333333;351760.0053333333;438276.1540666667;524561.7637333333;562017.5786666666;696463.2816666666;793103.6261333334
1449.869533333333;1899.604533333333;1690.616466666667;2028.6782;2371.279266666667;3315.125333333333;400721.2637333334;557211.7144000001;600385.5588;742026.6223333332;795072.5085333333
1250.650133333333;1143.639266666667;138452.7587333334;1810.178133333333;2204.697;277461.5028;3911.0978;336879.0474666667;632404.7855333333;721246.6752000001;778565.5609333334
1331.585333333333;1646.313933333333;123611.3565333333;159667.6248666667;2783.701733333333;2531.795133333334;452627.6154;631019.6585333333;670611.767;725695.3490666667;842857.5419333334
1135.686333333333;1187.258866666667;2548.9144;1866.295133333333;2452.613733333333;368814.2312;507879.5138666666;486601.3411333333;615764.6685333332;669852.8399333333;684661.9483333334
1615.456466666667;1568.768533333333;1590.240733333333;2012.212066666667;286465.1189333334;2851.858133333333;375389.1540666667;518494.9206666666;550801.4410666666;729032.8022666667;772301.7959333332
1231.743133333333;1175.7668;3214.763266666667;2508.4212;224920.3746;3160.522533333333;70399.87079999999;574175.4408;650189.6351333334;682460.2094000001;808401.3092666668
6207.243733333334;2323.312333333333;31068.53533333333;2158.064933333334;2304.510533333334;354721.0018666667;371011.4453333334;503480.1426;556115.8745333333;702252.8319333334;768589.9024666665
1540.543066666667;2277.490066666667;1440.0462;193837.5834666667;125558.9522;192506.2279333333;22502.13573333333;425650.3068666667;647531.0107333333;635557.6782666667;715885.6898666667
1564.7406;1230.146333333333;1750.787466666667;213354.7471333334;19618.04846666666;3737.613;3204.3334;315237.7285333333;577477.1031333333;689902.4001333333;714424.3031333335
1256.782333333333;1986.467933333333;1928.036066666667;31192.0986;50463.80666666666;2628.410466666667;432934.7237333333;384443.4604;582913.0516666666;759423.6748666667;833307.7278666667
1383.612066666667;2006.492066666667;157532.1289333334;19911.0344;1823.862133333334;158364.6332666667;52190.21793333334;587726.7222666667;664794.3465333334;773401.5707333334;792838.6914666668
1481.6672;2088.102;1375.5714;1805.785333333333;2705.463333333333;53456.53413333333;386419.1667333334;86562.97233333334;656705.1293333333;738957.4378666667;791858.2116666668
1184.306666666667;1459.3678;1808.034333333333;1742.373333333333;2495.389266666667;288910.3200666666;79170.57093333334;539033.8487999999;615833.5832666666;701774.1559333334;800928.7841333334
1200.883466666667;1791.349666666667;8044.660466666667;1740.053266666667;2075.4644;345477.956;216234.4534;117348.0323333333;570056.2757333334;642491.0276;818199.7919333334
2074.191866666667;2597.890533333333;1648.015466666667;1730.230933333333;1885.547733333333;349128.6926666666;45871.5992;518893.7368;609864.4052;633701.6455333332;844329.7903333333
1938.4958;1772.002066666667;1872.4508;1744.005066666667;2023.8912;107559.3152666667;325598.5806;622155.8193333334;551696.4226;734602.3499333332;698358.9611999999
1371.304866666667;2038.074866666667;59037.39740000001;1744.9906;1964.825333333333;3496.1528;3755.640333333333;541267.6996000001;604630.5349333334;689036.2602;751792.5866
1231.6236;56487.7162;1397.101066666667;1856.878733333333;2339.902466666667;3136.648866666666;421214.6057333333;311052.9157333333;600582.2413333334;769084.1295333334;848213.5226000001
1514.814;1925.2496;2529.878133333333;162122.0290666667;296696.9091333334;12535.36786666667;325698.9076666667;528453.0018666666;652937.9654000001;781665.1145333335;722006.9538666666
1711.974933333333;19019.50046666666;1253.7554;1658.0568;2648.3816;2552.804266666667;4044.01926066345;498040.1759333333;728395.8242;648628.7689333333;798083.0566666666
2042.801733333333;2056.710866666667;1522.518333333333;1763.6428;2194.0334;104759.8912;375962.5386666667;336530.6904;650665.8515999999;660771.5869333333;813342.7946666669
1047.3642;1573.3704;2204.4972;1760.965333333333;2571.1276;412027.3388;47451.694;247478.0319333333;595334.4113333334;636764.1788;662164.0421333333
802.0312;1679.600666666667;2036.226466666667;1818.6732;2756.940133333334;160441.8206666667;504535.0752666667;566612.6503333334;599516.1706;714511.579;740307.3959333334
