339.33;303.76;1213.6;411.36;7708.5;341;296.25;280.08;258700;391160;209620
355.24;357.08;335.18;2268.2;4075.4;293.57;292.94;261.88;262760;265.35;810250
311.91;303.66;1140.6;291.24;2562.4;23900;289.19;198480;277.89;268.33;234180
601.8200000000001;314.46;1077.7;1157;329.79;311.58;295.47;290.14;278180;275.24;226020
1389.6;314.28;4188.7;4793.9;2188.4;10667;291.14;201250;662.41;416240;223560
319.37;312.69;296.87;1540.9;335.81;312.9;66765;281.97;282990;331.12;226970
352.82;1309.9;1206.1;312.25;332.78;303.96;303.6;279.48;271.7;264.75;216550
322.03;854.89;1269;9053.799999999999;323.65;812.51;296.55;341.84;373.7;426570;816980
325.1;331.46;1285.7;6481.5;333.3;318.85;8699.1;287.94;321.78;274.55;228470
344.78;301.56;6432;5034.3;335.1;4560.6;2687.6;282.46;275.88;429930;239670
346.67;319.69;1235.9;10277;291.73;677.16;510.28;279.73;254800;295.22;252370
779.6900000000001;305.41;282.33;868.21;15035;310.33;273.06;98853;256690;268.79;216270
328.9;324.33;1467.4;4128.8;323.67;330.8;294.46;277.98;482.04;404840;222930
330.84;316.25;3086.8;2915.6;756.59;7460.3;45944;279.79;284800;272.09;221380
631.9;308.57;1493.5;15573;356.23;307.02;1587.9;276.47;267.42;273.97;245920
338.6;308.87;2239.6;414.45;804.58;293.99;291.62;321.96;273040;244.05;220370
318.83;318.55;380.91;302.1;20226;305.42;2587.1;912.22;274.55;472550;210900
360.13;310.62;2602.2;409.49;337.29;876.91;292.35;313.02;295820;267.53;830300
336.29;288.3;1790.5;876.33;1639.1;12386;330.65;276.35;273.09;274.3;234790
1400;313.97;11338;306.73;3395;302.91;318.13;293.7;316.25;283.4;239630
684.4299999999999;310.02;2789.6;3172.3;2594.2;307.31;297.94;279.75;275.81;271.21;811070
314.27;305.38;288.33;3368.8;334.65;2449.7;309.43;276.39;275.24;400110;238600
356.17;306.87;1197.3;300.18;21907;293.76;321.29;318.48;272.92;2236.9;232460
338.1;305.84;287.19;284.68;627.34;304.95;288.38;309.28;280.65;4215.4;834570
598.04;313.07;3342.2;289.38;11443;371.64;284.31;280.43;273.72;266.75;243650
371.11;315.54;1079.8;3365.7;4276;418.87;267.95;325.54;261510;373880;769900
330.86;316.49;1157.6;293.3;328.7;6975.2;96245;292.16;499.13;482.44;222740
1362.9;303.14;1273.9;299.81;337.48;366.04;296.46;282.78;275.37;270.95;231590
1090.5;300.11;283.51;2648.4;333.5;295.39;98612;285.63;251.19;268.78;216900
592.47;344.18;284.38;293.3;27758;297.58;353.38;278.57;266270;411800;217120
311.45;305.75;1392.7;1838.8;287.99;4226.9;284.51;280.92;310.22;380130;808840
929.27;333.45;2250.5;297.26;305.1;303.25;292.9;277.72;320.91;273;788100
700.91;303.07;1269.9;3779.2;339.5;331.46;296.78;280.09;285.15;421160;815110
347.67;275.17;1442.6;399.06;337.3;302.45;87986;267.06;313.74;258.3;222020
633.6;318.16;1150;13418;297.07;302.4;10170;3093.4;278.12;438650;225990
315.96;319.94;283.88;659.3099999999999;310.56;321.21;70714;271.99;291.49;256.32;231050
347.85;287.96;1282.7;6220.3;2680;293.81;288.78;286.64;323.73;262.56;773610
864.23;313.77;3508.5;9188.5;323.92;305.93;288.57;24998;374.26;329.84;781720
345.79;365.73;3590.8;4209;25313;5094.1;298.7;276.69;514.1799999999999;443.81;242620
302.3;313.44;4648.9;654.97;1595.9;298.47;288.46;275.98;327.2;269.71;218990
928.7;308.81;1382;417.25;1638.4;301.56;52943;284.37;310.79;279.5;222130
342.42;410.55;1320.1;7145.5;309.69;28455;320.13;279.22;274.3;270.03;808840
910.53;305.95;11594;926.0599999999999;2194.7;344.96;286.7;306.58;311.62;438030;760920
349.4;307.88;6843.2;349.94;332.73;297.64;32355;163230;275430;361750;240010
324.45;309.32;1065.1;523.28;341.69;307.47;13889;185440;286280;292.09;765950
374.48;649.54;4508.9;614.96;25434;334.22;70271;163680;275420;386210;217570
457.83;297.3;8473.799999999999;5627.2;1453;15302;290.09;83638;272.26;283.54;221620
817.4299999999999;323.44;287.37;309.53;13731;307.01;46337;351;266.4;271.6;213710
369.98;288.33;1227.7;289.09;303.85;303.28;17422;274.64;571.34;268.37;226150
343.4;312.88;19277;404.13;280.7;308.59;288.01;283.79;249.75;269.6;235300
327.31;302.58;281.11;1115.3;3180.6;317.82;27022;276.86;278.32;353.9;227710
839.09;312.7;1942.9;13137;322.68;299.7;306.76;399.42;320.25;396820;225140
1137.3;313.54;1109.1;2379.3;878.83;304.65;289.45;265.01;251830;476.35;225020
612.53;310.15;2387.2;1677.1;24810;305.38;332.48;287.32;287.42;274.87;224840
308.94;308.56;285.54;2916.1;307.46;26849;539.46;283.08;327.86;396950;205750
466.35;268.89;2573.4;3288.7;6394.6;300.01;3298.8;279.22;275.25;272.7;837730
348.08;323.89;1239.8;290.34;335.84;1005.7;296.88;304.58;290240;270.73;222660
1318;291.04;1083;291.57;3291.6;80438;294.17;275.87;290.41;268.08;824610
331.95;313.88;1217;298.11;332.63;307.81;292.08;162400;293200;268.3;205770
1078.7;282.5;1235;3418.5;295.19;311.68;290.64;281;274.91;267.26;803710
310.37;303.65;2411.7;9040;29675;22508;293.19;182280;570.88;393600;229870
323.21;315.24;1537.6;2639.7;350.07;32232;305.28;288.73;315570;272.3;238550
335.29;364.18;4415.4;8367.700000000001;317.62;28335;21721;21735;278.77;274.39;801190
669.66;1056.3;5321.7;1079.8;317.93;308.49;287.18;322.61;275850;455.78;239140
433.71;306.3;363.22;415.55;7912.2;5788.8;300.09;279.97;278.68;271.26;773480
316.45;301.81;2611;666.54;313.33;488.68;292.16;274.6;273.86;273.2;216790
346.78;451.88;1401;266.66;6745.4;323.03;21352;283.51;283920;391690;208710
445.16;305.4;3371.8;21487;342.85;9748.5;294.27;281.8;324.51;269.29;231260
1278.7;314.23;280.52;525.36;325;294.61;286.82;279.25;320.52;393290;212680
661.1799999999999;622.72;288.12;1593.4;332.25;9452;304.69;325.29;268.33;390710;233240
330.43;294.28;282.49;1462;323.38;8574.299999999999;15044;298.82;251.66;268.02;218080
689.15;306.19;1265;394.58;334.25;299.81;288.61;281.29;294780;274.31;205870
1086.9;555.84;255.7;296.18;7947.1;317.95;62014;54402;282.15;374330;231060
563.3;303.49;360.6;678.79;472.23;312.56;8672.9;367.22;271.47;270.64;233560
335.94;300.95;6761.3;2642.1;323.5;300.51;318.48;12488;652.99;332.75;792600
1049.4;310.38;2217.4;2737;338.63;331.87;325.97;287.69;279560;267.22;693340
340.97;306.25;7178.8;4098.1;802.12;24609;292.91;147930;276.6;274.51;214110
303.16;320.66;2002.9;382.09;331.21;285.12;302.54;309.25;272.27;1814.7;233740
810.34;309.04;4592.5;3404.7;331.58;314.85;9149.6;29361;287990;274.1;724390
355.49;284.24;359.61;610.52;18209;14029;304.84;328.6;367.84;269.78;227360
313.66;339.59;363.58;5224.8;296.79;275.18;107500;333.78;311310;265.87;843650
339.03;309.39;16277;10200;28904;316.98;300.5;168450;303.24;555.4;229540
1184.5;306.15;366.74;4866.2;324.15;298.68;5928.5;324.23;283.41;330.54;771990
344.87;293.52;3184.1;337.08;654.03;6621.8;110090;277.63;275.02;333.83;220690
1065.6;295.04;3990.6;5195.8;355.77;295.42;286.89;335.91;293.7;394890;217600
347.11;416.05;384.35;25385;3444.9;293.7;323.38;279.96;443.25;359020;224340
314.39;522.72;288.44;3941.4;320.67;6136.1;286.82;297.52;280620;420790;714540
312.08;329.99;288.53;316.92;343.78;301.13;51442;314.46;2641.2;273.37;228510
347.27;302.01;4319.9;2884.3;1762.8;302.39;305.69;315.32;276.72;402650;222380
336.35;302.99;1387.4;14586;7781.3;2133.6;299.36;306.03;327.2;296.66;234740
345.14;306.22;18769;3270.1;9759.799999999999;314.35;285.51;102960;276.1;265.47;798930
312.01;301.86;2112.7;9583.700000000001;297.94;308.55;78052;304.5;444.91;285.21;216190
310.89;293.67;3869.6;285;326.81;310.77;321.98;276.26;319.74;272.93;228100
595.66;315.97;292.47;362.57;435.2;304.26;1530;130340;318.04;416400;219520
347.35;301.58;1313.7;288.06;15935;2388.8;737.92;292.2;261220;338.18;225740
1086.6;373.45;1758.1;1251.5;323.54;541.05;281.83;258.7;273.2;352.02;229820
822.5700000000001;301.15;7312.1;8458;4310.2;308.21;292.85;280.86;273460;272.76;218970
423.93;322.57;1387.1;35552;24579;302.69;534.1799999999999;156270;386.09;271.76;806770
1085.7;309.92;347.92;5409.7;319.79;497;291.08;287.71;285.42;282.71;721760
330.59;306.43;2300.1;1962.2;4319.8;303.97;2704.9;187850;338.1;274.98;240710
338.87;313.54;3028.1;970.03;333.17;43173;290.96;281.57;254.48;270.12;808240
1038.6;293.85;1115.2;4252.4;338.69;304.74;357.27;281.96;276.8;272.16;217610
448.64;310.84;1709.1;2130.1;329.62;595.52;293.68;316.66;785.75;401800;724550
313.44;307.59;306.24;5719.9;339.23;8029.5;298.09;289.43;322.64;271.23;223540
351.47;293.04;3022.2;5436.2;334.21;1031.5;288.03;279.5;321.62;266.96;863270
671.9299999999999;304.2;1365.8;6423.8;294.02;54824;21878;321.09;280.27;393920;222390
319;326.23;6677.1;955.3200000000001;339.06;308.49;288.25;298.12;319.26;267.76;235010
311.11;317.94;1265.2;2995.5;313.5;4513.3;966.09;311.39;273.49;340.51;223140
362.07;304.91;1392.4;3674;347.4;293.88;290.83;12512;329.49;274.36;796870
329.24;301.91;4485.4;5184.8;327.92;304.57;66408;307.29;274.43;270.38;783610
363.09;325.32;3942.9;294.68;4813.1;312.45;300.96;282.08;268.7;270.79;210110
331.9;305.22;2181.1;799.34;295.2;825.95;285.69;274.13;275.72;2283.4;225450
659.58;296.03;275.33;6222;326.05;779.36;5756;695.89;325.21;271.99;234350
1213.4;308.15;286.62;295.79;297.87;326.08;303.1;300.45;283.63;267.45;220100
316.33;316.48;1128.6;289.79;291.88;5036.5;289.22;291.12;261680;268.12;229390
336.86;309.91;2132;283.96;292.28;312.05;287.11;166320;275.46;273.46;837760
337.5;289.7;1167.1;277.37;18278;297.64;291.09;169450;276.28;291.95;226780
334.23;303.81;7100.8;4753;307.87;506.76;290.41;273.83;281.1;418480;218770
438.87;297.39;2302.9;295.71;351.2;13006;108010;790.67;326.67;269.69;230960
330.22;311.09;1136.5;1097.3;335.81;311.32;497.3;540.13;275.36;276.22;228650
328.3;308.03;1182.5;424.35;1450.3;19131;293.24;297.79;277.87;433360;782800
348.9;309.24;1128.4;397.14;10332;307.88;6752.4;282.96;276.6;269.01;842200
317.04;293.58;378.05;1912;322.84;308.71;297.18;309.6;314.86;264.82;236390
340.56;307.81;290.67;6237;4339.2;310.72;294.36;167450;479.84;270.38;784030
342.89;311.22;4558.6;2706;6709.7;499.48;285.58;186740;299180;270.22;228720
592.42;305.58;295.32;2032;1300;318.06;292.16;284.7;277.43;310.79;237860
317.72;308.5;5868.7;288.74;6623.3;300.26;5504.9;286.07;278.64;401760;776020
317.96;321.14;290.54;7100.4;293.29;297.14;302.43;192330;422.83;406140;799570
353.9;304.28;2223.2;4546.4;9606.700000000001;300.91;300.79;299.96;275.71;417420;229160
325.68;314.84;3671.5;3051.6;328.92;303.24;305.29;304.43;272.31;288.91;785180
349.54;320.22;285.37;10127;328.91;307.6;285.2;176110;630.5599999999999;271.43;233110
333.63;335.09;12513;7843.9;11176;309.74;296.22;167340;276.8;261.24;233440
2350.4;294.28;288.19;4557.4;303.04;301.73;55143;165610;284220;262.95;216740
706.78;295.99;2292.1;417.11;320.23;4807.6;294.2;486.5;270.94;266.62;233960
924.05;310.85;1130.7;299.3;337.17;298.25;286.22;285.72;271.32;269.88;812260
901.45;330.35;15037;971.98;7938.7;311.52;8673;279.88;316.7;255.84;218960
353.73;306.42;1137.7;1831.6;7505.3;337.15;293.27;171130;278.46;435570;226320
736.9299999999999;306.88;2422.5;301.25;316.35;331.09;23609;309.69;289110;265.93;748590
340.69;318.41;5476.2;6671.2;309.59;1596.4;289.74;281.45;318.08;272.76;220090
310.95;315.88;284.42;311.55;4280;305.04;295.56;284.19;236110;270.23;820340
1723.6;302.05;1297.7;4129.8;334.48;3051.6;293.11;284.44;269.48;272.31;222350
937.72;335.91;7304.3;280.82;5164.6;293.94;287.53;312.52;276.55;267.64;229370
677.89;303.02;2236.7;1551.5;323.97;29140;326.03;281.75;414.56;272.09;222230
319.49;310.42;1078.7;1339.2;316;338.45;294.07;291.15;304.64;268.2;739340
343.14;284.1;288.26;6281.6;351.36;6907.5;294.33;287.73;273.37;272.86;219760
368.23;372.03;2656.6;2017.2;5112.7;299.29;4924.6;179860;273.13;568.24;215310
339.49;292.77;3971.8;284.12;339.84;309.86;311.95;281.73;281.22;403.33;223630
318.26;306.26;1284.1;3625;332.78;341.08;294.71;280.1;276.41;267.38;847630
330.93;303.36;293.17;284.82;16560;2295.4;17634;280.64;296110;335.74;222880
319.04;304.31;2207.1;1113.3;338.36;312.37;287.64;201080;277.69;332.23;788540
319.85;308.32;281.3;2691.4;360.42;5799.7;308.24;313.24;273.5;323.46;224500
343.68;304.76;288.38;313.19;297.93;310.68;289.8;185480;273.97;268.15;820070
315.83;470.87;1315.4;1018.9;5953.5;304.29;297.07;315.96;273.09;268.96;232660
447.64;313.6;2696.4;400.39;794.79;314.61;287.1;281.23;289.62;328.35;209990
1558;302.48;1597.6;7622.7;14061;301.41;514.5599999999999;137480;325.44;274.63;229680
335.22;290.86;342.1;1620.6;1487.7;753.2;330.75;277.54;272.99;262.7;808240
316.77;312.37;283.76;3238.9;11465;308.72;268.66;215490;273.5;449660;827100
320.81;319.96;285.52;2312.2;278.23;306.24;295.54;311.05;272.87;406800;239970
326.24;316.2;293.38;429.42;55194;13680;348.2;108400;277.73;253.48;223020
365.03;293.15;14157;420.03;3793.8;298.73;320.94;315.76;254390;337.48;762200
326.03;332.67;4492.2;3214.9;3730.8;351.79;367.04;283.72;323.36;273.42;807230
347.68;304.86;1149.1;395.75;337.35;315.8;5925.8;101630;271.4;332.59;787100
333.83;283.31;7080.9;287.18;7081.6;295.69;310.71;844.29;280080;270.89;785590
314.35;305.17;1156.9;285.6;289.59;308.32;47878;284.31;278.03;395560;208840
1063.8;345.34;1196.2;7098.3;331.75;313.64;313.51;280.82;254.4;278.81;229300
359.13;306.25;1047.7;420.43;7460.2;49772;23211;182740;312.42;275.72;218450
316.16;305.75;980.1;562.51;344.72;304.26;290.04;280.49;271.09;273.51;225220
928.47;298.8;1128.2;8732.700000000001;10904;300.46;19047;320.62;291960;380590;814050
311.67;547.38;1242.1;651.04;359.27;330.72;290.54;199090;273.07;266.47;858020
316.26;336.04;344.93;1619.1;276.96;305.41;433.17;197630;273.06;337.17;804990
339.76;304.73;2618.4;415.05;8581.299999999999;307.77;347.36;300.18;278.34;330.92;226330
320.75;307.14;1187.9;1171.1;323.74;334.19;462.01;298.02;904.52;486.29;814830
1064;306.3;2529.2;690.67;29415;309.65;9724;283.06;282.39;269.63;795680
686.3;322.59;287.47;3768.8;332.66;301.55;296.11;187020;263900;408390;251990
350.22;340.31;1150.4;13146;405.3;297.33;112020;283.86;274.5;389390;220820
322.77;292.74;286.86;1246.4;24222;298.07;288.47;281.79;270.42;271.81;792890
333.8;304;1109.1;4221.4;11567;337.71;275.67;283.55;284.06;263.67;816780
341;332.16;1366.3;1192.1;294.32;382.95;6487.6;166090;313;271.14;225370
1094.6;309.05;3387.2;275.81;296.03;22584;289.86;277.1;274.38;334.55;812180
346.48;312.16;1139.7;2236.3;349.53;304.79;55539;285;276.1;285.59;226440
362.48;309.63;3271.9;8745.1;337.62;296;82025;276.44;272.63;370590;232050
301.66;322.64;1241.2;304.71;327.41;306.83;323.35;174230;278.32;270.95;225600
1131.6;305.43;1279.1;4155.8;4256;301.21;70774;278.87;272.34;265.9;834040
318.42;330.34;13463;4015.5;2207.7;567.28;294.93;285.59;280.06;284.92;214070
325.88;296.76;1359.7;3375.2;300.32;308.65;325.73;275.91;275.32;370090;761920
333.15;348.7;3272.9;4629;24540;309.06;503.57;383.93;278.12;412740;236240
494.21;311.38;289.8;290.34;310.15;299.52;27795;810.33;463.38;271.44;228190
313.81;316.08;4142.2;3578.3;326.3;303.22;292.8;293.11;276.9;2267.1;232610
334.1;310.73;5533.9;4907;334.96;9199.700000000001;289.54;195640;279.07;271.96;228250
395.98;312.05;1304.5;3295.1;2653.9;312.97;6251;336.13;262120;382.28;226890
624.27;310.89;1248.1;1040.5;7051.6;310.43;2104.3;280.59;272.88;403470;776330
1114.3;304.17;2272.3;779.25;345.91;5247.4;292.3;283.19;269.92;411300;223470
615.3200000000001;305.98;1962.9;4114.7;6059.1;425.54;39251;177170;277.44;338.18;202780
930.09;343.33;290.99;3319.2;2330.7;312.54;294.76;154450;272.14;409480;226070
323.7;351.71;6364.9;478.45;297.37;302.19;292.93;283.77;273.49;249.41;214680
326.61;309.93;2270.5;3210;7128.1;305.71;305.32;284.83;293.31;335.29;231510
1115.2;306.48;1258.5;2314;2023.8;301.82;288.39;281.07;273.08;270.63;233980
1334.3;312.82;2282.8;15050;297.54;3876.3;325.96;309.49;284.84;265.77;232910
355.61;314.68;1133.9;869.5700000000001;288.97;12358;300;276.45;301010;430610;847610
346.45;307.51;2337.8;413.49;15444;7035.5;287.22;279.57;271.92;268.59;831920
333.9;303.37;1266.9;2619.2;18657;298.85;286.42;180220;275.53;269.78;216380
329.95;320.18;390.27;291.15;322.94;296.78;23456;166830;336.59;423320;212620
328.95;293.62;1219.7;1003.6;338.62;1697.6;70241;413.09;1792.5;273.49;224200
324.61;309.46;1105.1;4890.5;8823.4;8610.5;281.45;279.43;289.14;420710;796400
343.06;303.65;4365.9;19191;317.25;26042;306.47;296.37;258190;257.7;223720
346.89;987.21;1229.3;1116.9;316.99;16739;298.31;279.38;260790;399.35;769280
327.33;320.7;2154.3;341.48;328.83;8116.3;287.23;308.44;253710;269.58;223310
522.4;1086.3;3035.4;5319;1160.8;362.42;286.37;259.23;281.17;286.54;231270
957.39;316.17;3570.1;1786.3;3806.5;23062;332.61;323.03;291670;449.55;212970
344.63;308.79;5952.7;803.58;294.33;308.54;286.73;278.51;275.84;256.67;795630
334.7;322.93;1086.8;8207.200000000001;322.93;299.92;531.3;173140;273.51;327.29;830980
351.15;309.69;3881.5;1746.1;9938.9;326.08;60683;288.91;290000;433610;816580
308.5;296.09;1287.7;979.4299999999999;1653.3;8956.1;90498;275.3;292870;413760;702070
311.44;304.16;1096;7551.2;325.48;20983;293.33;292.43;268.45;271.53;814320
346.44;610.66;1177.1;292.53;993.85;676.8099999999999;282.11;1194.7;276.46;400640;201760
945.33;293.22;282.93;4827.3;336.27;1034.2;21896;308.56;324.23;338.2;245730
318.87;303.6;1070.4;5448.3;2241.5;309.63;12190;779.66;326.64;1589;240630
344.76;309.6;315.19;281.3;379.77;302.99;294.15;286.11;272.77;412100;206040
323.99;305.03;1316.8;281.02;296.83;311.06;338;280.24;297.38;421200;233670
428.25;309.89;1227.6;2989.8;10654;930.36;24649;296.49;323.68;394090;821980
299.1;306.18;1179.4;1635.5;3290.3;5008.9;553.64;279.31;274.14;274.61;789300
324.59;284.01;1167.5;4588.7;289.21;303.89;285.65;284.13;274.88;326.22;792910
317.28;317.86;1236.8;1075.4;1926.9;22487;300.84;310.73;269.21;277.26;762640
812.36;307.52;2343.2;409.16;1177.8;307.88;292.36;285.58;288130;267.22;227770
1285.2;321.41;293.17;411.97;2475.2;301.94;450.88;284.2;278.98;241.41;816920
752.75;307.09;3726.2;844.03;324.84;299.52;293.41;284.15;283.16;252.23;219740
341.64;309.2;4379.8;5461.7;3121.2;309.94;291.17;279.86;324;276.23;786160
318.61;312.05;1128.8;8251.4;331.75;14788;285.42;285.81;277.13;273.09;820900
345.43;294.23;2259;3736.2;8294.4;282.88;292.9;365;315.97;343.97;224970
341;294.83;3407.6;3095.7;6492.4;20528;295.85;294.04;274.14;414780;207190
319.47;326.54;3019.7;5934.6;294.47;488.18;288.28;281.7;272;296.67;227890
337.44;306.47;972.24;367.69;299.68;21042;290.49;278.61;251.48;308.19;222610
314.84;307.3;2641.9;6477.8;331.79;335.03;309.26;58357;269.68;273.37;224670
320.52;301.25;3780.7;2748.7;2226.8;298.85;309.6;277.82;271.23;416330;234150
943.35;306.69;1990.7;292.25;332.1;553.91;287.61;278.81;274.75;288.91;220950
836.97;288.04;4121.4;10306;364.48;294.32;3971.4;316.13;271.05;270.88;861400
309.58;304.61;4182.1;293.6;324.94;1600.1;318.44;173050;616.04;389900;227210
350.23;322.02;1528.1;2722.4;287.02;300.26;290.91;283.64;269.7;384690;211620
290.09;1123.7;1341.6;300.09;391.8;300.06;289.85;285.95;324.62;434780;793870
336.14;477.04;1542.9;9117.5;777.66;320.43;294.02;294.51;278.58;305.16;223270
343.16;308.57;1330;15293;339.89;298.24;97328;284.52;276.85;272.33;221000
333.89;303.25;1168.6;409.31;6575.2;24915;292.47;280.58;287.39;389870;216910
327.18;311.79;2435.9;1691.2;293.72;18015;300.85;278.19;277380;1603.9;226270
334.82;300.33;3827.6;289.23;350.87;303.39;2964.9;281.42;319.98;266.81;229500
281.64;797.86;1199.8;389.9;330.84;305.58;310.01;311.27;887.21;268.23;223380
338.95;325.06;1449.7;286.2;328.4;306.22;295.12;293.53;328.46;273.42;832210
351.21;321.85;301.09;287.32;334.62;8998.299999999999;38318;279.71;277.08;268.58;224630
351.17;321.72;11881;309.71;285.59;9795.200000000001;274.61;285.38;281.72;269.19;210610
314.78;297.04;1248.3;4030.6;291.24;285.11;286.6;278.29;368.77;275.29;811510
2643.9;286;2276.6;2820.7;299.39;304;289.4;280.92;257.55;268.81;216300
347.92;301.7;1221.7;292.59;294.38;757.04;285.5;283.03;281.94;406060;801560
349.04;526.52;2322.8;3390.6;31056;305.43;291.43;279.31;276900;274.12;807630
318.4;995.89;1253.2;1525.8;328.49;2457.1;327.1;320.09;283600;267.31;744170
300.58;317.48;440.9;4858.8;1207.3;15526;295.55;276.36;285430;990.66;211000
316.08;1282.4;353.67;8011;20060;300.14;283.71;283.34;281060;267.38;236110
314.12;749.6799999999999;8000.3;290.98;461.46;9935.200000000001;43873;167720;319.61;334.78;233350
312.59;278.58;1230.8;379.6;303.51;7292;36153;276.28;260.85;270.84;215710
335.69;309.36;5708.7;307.73;3677.1;376.42;99308;324.12;274610;270.65;228970
315.64;290.67;1754.1;299.83;327.76;342.63;286.85;281.07;262270;271.68;768070
342.31;297.44;1206.6;1728.9;348.54;314.09;288.35;281.27;275.09;272.02;806890
346.62;303.82;1076.4;587.27;292.02;310.98;284.63;198030;278.11;270.8;730920
360.2;309.32;350.1;975.96;414.95;324.17;264.13;6212.6;273.89;426510;224300
1112.9;326.16;1106.4;6277.4;324.88;9585.6;40314;153160;275.88;1132.5;777680
2755.2;290.5;1317.7;297.7;331.39;23496;1096;15126;294.97;269.16;230180
1923.7;305.59;2150.7;6969.9;302.55;749.55;516.21;276.75;290.68;270.64;223260
352.17;307.02;1392.9;5276.2;327.45;2533.4;321.55;277.32;287.72;421690;814470
351.07;300.58;2657.6;7947.1;333.11;19458;299.78;40941;274.44;271.85;212480
314.26;327.96;1243;14265;347.88;19186;294.11;511.71;330.12;452290;239220
341.7;297.93;1356.1;2396.1;10796;6008.1;37841;77424;276.14;394950;803000
335.62;306.05;1447.5;527.52;320.62;347.84;290.29;303.76;375.38;389970;733700
408.76;306.95;2188.1;295.65;290.54;312.75;326.52;276.08;310.14;374920;858050
315.96;314.54;1196.8;484.92;22733;21859;294.76;290.03;623.83;326.24;227130
359.38;308.43;2307.7;7984.3;329.42;296.49;334.1;285.77;271.99;389330;240250
352.94;294.74;1354.2;299.7;392.55;313.16;330.01;284.45;273.87;265.13;224940
330.46;302.48;4768;283.8;9760;298.77;300.58;273.19;279.23;290.55;753110
333.34;303.69;1047.7;293.81;1198.7;305.57;289.4;21225;277.91;374680;229880
1086.1;306.24;1383.6;310.39;345.47;294.28;291.72;287.83;296130;432280;803350
1090.1;304.91;2784.8;309.3;463.4;312.08;316.36;279.47;318.84;258.74;243780
335.56;301.94;3186.9;290.8;860.5700000000001;318.46;289.9;282.82;314.25;505.05;226730
1092.4;292.77;290.63;282.86;330.23;307.28;12799;278.88;270.47;402930;219690
902;333.19;11771;8673.9;26948;8448.799999999999;339.45;175780;271.93;384140;223840
312.88;293.55;4333.3;607.45;317.63;314.67;299.27;279.84;274.5;270.62;216360
308.96;306.34;4043.5;303.42;323.27;303.91;306.48;196160;496.39;278.37;210470
1301;304.71;1160.5;6550.5;602.41;59961;27093;283.4;265600;269.14;231850
627.4299999999999;309.67;1362.8;7693.2;293.49;20893;288.63;310.67;271.81;274.3;221720
332.75;304.76;307.07;570.34;6682.2;294.82;557.5700000000001;281.48;270.64;1067.1;228730
319.89;307.5;4053.7;6544.5;305.18;304.91;26008;313.81;274.67;282.68;815240
700.3099999999999;306.96;2408.4;299.9;308.2;305.27;282.31;4447.6;270.71;270.3;226540
353;333.42;2380.3;8317.799999999999;7394;308.14;48190;140520;277.82;272.44;220840
335.69;290.85;3159.4;287.23;15569;337.84;291.9;290.58;278.17;404380;229530
306.03;341.57;9301.5;5894.6;296.61;5928.2;509.47;323.4;283.22;422290;217350
338.25;299.95;307.02;4175.9;314.99;304.32;12972;298.3;278.97;389140;222850
315.45;299.41;9452.1;7798.8;334.62;401.74;22777;279.95;275.24;275.9;238870
1442.6;305.69;1282.5;1003.4;21903;13580;3208;61700;273620;295.89;208610
340.59;533.15;1327.9;12593;23653;305.05;295.41;297.8;257.53;330.89;800130
317.18;321.31;1264.1;12980;11815;307.48;22865;275.86;272.35;1944.9;220640
317.21;311.43;293.52;1869.2;332.62;5634.9;310.39;57958;1065.3;270.08;206680
1350.2;304.02;1260.8;1200.4;6480.6;329.91;285.99;81243;327.05;406410;217030
350.71;305.23;282.91;2550.5;285.34;281.93;2365.4;305.24;282090;399330;226150
417.75;307.44;5141.2;296.82;304.51;8161;33619;317.63;276.61;270.85;834290
914.17;302.76;12181;2668.3;19232;10822;291.44;50954;276.16;319.48;222620
328.41;366.45;1227.4;1847.9;323.79;309.07;320.34;280.81;245360;329.88;219230
348.14;288.92;5539.2;2237.5;1705.6;475.8;369.23;279.14;273.21;270.37;217900
942.88;303.88;2366.6;1793;333.22;310.17;302.4;282.22;336.34;340.42;232670
326.81;311.85;287.86;14599;295.69;290.36;302.61;281.05;450.18;279.94;821950
302.34;757.46;963.79;321.86;20887;20730;299.76;278.08;249.61;413910;787770
344.71;294.74;8128.5;2493.2;3605.7;316.23;281.02;276.56;326.5;395670;220900
606.96;301.16;2300.5;4292.1;4241.6;302.61;292.64;13646;285.8;273.07;828770
350.76;327.53;19369;872.05;2060.6;305.16;302.99;277.86;279.54;267.63;220380
1394.4;313.39;2360.2;3537.3;364.32;306.51;285.77;195560;274.84;267.95;767610
342.53;310.57;1154.6;2025.5;296.45;298.38;311.35;282.97;278.79;269.55;823510
311.77;278.94;9408.9;292.42;390.92;292.63;958.78;284.18;278050;276.88;221810
333.1;309.73;17130;8205.700000000001;332.58;8739.799999999999;3138.7;307.14;254.23;268.89;223980
1636.1;309.43;18999;425.93;1377.8;334.4;288.86;166120;308.49;402790;798510
349.23;314.04;5140.7;419.52;337.33;303.36;296.26;767.92;277.65;272.52;229330
335.28;292.27;292.17;4110.6;358.71;304.35;286.59;313.64;444.23;286.32;838890
319.05;323.33;287.91;16114;313.15;301.91;291.69;283.55;396.95;377560;219750
658.47;327.21;2313.8;7082.2;334.45;316.91;311.06;98392;274.81;319.04;228400
474.95;308.09;2599.3;4141.4;345.37;9309.299999999999;289.81;487.46;253090;459.88;234930
342.6;317.87;1252.2;307.12;330.92;331.78;573.48;282.35;253670;268.63;223520
443.56;288.86;1239.1;1727.7;305.46;330.61;290.43;178460;282.59;270.8;816030
913.55;305.36;303;1507.3;303.27;2823.4;40669;290.49;290.61;270.58;794120
646.98;327.08;1125.3;343.32;298.92;311.45;284.26;280.57;268.79;279.32;217260
318.45;310.42;1342.2;2638.7;19282;6024.1;306.01;33409;269.91;398170;213410
312.58;305.02;349.75;404.11;15248;4195.6;305.6;317.62;276.56;330.43;222150
341.61;315.44;293.8;271.5;389.64;741.47;303.75;79804;431.48;421690;229700
342.56;302.5;8256.200000000001;4128.3;504.49;348.07;15321;278.46;283;407690;222350
318;319.18;287.71;4734.4;11470;306.91;328.16;278.79;268.08;346.72;210610
706.71;318.7;292.73;314.52;302.16;297.13;329.9;277.96;277.99;274.27;210140
312.06;307.76;1466.2;3469.3;308.08;482.42;306.24;280.46;279.47;315.27;223560
320.13;317.53;973.36;2314.3;341.2;8723.6;290.02;193530;273.97;386560;221290
312.39;304.95;1098.9;2442.3;322.82;10188;303.19;279.59;274280;256.94;220000
328.13;340.8;1178.5;2051.7;14364;293.47;289.08;113320;253450;291.92;220510
353.14;305.56;1469.3;2154.3;472.59;349.55;291.73;283.28;269.23;894.27;775760
353.49;311.8;2160.5;3779.2;14212;300.73;295.18;176200;406.19;251.4;797820
632.49;306.43;298.11;992.64;333.54;44374;1289.1;277.23;276.44;621.22;218900
312.74;324.91;4667.6;412.95;331.23;293.96;290.29;280.82;287.62;608.3;214710
347.15;298.79;3254.3;2716;346.26;300.22;320.66;284.92;269.53;388650;241250
323.22;301.02;1542;1548.8;5286.3;8124.5;281.27;180370;271.4;269.05;229410
693.9299999999999;310.86;356.16;4606.3;7892.7;23275;285.47;280.35;272.92;269.02;828040
322.2;302.6;3224.2;314.24;4500.8;302.1;87696;722.12;281.55;268.37;774170
348.72;356.77;1113.2;397.88;1986.2;286.7;289.81;279.58;294.38;319.04;768630
338.93;310.91;285.18;1455.5;353.36;33139;290.17;281.66;278.02;275.03;216390
617.35;304.67;12328;428.15;345.17;308.6;62809;299.14;249390;271.49;822460
320.39;306.66;2022.5;387.08;347.29;304.48;290.35;282.81;318.09;414420;219140
1316.2;310.49;1273.9;283.31;301.82;21259;315.31;133280;277.79;273.88;217570
329.3;321.68;1299.9;288;300.77;314.03;5900.9;153990;274.25;270.08;850020
680.4;315.29;1446.5;1276.7;288.63;325.24;286.88;309.33;291.46;260.82;220570
318.63;312.92;288.38;284.39;442.45;10448;300.42;279.29;320.42;269.52;214100
360.37;316.75;1186.9;631.9400000000001;329.25;51905;272.53;277.88;270380;414840;221580
348.0832333333333;306.8493666666666;3530.2592;396.0422166666667;2099.68645;322.9701166666666;286.0646;148226.9516333333;277.9644333333333;396689.1302833333;794790.9111666667
824.6471833333334;291.7551;3272.72115;1551.00705;4747.994466666666;307.7613166666667;314.3313833333333;319.0793;271.10165;269.67085;227615.8305666667
343.0122833333333;757.9865;360.5809;289.0489166666667;12395.12835;24039.99555;279.9393000000001;317.1750333333333;274.55765;414996.5935833334;217255.0454166667
818.3994666666666;310.0503166666667;1285.5447;5299.929883333333;790.6197833333332;314.6914166666667;295.5938666666667;269.1815666666667;279356.87535;398148.0859166666;227959.5923833333
1103.309933333333;294.9625333333333;1219.261616666667;2999.6129;829.8836166666666;640.4111833333333;319.6512166666666;292.4256166666667;278.4469333333333;269.40025;232754.0499
363.3692666666666;314.8583;4310.3923;1376.79475;323.1270166666666;303.9771333333334;5525.6632;481.1866833333333;275.3748;272.9197666666667;218343.2442333333
307.8172;306.8538666666666;2616.680283333333;939.9315499999999;296.9918;301.8798333333334;297.5768833333333;148133.7276833333;274.4330666666667;417909.45565;223830.3001
330.21455;304.3469666666667;1260.042183333333;1171.8291;298.7393333333334;6451.694366666667;615.8375;289.4128666666667;276.5829333333334;271.3659666666667;222615.2918333333
1073.070266666667;306.0445666666666;1191.362316666667;10394.4727;1256.294333333333;307.7786;284.7586333333334;293.42125;731.0415833333333;423623.55765;215607.9994166667
314.28855;325.8345333333334;4072.399283333334;288.9044666666667;3663.962633333333;303.1717;291.9182666666666;303.7187333333333;276107.9904;272.16775;218642.5906333333
329.3533833333333;290.2570166666666;3195.723550000001;306.1660166666666;329.8309166666667;19284.17733333334;294.1506833333333;151334.4782166667;277.2108666666667;251.5017666666667;236194.4106833333
1103.796166666667;1125.845316666667;344.0290833333333;1908.479766666667;533.8757666666667;25810.61888333334;294.5506333333333;277.7968166666666;269.8881333333333;328.5424;229426.2458333333
318.5486666666667;322.39975;373.0756999999999;2206.052866666667;7221.52895;16161.64768333333;14757.73781666667;157411.15315;278.9335333333333;425912.5556833334;746482.2548999999
323.7868666666666;304.6901333333333;3471.812166666667;275.4136666666666;325.28685;349.9158833333333;18826.5326;266.77265;276195.03855;418027.54905;217336.5194833333
369.5329333333333;307.6127166666666;323.7269666666667;3310.706;16226.38615;310.5497166666667;287.25575;285.45045;334.0781833333334;407043.1368666666;221075.2874833333
312.9148;307.8111833333333;1656.495666666667;287.58645;328.6094333333334;304.6799833333334;92705.54520000001;275.927;286.0564833333333;290.8638166666667;224844.3126333333
313.45575;314.9345666666667;1136.721533333333;554.9100000000001;7906.063233333333;27419.15045;24163.19396666667;275.8298166666667;273.7630666666667;272.0345333333333;224488.5650166667
326.5407833333334;289.2836;2963.129133333333;404.7702333333334;1039.559066666667;13898.91141666667;312.2968166666667;147027.4717666667;252057.5599166667;266.6845833333334;816034.4256333333
341.7260333333333;331.1661666666666;1447.932183333333;339.9703333333334;806.0627666666666;3141.48235;282.2329833333334;276.89815;285.6248666666667;268.2151833333333;228419.7019333333
337.0978666666667;327.18485;1503.81175;390.22795;340.8306833333333;13335.58745;295.00605;276.2184;280.7321;417654.5834166667;225879.0258
326.5171;302.3031;2298.5991;4643.712933333333;15923.95083333333;295.0487166666667;329.84455;216558.17525;278.6610166666666;267.63765;215491.258
1349.06395;284.9054833333333;1371.72965;303.9684666666666;4130.64765;304.0307333333333;311.7966666666666;364.3884333333334;271.10885;264.13595;809262.3856500001
341.4332666666667;303.8335666666667;1637.947983333333;1444.3229;992.94365;309.7500166666667;321.6376166666667;166970.3968666667;269.3540166666667;268.4447;734419.9676166667
307.6656;309.96075;2120.8444;8829.380983333333;1166.2361;2026.350433333333;310.99445;288.4112666666667;275.1251833333333;271.2339166666666;225878.10555
344.3328166666667;299.2570833333334;1303.356733333333;288.7394;31424.28018333333;314.85125;287.5402166666667;173757.2563666667;268.3572;273.1365833333334;781813.8324833334
328.6653333333333;286.0078666666666;1336.520166666666;2878.406016666666;322.5561333333333;303.8715333333333;2139.152216666667;304.0463;275.7383333333333;434307.9777;235675.8998333333
581.6723;311.9727833333334;376.8882833333333;1287.03845;21142.48806666666;3691.391816666667;1434.6962;286.6575166666667;271.28055;420813.9227;220136.8974666666
331.6770333333333;306.38695;279.79955;2015.201116666666;13754.9138;307.7392;283.6222333333333;289.7907500000001;272.6106333333333;273.6174166666667;240118.7216666666
342.2554333333333;351.2427499999999;285.3898666666666;1976.551466666667;17143.28216666666;514.8155666666667;38077.67533333334;341.6353666666667;270.4864833333333;271.7796333333333;215774.06285
693.2436666666666;337.6546833333334;362.8009166666666;324.8433166666667;8479.4779;306.5934166666667;324.1584;283.5467;259619.6993333333;487955.381;830742.2547833333
341.9463166666667;311.8196666666667;284.6003333333333;4204.453266666667;451.8597666666666;19939.59301666667;572.71835;320.7684833333333;273.5547166666667;268.5222000000001;228712.35045
322.31195;306.7190333333334;287.6220666666666;304.9545166666667;660.1456166666666;37136.35736666667;105551.0246666667;454.5838999999999;277.20415;326.7227666666667;785773.1219833334
341.7619333333334;337.3253166666667;11793.45931666667;1348.133933333333;331.7667166666667;304.7888166666667;291.4136333333333;282.424;264.48455;412787.1054166667;220589.9678666666
1116.539183333333;305.0954;285.4865;311.7562166666667;1707.6098;19445.2623;30742.84755;284.0578166666667;274.3033166666667;283.83115;789160.4149833334
310.6929166666666;305.5549;2977.224983333334;406.9878;17899.17931666666;313.29035;290.2641333333333;180822.2422166667;276.8005333333333;271.0300666666666;223695.9697666667
338.3011333333333;305.2529;1171.328866666666;1641.277666666667;284.9039333333333;2133.515966666666;304.1953833333333;262.2415;499.2602833333333;388.3558666666667;223231.8220833334
801.3157833333335;305.42805;1246.586166666667;4520.006916666666;747.3275;306.2936833333333;8629.892833333333;269.6163333333333;268.11485;883.3965499999999;223842.5372166666
331.3926333333334;308.5070166666666;1465.249566666667;2063.92105;522.4443166666666;3095.828833333333;308.0741666666667;276.4742666666667;292737.6314166667;268.2122333333334;214655.8869166667
355.4689166666667;292.7931333333333;1426.081583333333;321.17215;10968.01775;8255.671549999999;26968.71843333333;316.66845;265917.8512;270.7202833333333;228595.8436
353.6110333333334;310.9113333333334;7110.551033333334;283.48975;301.2875166666666;19274.52983333333;4910.65315;322.8367833333334;274.3870666666667;271.5698166666667;233479.53785
300.11635;314.6793666666667;4423.22405;272.8759833333333;3931.125316666667;311.8659;300.8964166666667;298.4991333333333;266129.2958;274.9906333333333;804000.94655
350.30785;322.6149833333333;3608.8181;303.8244666666666;303.9871666666667;12821.85478333333;295.4984333333333;311.80235;270.9862333333334;273.5513166666667;214398.24555
1458.805683333333;296.30625;294.34945;1229.972433333333;302.4445833333333;306.1873333333334;318.8691666666667;273.59715;339.6612166666667;269.3815833333334;230275.2939
344.4575833333333;315.3836166666667;289.93465;5380.520783333333;2305.1198;302.0744;291.5523;277.5811;561.6522666666667;276.8525333333333;236192.3787833333
694.928;312.9762166666666;1991.759616666666;3192.392733333334;407.0478833333333;302.0439666666667;14283.77638333334;277.4614;279.26655;338.1416833333333;235667.0062333333
342.6248000000001;306.9782833333334;4377.60165;1929.260883333333;317.8147;4042.44595;292.6114;332.6956333333333;270.30495;280.9301166666667;832996.3943500001
675.7767166666666;524.91655;283.8890833333333;290.71385;334.5574166666667;32689.28348333333;313.1985833333334;280.9249333333333;278328.9312;1534.632066666667;217179.8418666667
309.0567333333333;303.3265166666666;284.8482666666666;406.4989666666667;11739.92081666667;298.1491666666667;289.1705;280.8808666666666;272.3770833333334;267.6113833333333;228391.0387333333
346.11085;314.47335;347.8545999999999;6398.228966666667;291.4446166666667;316.9746666666667;314.10525;318.3538666666666;344.7364;275.6972333333334;233305.0211666666
1566.511283333333;308.8437833333333;1458.231683333333;2886.742383333334;293.19925;5324.738783333333;289.3796166666667;718.1586833333334;266266.1414;273.9927333333333;227376.75375
