0; 0; 114532; 1432060832927390
0; 0; 118376; 1432060832937875
0; 0; 126220; 1432060832958705
0; 0; 128103; 1432060832969123
0; 0; 132021; 1432060832979540
0; 0; 142085; 1432060832989957
0; 0; 143961; 1432060833000372
0; 0; 151901; 1432060833010847
0; 0; 162025; 1432060833021208
0; 0; 167999; 1432060833031621
0; 0; 173944; 1432060833042057
0; 0; 177876; 1432060833052457
0; 0; 181786; 1432060833062880
0; 0; 187758; 1432060833073291
0; 0; 191688; 1432060833083708
0; 0; 197639; 1432060833094135
0; 0; 207355; 1432060833104949
0; 0; 211598; 1432060833114990
0; 0; 217579; 1432060833125393
0; 0; 223548; 1432060833135809
0; 0; 229514; 1432060833146228
0; 0; 233443; 1432060833156633
0; 0; 237366; 1432060833167048
0; 0; 241284; 1432060833177463
0; 0; 245195; 1432060833187891
0; 0; 253229; 1432060833198294
0; 0; 259183; 1432060833208721
0; 0; 261063; 1432060833219131
0; 0; 269086; 1432060833229540
0; 0; 275049; 1432060833239962
0; 0; 281011; 1432060833250382
0; 0; 286986; 1432060833260790
0; 0; 292948; 1432060833271210
0; 0; 300964; 1432060833281630
0; 0; 300791; 1432060833292044
0; 0; 298567; 1432060833302456
0; 0; 302476; 1432060833312879
0; 0; 304352; 1432060833323292
0; 0; 306220; 1432060833333712
0; 0; 303998; 1432060833344125
0; 0; 307919; 1432060833354539
0; 0; 307742; 1432060833364961
0; 0; 311647; 1432060833375388
0; 0; 313529; 1432060833385795
0; 0; 313351; 1432060833396212
0; 0; 311127; 1432060833406627
0; 0; 313005; 1432060833417038
0; 0; 310776; 1432060833427462
0; 0; 310600; 1432060833437876
0; 0; 316570; 1432060833448289
0; 0; 324577; 1432060833458715
0; 0; 326446; 1432060833469134
0; 0; 326273; 1432060833479543
0; 0; 321999; 1432060833489965
0; 0; 323871; 1432060833500379
0; 0; 321655; 1432060833510790
0; 0; 319425; 1432060833521211
0; 0; 319248; 1432060833531625
0; 0; 321124; 1432060833542038
0; 0; 318897; 1432060833552458
0; 0; 316675; 1432060833562871
0; 0; 318543; 1432060833573293
0; 0; 318366; 1432060833583708
0; 0; 318192; 1432060833594126
0; 0; 311860; 1432060833604551
0; 0; 307553; 1432060833615003
0; 0; 301274; 1432060833625377
0; 0; 311294; 1432060833635836
0; 0; 307063; 1432060833646210
0; 0; 302787; 1432060833656631
0; 0; 300563; 1432060833667048
0; 0; 296294; 1432060833677461
0; 0; 296121; 1432060833687875
0; 0; 293897; 1432060833698290
0; 0; 295763; 1432060833708712
0; 0; 289442; 1432060833719129
0; 0; 287224; 1432060833729540
0; 0; 289076; 1432060833739975
0; 0; 282760; 1432060833750386
0; 0; 276446; 1432060833760795
0; 0; 276272; 1432060833771212
0; 0; 274049; 1432060833781627
0; 0; 275917; 1432060833792047
0; 0; 279836; 1432060833802462
0; 0; 275560; 1432060833812881
0; 0; 271298; 1432060833823289
0; 0; 269064; 1432060833833715
0; 0; 264795; 1432060833844129
0; 0; 262498; 1432060833854615
0; 0; 264374; 1432060833865030
0; 0; 262215; 1432060833875379
0; 0; 262044; 1432060833885793
0; 0; 263916; 1432060833896208
0; 0; 257593; 1432060833906627
0; 0; 257410; 1432060833917047
0; 0; 255188; 1432060833927463
0; 0; 250924; 1432060833937870
0; 0; 248699; 1432060833948290
0; 0; 250573; 1432060833958709
0; 0; 250387; 1432060833969128
0; 0; 248158; 1432060833979548
0; 0; 243909; 1432060833989959
0; 0; 239616; 1432060834000382
0; 0; 237400; 1432060834010804
0; 0; 237218; 1432060834021210
0; 0; 237042; 1432060834031625
0; 0; 232759; 1432060834042054
0; 0; 232584; 1432060834052469
0; 0; 228318; 1432060834062876
0; 0; 222000; 1432060834073292
0; 0; 217726; 1432060834083709
0; 0; 213454; 1432060834094126
0; 0; 217368; 1432060834104546
0; 0; 213105; 1432060834114959
0; 0; 212928; 1432060834125376
0; 0; 210704; 1432060834135792
0; 0; 206467; 1432060834146167
0; 0; 200105; 1432060834156626
0; 0; 193781; 1432060834167046
0; 1; 123007; 1432060834167052
0; 0; 189506; 1432060834177464
0; 0; 174813; 1432060834198300
0; 0; 172600; 1432060834208706
0; 0; 168288; 1432060834219163
0; 0; 164048; 1432060834229547
0; 0; 162265; 1432060834239970
0; 0; 160030; 1432060834250397
0; 0; 151675; 1432060834260799
0; 0; 147406; 1432060834271214
0; 0; 143134; 1432060834281628
1; 1; 163899; 1432060834292070
1; 1; 167841; 1432060834302464
1; 1; 169719; 1432060834312876
1; 1; 175682; 1432060834323295
1; 1; 179609; 1432060834333709
1; 1; 181472; 1432060834344129
1; 1; 185389; 1432060834354551
1; 1; 195453; 1432060834364966
1; 1; 199376; 1432060834375379
1; 1; 203296; 1432060834385793
1; 1; 219502; 1432060834396214
1; 1; 223428; 1432060834406627
1; 1; 231443; 1432060834417046
1; 1; 237407; 1432060834427463
1; 1; 247472; 1432060834437874
1; 1; 253435; 1432060834448295
1; 1; 257354; 1432060834458713
1; 1; 265375; 1432060834469122
1; 1; 271339; 1432060834479544
1; 1; 281400; 1432060834489961
1; 1; 283275; 1432060834500376
1; 1; 289244; 1432060834510789
1; 1; 297248; 1432060834521216
1; 1; 299122; 1432060834531633
1; 1; 307140; 1432060834542045
1; 1; 311057; 1432060834552468
1; 1; 317032; 1432060834562876
1; 1; 323006; 1432060834573288
1; 1; 326930; 1432060834583709
1; 1; 334931; 1432060834594128
1; 1; 342955; 1432060834604540
1; 1; 348920; 1432060834614958
1; 1; 352817; 1432060834625408
1; 1; 358803; 1432060834635793
1; 1; 362727; 1432060834646206
0; 0; 440; 1432060834656625
0; 0; 432; 1432060834667109
0; 0; 432; 1432060834677520
0; 0; 432; 1432060834687942
0; 0; 1291; 1432060834698355
0; 0; 434; 1432060834708715
0; 0; 431; 1432060834719190
0; 0; 3735; 1432060834729603
0; 0; 433; 1432060834739962
0; 0; 428; 1432060834750442
0; 0; 430; 1432060834760857
0; 0; 428; 1432060834771271
0; 0; 431; 1432060834781689
0; 0; 430; 1432060834792107
0; 0; 924; 1432060834802523
0; 0; 2859; 1432060834812877
0; 1; 419692; 1432060834812882
0; 0; 628; 1432060834823300
0; 0; 434; 1432060834844130
0; 0; 621; 1432060834854615
0; 0; 515; 1432060834864962
0; 0; 436; 1432060834875376
0; 0; 8292; 1432060834885857
0; 0; 18429; 1432060834896200
0; 0; 20289; 1432060834906625
0; 0; 28303; 1432060834917046
0; 0; 32227; 1432060834927458
0; 0; 36145; 1432060834937875
0; 0; 38015; 1432060834948295
0; 0; 41940; 1432060834958706
0; 0; 45853; 1432060834969129
0; 0; 47723; 1432060834979546
0; 0; 49598; 1432060834989959
0; 0; 53517; 1432060835000376
0; 0; 59481; 1432060835010796
0; 0; 63404; 1432060835021210
0; 0; 69404; 1432060835031628
0; 0; 83529; 1432060835042043
0; 0; 91530; 1432060835052476
0; 0; 97513; 1432060835062874
0; 0; 101429; 1432060835073292
0; 0; 105351; 1432060835083706
0; 0; 111319; 1432060835094125
0; 0; 113169; 1432060835104563
0; 0; 125276; 1432060835114981
0; 0; 127174; 1432060835125372
0; 0; 135181; 1432060835135795
0; 0; 143198; 1432060835146210
0; 0; 145070; 1432060835156623
0; 0; 146938; 1432060835167045
0; 0; 154957; 1432060835177460
0; 0; 156834; 1432060835187870
0; 0; 158700; 1432060835198293
0; 0; 168759; 1432060835208710
0; 0; 174731; 1432060835219125
0; 0; 180703; 1432060835229538
0; 0; 184618; 1432060835239957
0; 0; 184438; 1432060835250376
0; 0; 188358; 1432060835260793
0; 0; 194328; 1432060835271208
0; 0; 198249; 1432060835281621
0; 0; 202165; 1432060835292043
0; 0; 208133; 1432060835302459
0; 0; 214127; 1432060835312848
0; 0; 220065; 1432060835323292
0; 0; 223987; 1432060835333708
0; 0; 234054; 1432060835344122
0; 0; 237919; 1432060835354591
0; 0; 252126; 1432060835364959
0; 0; 258101; 1432060835375371
0; 0; 264061; 1432060835385792
0; 0; 267984; 1432060835396209
0; 0; 269859; 1432060835406621
0; 0; 279917; 1432060835417042
0; 0; 292030; 1432060835427459
0; 0; 295952; 1432060835437875
0; 0; 299884; 1432060835448283
0; 0; 311978; 1432060835458709
0; 0; 322042; 1432060835469125
0; 0; 323916; 1432060835479540
0; 0; 327831; 1432060835489959
0; 0; 337898; 1432060835500375
0; 0; 339768; 1432060835510792
0; 0; 341644; 1432060835521205
0; 0; 343510; 1432060835531625
0; 0; 347434; 1432060835542039
0; 0; 353396; 1432060835552458
0; 0; 359362; 1432060835562875
0; 0; 363285; 1432060835573289
0; 0; 373347; 1432060835583709
0; 0; 379316; 1432060835594124
0; 0; 381189; 1432060835604538
0; 0; 385114; 1432060835614954
0; 0; 391071; 1432060835625375
0; 0; 397038; 1432060835635792
0; 0; 405049; 1432060835646215
0; 0; 406928; 1432060835656626
0; 0; 412893; 1432060835667043
0; 0; 422961; 1432060835677457
0; 0; 428934; 1432060835687871
0; 0; 438991; 1432060835698291
0; 0; 440870; 1432060835708705
0; 0; 448870; 1432060835719136
0; 0; 452806; 1432060835729543
0; 0; 460801; 1432060835739970
0; 0; 464740; 1432060835750375
0; 1; 1795; 1432060835750381
0; 0; 470697; 1432060835760797
0; 0; 482632; 1432060835781625
0; 0; 490654; 1432060835792041
0; 0; 490479; 1432060835802456
0; 0; 500541; 1432060835812874
0; 0; 508551; 1432060835823292
0; 0; 514526; 1432060835833704
0; 0; 520486; 1432060835844125
0; 0; 522356; 1432060835854543
0; 0; 532418; 1432060835864960
1; 1; 2524; 1432060835875374
1; 1; 121; 1432060835885794
1; 1; 1326; 1432060835896215
1; 1; 121; 1432060835906629
1; 1; 123; 1432060835917043
1; 1; 680; 1432060835927464
1; 1; 2649; 1432060835937879
1; 1; 1570; 1432060835948291
1; 1; 122; 1432060835958751
1; 1; 124; 1432060835969127
1; 1; 126; 1432060835979548
1; 1; 123; 1432060835989966
1; 1; 1227; 1432060836000381
1; 1; 122; 1432060836010791
1; 1; 122; 1432060836021214
1; 1; 488; 1432060836031626
1; 1; 2487; 1432060836042045
1; 1; 2298; 1432060836052470
1; 1; 545; 1432060836062876
1; 1; 153; 1432060836073296
1; 1; 123; 1432060836083716
1; 1; 3859; 1432060836094128
1; 1; 3685; 1432060836104545
1; 1; 15798; 1432060836114959
1; 1; 25895; 1432060836125376
1; 1; 27734; 1432060836135791
1; 1; 31657; 1432060836146210
1; 1; 41710; 1432060836156628
1; 1; 49767; 1432060836167041
1; 1; 55724; 1432060836177468
1; 1; 57588; 1432060836187893
1; 1; 61523; 1432060836198292
1; 1; 69534; 1432060836208714
1; 1; 71409; 1432060836219131
1; 1; 77347; 1432060836229539
1; 1; 81293; 1432060836239963
1; 1; 89277; 1432060836250376
1; 1; 97329; 1432060836260792
1; 1; 101212; 1432060836271209
1; 1; 103120; 1432060836281625
1; 1; 111095; 1432060836292046
1; 1; 113004; 1432060836302460
1; 1; 114876; 1432060836312875
1; 1; 122878; 1432060836323307
1; 1; 132917; 1432060836333710
1; 1; 138877; 1432060836344134
1; 1; 142841; 1432060836354543
1; 1; 146723; 1432060836364963
1; 1; 154778; 1432060836375375
1; 1; 162750; 1432060836385797
1; 1; 168763; 1432060836396205
1; 1; 180831; 1432060836406629
1; 1; 190935; 1432060836417042
1; 1; 200969; 1432060836427455
1; 1; 202866; 1432060836437843
1; 1; 206745; 1432060836448297
1; 1; 218905; 1432060836458706
1; 1; 220736; 1432060836469123
1; 1; 228789; 1432060836479538
1; 1; 236768; 1432060836489958
1; 1; 238629; 1432060836500377
1; 1; 242556; 1432060836510789
1; 1; 244423; 1432060836521210
1; 1; 254486; 1432060836531625
1; 1; 256362; 1432060836542038
1; 1; 258234; 1432060836552457
1; 1; 274442; 1432060836562872
1; 1; 282453; 1432060836573292
1; 1; 290469; 1432060836583705
1; 1; 298482; 1432060836594126
1; 1; 302405; 1432060836604538
1; 1; 308363; 1432060836614966
1; 1; 312288; 1432060836625376
1; 1; 318262; 1432060836635794
1; 1; 322174; 1432060836646211
1; 1; 328145; 1432060836656625
1; 1; 336153; 1432060836667050
1; 1; 338029; 1432060836677460
1; 1; 343999; 1432060836687875
1; 1; 345861; 1432060836698300
1; 1; 345692; 1432060836708708
1; 1; 351656; 1432060836719127
1; 1; 353524; 1432060836729546
1; 1; 357451; 1432060836739961
1; 1; 361374; 1432060836750372
1; 1; 367335; 1432060836760793
1; 1; 371253; 1432060836771209
1; 1; 375179; 1432060836781621
1; 1; 387287; 1432060836792042
1; 1; 403483; 1432060836802469
1; 1; 407400; 1432060836812888
1; 1; 411335; 1432060836823289
1; 1; 419351; 1432060836833704
1; 1; 427363; 1432060836844126
1; 1; 431284; 1432060836854539
1; 1; 439297; 1432060836864958
1; 1; 447314; 1432060836875373
1; 1; 453283; 1432060836885788
1; 1; 461290; 1432060836896214
1; 1; 467264; 1432060836906623
1; 1; 475277; 1432060836917042
1; 1; 479195; 1432060836927459
1; 1; 497455; 1432060836937874
1; 1; 503423; 1432060836948288
1; 1; 511435; 1432060836958709
1; 1; 515356; 1432060836969123
1; 1; 523372; 1432060836979539
1; 1; 529336; 1432060836989961
1; 1; 535311; 1432060837000371
1; 1; 537173; 1432060837010794
1; 1; 543143; 1432060837021209
1; 1; 551138; 1432060837031647
1; 1; 561221; 1432060837042042
1; 1; 563084; 1432060837052469
1; 1; 567011; 1432060837062875
1; 1; 570932; 1432060837073292
1; 1; 585857; 1432060837083710
1; 1; 591830; 1432060837094122
1; 1; 595746; 1432060837104542
1; 1; 601712; 1432060837114960
1; 1; 605635; 1432060837125372
1; 1; 615697; 1432060837135792
1; 1; 623708; 1432060837146209
1; 0; 240; 1432060837146215
1; 1; 629642; 1432060837156661
1; 1; 631373; 1432060837177459
1; 1; 635291; 1432060837187876
1; 1; 637166; 1432060837198289
1; 1; 639037; 1432060837208708
1; 1; 653197; 1432060837219122
1; 1; 665307; 1432060837229541
1; 1; 673320; 1432060837239959
1; 1; 687483; 1432060837250372
1; 1; 691401; 1432060837260792
1; 1; 699419; 1432060837271205
1; 1; 707440; 1432060837281616
1; 1; 719545; 1432060837292041
1; 1; 731656; 1432060837302455
1; 1; 739669; 1432060837312877
1; 1; 743591; 1432060837323290
1; 1; 747510; 1432060837333706
1; 1; 753474; 1432060837344126
1; 1; 757400; 1432060837354538
1; 1; 763362; 1432060837364960
1; 1; 765230; 1432060837375375
1; 1; 773252; 1432060837385788
1; 1; 777170; 1432060837396209
1; 1; 781090; 1432060837406622
1; 1; 785016; 1432060837417042
1; 1; 795073; 1432060837427455
0; 0; 2127; 1432060837437876
0; 0; 429; 1432060837448294
0; 0; 432; 1432060837458774
0; 0; 432; 1432060837469186
0; 0; 431; 1432060837479606
0; 0; 1899; 1432060837490025
0; 0; 595; 1432060837500376
0; 0; 434; 1432060837510795
0; 0; 436; 1432060837521236
0; 0; 429; 1432060837531690
0; 0; 430; 1432060837542108
0; 0; 2141; 1432060837552535
0; 0; 438; 1432060837562883
0; 0; 2411; 1432060837573361
0; 0; 1063; 1432060837583711
0; 0; 434; 1432060837594127
0; 0; 2287; 1432060837604606
0; 0; 2173; 1432060837614958
0; 0; 6087; 1432060837625381
0; 0; 12058; 1432060837635794
0; 0; 20117; 1432060837646165
0; 0; 32185; 1432060837656625
0; 0; 38155; 1432060837667041
0; 0; 48217; 1432060837677458
0; 0; 54186; 1432060837687876
0; 0; 64242; 1432060837698297
0; 0; 72260; 1432060837708711
0; 0; 86368; 1432060837719182
0; 0; 92385; 1432060837729545
0; 0; 104504; 1432060837739958
0; 0; 112470; 1432060837750421
0; 0; 122580; 1432060837760791
0; 0; 124446; 1432060837771212
0; 0; 132465; 1432060837781626
0; 0; 138433; 1432060837792042
0; 0; 144408; 1432060837802454
0; 0; 156504; 1432060837812882
0; 0; 162477; 1432060837823294
0; 0; 166402; 1432060837833705
0; 0; 172361; 1432060837844128
0; 0; 178327; 1432060837854547
0; 0; 180206; 1432060837864959
0; 0; 188219; 1432060837875377
0; 0; 198295; 1432060837885792
0; 0; 210394; 1432060837896211
0; 0; 216363; 1432060837906624
0; 0; 222327; 1432060837917046
0; 0; 226252; 1432060837927456
0; 0; 230185; 1432060837937858
0; 0; 238183; 1432060837948292
0; 0; 240057; 1432060837958709
0; 0; 248072; 1432060837969123
0; 0; 258132; 1432060837979545
0; 0; 268194; 1432060837989962
0; 0; 272115; 1432060838000376
0; 0; 273991; 1432060838010789
0; 0; 277904; 1432060838021213
0; 0; 285924; 1432060838031623
0; 0; 291873; 1432060838042060
0; 0; 297836; 1432060838052478
0; 0; 303816; 1432060838062884
0; 0; 309784; 1432060838073299
0; 0; 317801; 1432060838083714
0; 0; 319672; 1432060838094136
0; 0; 323582; 1432060838104557
0; 0; 327511; 1432060838114966
0; 0; 333480; 1432060838125381
0; 0; 339449; 1432060838135794
0; 0; 345414; 1432060838146215
0; 0; 351388; 1432060838156629
0; 0; 355310; 1432060838167043
0; 0; 365355; 1432060838177476
0; 0; 371352; 1432060838187882
0; 0; 379361; 1432060838198289
0; 0; 383270; 1432060838208715
0; 0; 385140; 1432060838219127
0; 0; 389062; 1432060838229543
0; 0; 395028; 1432060838239959
0; 0; 398951; 1432060838250373
0; 0; 409012; 1432060838260792
0; 1; 479583; 1432060838260798
0; 0; 419073; 1432060838271210
0; 0; 424860; 1432060838292048
0; 0; 432882; 1432060838302460
0; 0; 440900; 1432060838312873
0; 0; 448863; 1432060838323339
0; 0; 452834; 1432060838333705
0; 0; 466987; 1432060838344128
0; 0; 468861; 1432060838354543
0; 0; 474838; 1432060838364956
0; 0; 478749; 1432060838375375
0; 0; 486764; 1432060838385794
0; 0; 490687; 1432060838396205
0; 0; 492556; 1432060838406626
0; 0; 494423; 1432060838417042
0; 0; 502442; 1432060838427456
0; 0; 510465; 1432060838437875
0; 0; 522566; 1432060838448293
0; 0; 528539; 1432060838458706
0; 0; 534493; 1432060838469136
0; 0; 538434; 1432060838479542
0; 0; 548489; 1432060838489955
0; 0; 552405; 1432060838500375
0; 0; 556324; 1432060838510792
0; 0; 562293; 1432060838521205
0; 0; 566209; 1432060838531626
0; 0; 568087; 1432060838542037
0; 0; 576100; 1432060838552459
0; 0; 580016; 1432060838562876
0; 0; 583873; 1432060838573356
0; 0; 587854; 1432060838583711
0; 0; 589726; 1432060838594126
0; 0; 593646; 1432060838604541
0; 0; 599616; 1432060838614956
0; 0; 603529; 1432060838625377
0; 0; 611548; 1432060838635792
0; 0; 621614; 1432060838646205
0; 0; 627578; 1432060838656627
0; 0; 629483; 1432060838667008
0; 0; 633366; 1432060838677461
0; 0; 643424; 1432060838687884
0; 0; 647353; 1432060838698292
0; 0; 651263; 1432060838708717
0; 0; 653149; 1432060838719126
0; 0; 661161; 1432060838729538
0; 0; 665067; 1432060838739968
0; 0; 666947; 1432060838750376
0; 0; 672920; 1432060838760788
0; 0; 676834; 1432060838771212
0; 0; 682801; 1432060838781626
0; 0; 690819; 1432060838792041
0; 0; 694741; 1432060838802456
0; 0; 696609; 1432060838812876
0; 0; 706676; 1432060838823288
0; 0; 712639; 1432060838833709
0; 0; 714508; 1432060838844129
0; 0; 720479; 1432060838854543
0; 0; 720308; 1432060838864955
0; 0; 728318; 1432060838875375
0; 0; 732242; 1432060838885788
0; 0; 736157; 1432060838896208
0; 0; 742126; 1432060838906625
0; 0; 746043; 1432060838917042
0; 0; 751971; 1432060838927499
0; 0; 757977; 1432060838937876
0; 0; 765929; 1432060838948355
0; 0; 774002; 1432060838958715
0; 0; 775880; 1432060838969123
0; 0; 777749; 1432060838979543
0; 0; 783717; 1432060838989959
0; 0; 791737; 1432060839000372
0; 0; 793603; 1432060839010793
0; 0; 801611; 1432060839021217
0; 0; 807603; 1432060839031624
0; 0; 815600; 1432060839042043
0; 0; 821558; 1432060839052470
0; 0; 831622; 1432060839062885
0; 0; 839646; 1432060839073292
0; 0; 851759; 1432060839083709
0; 0; 857729; 1432060839094122
0; 0; 859597; 1432060839104542
0; 0; 863514; 1432060839114962
0; 0; 867437; 1432060839125375
0; 0; 873401; 1432060839135793
0; 0; 875273; 1432060839146210
0; 0; 881245; 1432060839156622
0; 0; 891236; 1432060839167113
0; 0; 895225; 1432060839177458
0; 0; 905286; 1432060839187876
0; 0; 911258; 1432060839198290
0; 0; 915176; 1432060839208705
0; 0; 923191; 1432060839219125
0; 0; 931243; 1432060839229505
0; 0; 939228; 1432060839239954
0; 0; 945189; 1432060839250376
0; 0; 949113; 1432060839260787
0; 0; 957123; 1432060839271209
0; 0; 961048; 1432060839281622
0; 0; 964970; 1432060839292044
0; 0; 970928; 1432060839302460
0; 0; 978942; 1432060839312879
0; 0; 980819; 1432060839323288
0; 0; 990878; 1432060839333716
0; 0; 1002987; 1432060839344129
0; 0; 1006907; 1432060839354544
0; 0; 1012871; 1432060839364968
0; 0; 1016784; 1432060839375389
0; 0; 1022769; 1432060839385789
0; 0; 1024634; 1432060839396210
0; 0; 1030599; 1432060839406627
0; 0; 1032476; 1432060839417039
0; 0; 1036391; 1432060839427460
0; 1; 90; 1432060839427466
1; 1; 1494; 1432060839437888
1; 1; 518; 1432060839458718
1; 1; 338; 1432060839469134
1; 1; 2226; 1432060839479542
1; 1; 290; 1432060839489963
1; 1; 123; 1432060839500380
1; 1; 122; 1432060839510798
1; 1; 2515; 1432060839521211
1; 1; 1537; 1432060839531591
1; 1; 124; 1432060839542040
1; 1; 1978; 1432060839552505
1; 1; 3887; 1432060839562882
1; 1; 3718; 1432060839573294
1; 1; 7632; 1432060839583714
1; 1; 11552; 1432060839594131
1; 1; 11382; 1432060839604541
1; 1; 21443; 1432060839614959
1; 1; 25356; 1432060839625381
1; 1; 25188; 1432060839635791
1; 1; 29105; 1432060839646210
1; 1; 28924; 1432060839656629
1; 1; 30829; 1432060839667013
1; 1; 30618; 1432060839677464
1; 1; 39080; 1432060839687880
1; 1; 40954; 1432060839698295
1; 1; 46924; 1432060839708708
1; 1; 48795; 1432060839719126
1; 1; 52715; 1432060839729542
1; 1; 54583; 1432060839739962
1; 1; 58507; 1432060839750375
1; 1; 64470; 1432060839760795
1; 1; 68323; 1432060839771278
1; 1; 74357; 1432060839781627
1; 1; 78278; 1432060839792042
1; 1; 84240; 1432060839802465
1; 1; 92255; 1432060839812881
1; 1; 98229; 1432060839823291
1; 1; 102148; 1432060839833708
1; 1; 106061; 1432060839844131
1; 1; 114086; 1432060839854538
1; 1; 120045; 1432060839864963
1; 1; 130110; 1432060839875378
1; 1; 134035; 1432060839885789
1; 1; 142046; 1432060839896212
1; 1; 150064; 1432060839906626
1; 1; 156029; 1432060839917043
1; 1; 164045; 1432060839927458
1; 1; 170012; 1432060839937878
1; 1; 173936; 1432060839948289
1; 1; 181943; 1432060839958712
1; 1; 185876; 1432060839969129
1; 1; 189788; 1432060839979541
1; 1; 195754; 1432060839989959
1; 1; 203768; 1432060840000376
1; 1; 205637; 1432060840010795
1; 1; 207510; 1432060840021209
1; 1; 215524; 1432060840031630
1; 1; 221480; 1432060840042060
1; 1; 227465; 1432060840052457
1; 1; 235472; 1432060840062881
1; 1; 241444; 1432060840073293
1; 1; 247415; 1432060840083704
1; 1; 249280; 1432060840094129
1; 1; 253208; 1432060840104538
1; 1; 259166; 1432060840114964
1; 1; 265134; 1432060840125378
1; 1; 269060; 1432060840135787
1; 1; 272973; 1432060840146212
1; 1; 280981; 1432060840156635
1; 1; 284904; 1432060840167050
1; 1; 288874; 1432060840177416
1; 1; 294782; 1432060840187891
1; 1; 302813; 1432060840198293
1; 1; 310828; 1432060840208709
1; 1; 318840; 1432060840219129
1; 1; 324809; 1432060840229545
1; 1; 328734; 1432060840239955
1; 1; 338788; 1432060840250380
1; 1; 346802; 1432060840260800
1; 1; 350722; 1432060840271215
1; 1; 352592; 1432060840281633
1; 1; 356516; 1432060840292043
1; 1; 362486; 1432060840302459
1; 1; 368452; 1432060840312877
1; 1; 382613; 1432060840323291
1; 1; 392671; 1432060840333713
1; 1; 396598; 1432060840344126
1; 1; 396417; 1432060840354543
1; 1; 400334; 1432060840364962
1; 1; 408356; 1432060840375375
1; 1; 414322; 1432060840385793
1; 1; 416189; 1432060840396213
1; 1; 422161; 1432060840406625
1; 1; 438381; 1432060840417029
1; 1; 444331; 1432060840427463
1; 1; 450300; 1432060840437879
1; 1; 458320; 1432060840448288
1; 1; 464279; 1432060840458713
1; 1; 476392; 1432060840469129
1; 1; 480318; 1432060840479538
1; 1; 486282; 1432060840489959
1; 1; 498397; 1432060840500372
1; 1; 498217; 1432060840510793
1; 1; 504184; 1432060840521209
1; 1; 512204; 1432060840531621
1; 1; 520217; 1432060840542042
1; 1; 528235; 1432060840552466
1; 1; 536245; 1432060840562876
1; 1; 542215; 1432060840573291
1; 1; 544087; 1432060840583705
1; 1; 556197; 1432060840594125
1; 1; 560118; 1432060840604538
1; 1; 564034; 1432060840614958
1; 0; 441209; 1432060840614964
1; 1; 567945; 1432060840625382
1; 1; 579888; 1432060840646209
1; 1; 589950; 1432060840656626
1; 1; 595922; 1432060840667042
1; 1; 597798; 1432060840677454
1; 1; 605821; 1432060840687860
1; 1; 615871; 1432060840698289
1; 1; 623884; 1432060840708709
1; 1; 627806; 1432060840719122
1; 1; 631718; 1432060840729548
1; 1; 641802; 1432060840739986
1; 1; 645695; 1432060840750380
1; 1; 655765; 1432060840760794
1; 1; 661734; 1432060840771212
1; 1; 663611; 1432060840781621
1; 1; 667526; 1432060840792043
1; 1; 669403; 1432060840802458
1; 1; 671269; 1432060840812875
1; 1; 679286; 1432060840823293
1; 1; 689343; 1432060840833714
1; 1; 697366; 1432060840844123
1; 1; 701286; 1432060840854539
1; 1; 707249; 1432060840864960
1; 1; 721481; 1432060840875375
1; 1; 729428; 1432060840885788
1; 1; 733344; 1432060840896209
1; 1; 737277; 1432060840906612
1; 1; 741188; 1432060840917038
1; 1; 745103; 1432060840927459
1; 1; 753120; 1432060840937873
1; 1; 759093; 1432060840948293
1; 1; 763009; 1432060840958705
1; 1; 773068; 1432060840969126
1; 1; 783130; 1432060840979542
1; 1; 785003; 1432060840989956
1; 1; 793017; 1432060841000377
1; 1; 794897; 1432060841010792
1; 1; 802927; 1432060841021189
1; 1; 815015; 1432060841031626
1; 1; 823034; 1432060841042038
1; 1; 828995; 1432060841052460
1; 1; 834961; 1432060841062880
1; 1; 845034; 1432060841073288
1; 1; 853043; 1432060841083709
1; 1; 863110; 1432060841094122
1; 1; 875218; 1432060841104542
1; 1; 881193; 1432060841114956
1; 1; 887152; 1432060841125376
1; 1; 891073; 1432060841135792
1; 1; 903188; 1432060841146209
1; 1; 905052; 1432060841156630
1; 1; 911021; 1432060841167044
1; 1; 912897; 1432060841177456
1; 1; 916814; 1432060841187875
1; 1; 924828; 1432060841198292
1; 1; 926703; 1432060841208705
1; 1; 930598; 1432060841219148
1; 1; 934538; 1432060841229541
1; 1; 944579; 1432060841239982
1; 1; 946471; 1432060841250377
1; 1; 956530; 1432060841260797
1; 1; 958401; 1432060841271216
1; 1; 962324; 1432060841281627
1; 1; 968297; 1432060841292039
1; 1; 974260; 1432060841302459
1; 1; 982280; 1432060841312873
1; 1; 990290; 1432060841323293
1; 0; 3848; 1432060841323299
1; 1; 998295; 1432060841333720
1; 1; 1014336; 1432060841354544
1; 1; 1020303; 1432060841364959
1; 1; 1026275; 1432060841375373
1; 1; 1034287; 1432060841385793
1; 1; 1036163; 1432060841396206
1; 1; 1046226; 1432060841406622
1; 1; 1050142; 1432060841417042
1; 1; 1058160; 1432060841427455
1; 1; 1068219; 1432060841437876
1; 1; 1074186; 1432060841448292
1; 1; 1076062; 1432060841458705
1; 1; 1077930; 1432060841469126
1; 1; 1085902; 1432060841479585
1; 1; 1091915; 1432060841489958
1; 1; 1095837; 1432060841500372
1; 1; 1105895; 1432060841510793
1; 1; 1109819; 1432060841521205
1; 1; 1115783; 1432060841531626
1; 1; 1123797; 1432060841542042
1; 1; 1125664; 1432060841552464
1; 1; 1133684; 1432060841562877
1; 1; 1139656; 1432060841573291
1; 1; 1147672; 1432060841583705
1; 1; 1151589; 1432060841594122
1; 1; 1155504; 1432060841604543
1; 1; 1157382; 1432060841614955
1; 1; 1161323; 1432060841625349
1; 1; 1167256; 1432060841635799
1; 1; 1171194; 1432060841646209
1; 1; 1175106; 1432060841656622
1; 1; 1185166; 1432060841667043
1; 1; 1193181; 1432060841677459
1; 1; 1201201; 1432060841687872
1; 1; 1207154; 1432060841698302
1; 1; 1213116; 1432060841708724
1; 1; 1217051; 1432060841719125
1; 1; 1223018; 1432060841729543
1; 1; 1226943; 1432060841739954
1; 1; 1232896; 1432060841750385
1; 1; 1242970; 1432060841760789
1; 1; 1246888; 1432060841771208
1; 1; 1248757; 1432060841781627
1; 1; 1254728; 1432060841792039
1; 1; 1258645; 1432060841802459
1; 1; 1264605; 1432060841812882
1; 1; 1268533; 1432060841823291
1; 1; 1276543; 1432060841833712
1; 1; 1282517; 1432060841844123
1; 1; 1286429; 1432060841854546
1; 1; 1288309; 1432060841864955
1; 1; 1296319; 1432060841875377
1; 1; 1304334; 1432060841885793
1; 1; 1308259; 1432060841896205
1; 1; 1310120; 1432060841906632
1; 1; 1314042; 1432060841917047
1; 1; 1315914; 1432060841927462
1; 1; 1319836; 1432060841937876
1; 1; 1323760; 1432060841948288
1; 1; 1331771; 1432060841958708
1; 1; 1337740; 1432060841969122
1; 1; 1347802; 1432060841979539
1; 1; 1351722; 1432060841989958
0; 0; 433; 1432060842000382
0; 0; 629; 1432060842010868
0; 0; 4301; 1432060842021213
0; 0; 4095; 1432060842031660
0; 0; 3949; 1432060842042044
0; 0; 433; 1432060842052470
0; 1; 1361231; 1432060842052544
0; 0; 3905; 1432060842062937
0; 0; 435; 1432060842083714
0; 0; 430; 1432060842094181
0; 0; 2127; 1432060842104581
0; 0; 1979; 1432060842114969
0; 0; 3856; 1432060842125380
0; 0; 5726; 1432060842135797
0; 0; 13748; 1432060842146210
0; 0; 17695; 1432060842156625
0; 0; 19535; 1432060842167047
0; 0; 23436; 1432060842177482
0; 0; 27373; 1432060842187881
0; 0; 27198; 1432060842198293
0; 0; 33118; 1432060842208757
0; 0; 35036; 1432060842219129
0; 0; 38917; 1432060842229585
0; 0; 44925; 1432060842239960
0; 0; 50888; 1432060842250379
0; 0; 50713; 1432060842260797
0; 0; 56684; 1432060842271210
0; 0; 58554; 1432060842281626
0; 0; 64523; 1432060842292043
0; 0; 66389; 1432060842302464
0; 0; 70317; 1432060842312874
0; 0; 78327; 1432060842323293
0; 0; 84294; 1432060842333711
0; 0; 86169; 1432060842344125
0; 0; 96226; 1432060842354549
0; 0; 100148; 1432060842364960
0; 0; 104064; 1432060842375381
0; 0; 110031; 1432060842385797
0; 0; 116006; 1432060842396205
0; 0; 121964; 1432060842406631
0; 0; 125893; 1432060842417040
0; 0; 133899; 1432060842427464
0; 0; 137820; 1432060842437880
0; 0; 139699; 1432060842448290
0; 0; 143613; 1432060842458714
0; 0; 149575; 1432060842469136
0; 0; 155551; 1432060842479542
0; 0; 157422; 1432060842489961
0; 0; 159289; 1432060842500380
0; 0; 169357; 1432060842510793
0; 0; 175325; 1432060842521208
0; 0; 179240; 1432060842531630
0; 0; 187259; 1432060842542042
0; 0; 195260; 1432060842552473
0; 0; 199194; 1432060842562875
0; 0; 205151; 1432060842573302
0; 0; 211123; 1432060842583713
0; 0; 219146; 1432060842594127
0; 0; 225102; 1432060842604548
0; 0; 229035; 1432060842614956
0; 0; 230899; 1432060842625380
0; 0; 236865; 1432060842635796
0; 0; 242840; 1432060842646206
0; 0; 246751; 1432060842656630
0; 0; 250672; 1432060842667046
0; 0; 258693; 1432060842677455
0; 0; 264652; 1432060842687880
0; 0; 268572; 1432060842698297
0; 0; 272500; 1432060842708704
0; 0; 276409; 1432060842719132
0; 0; 282385; 1432060842729542
0; 0; 286300; 1432060842739959
0; 0; 292263; 1432060842750381
0; 0; 298236; 1432060842760792
0; 0; 308301; 1432060842771210
0; 0; 310167; 1432060842781630
0; 1; 926346; 1432060842781636
0; 0; 312037; 1432060842792047
0; 0; 317787; 1432060842812922
0; 0; 321741; 1432060842823303
0; 0; 323665; 1432060842833668
0; 0; 329583; 1432060842844132
0; 0; 333510; 1432060842854544
0; 0; 341524; 1432060842864960
0; 0; 343394; 1432060842875379
0; 0; 345272; 1432060842885789
0; 0; 353281; 1432060842896213
0; 0; 357198; 1432060842906630
0; 0; 365222; 1432060842917039
0; 0; 375276; 1432060842927464
0; 0; 383295; 1432060842937878
0; 0; 385172; 1432060842948288
0; 0; 391122; 1432060842958722
0; 0; 397098; 1432060842969130
0; 0; 401027; 1432060842979539
0; 0; 409035; 1432060842989962
0; 0; 417052; 1432060843000377
0; 0; 425068; 1432060843010794
0; 0; 426933; 1432060843021214
0; 0; 432905; 1432060843031629
0; 0; 434782; 1432060843042039
0; 0; 440672; 1432060843052533
0; 0; 442613; 1432060843062880
0; 0; 444496; 1432060843073285
0; 0; 446355; 1432060843083714
0; 0; 450276; 1432060843094130
0; 0; 460341; 1432060843104544
0; 0; 462214; 1432060843114958
0; 0; 468183; 1432060843125372
0; 0; 470047; 1432060843135797
0; 0; 471921; 1432060843146213
0; 0; 484063; 1432060843156597
0; 0; 490000; 1432060843167044
0; 0; 498014; 1432060843177462
0; 0; 503988; 1432060843187872
0; 0; 509948; 1432060843198296
0; 0; 511820; 1432060843208712
0; 0; 521890; 1432060843219121
0; 0; 527857; 1432060843229539
0; 0; 531769; 1432060843239962
0; 0; 537736; 1432060843250380
0; 0; 547803; 1432060843260792
0; 0; 549677; 1432060843271210
0; 0; 555647; 1432060843281626
0; 0; 565704; 1432060843292045
0; 0; 569629; 1432060843302456
0; 0; 575591; 1432060843312880
0; 0; 579512; 1432060843323294
0; 0; 589574; 1432060843333711
0; 0; 597592; 1432060843344126
0; 0; 603558; 1432060843354543
0; 0; 607482; 1432060843364956
0; 0; 611399; 1432060843375376
0; 0; 617365; 1432060843385794
0; 0; 625386; 1432060843396204
0; 0; 633396; 1432060843406626
0; 0; 641375; 1432060843417076
0; 0; 645329; 1432060843427459
0; 0; 655358; 1432060843437910
0; 0; 659313; 1432060843448292
0; 0; 665280; 1432060843458706
0; 0; 673295; 1432060843469126
0; 0; 675167; 1432060843479543
0; 0; 679090; 1432060843489955
0; 0; 680957; 1432060843500376
0; 0; 684876; 1432060843510794
0; 0; 690844; 1432060843521209
0; 0; 698856; 1432060843531627
0; 0; 702782; 1432060843542039
0; 0; 710796; 1432060843552459
0; 0; 712665; 1432060843562877
0; 0; 720679; 1432060843573293
0; 0; 724600; 1432060843583709
0; 0; 732617; 1432060843594125
0; 0; 736538; 1432060843604539
0; 0; 748644; 1432060843614962
0; 0; 750520; 1432060843625376
0; 0; 756489; 1432060843635788
0; 0; 758357; 1432060843646209
0; 0; 760231; 1432060843656623
0; 0; 770290; 1432060843667043
0; 0; 780354; 1432060843677458
0; 0; 782228; 1432060843687873
0; 0; 786143; 1432060843698294
0; 0; 794161; 1432060843708712
0; 0; 802180; 1432060843719122
0; 0; 806096; 1432060843729543
0; 0; 807971; 1432060843739954
0; 0; 811884; 1432060843750376
0; 0; 817851; 1432060843760794
0; 0; 823824; 1432060843771205
0; 0; 829786; 1432060843781627
0; 0; 839849; 1432060843792044
0; 0; 843773; 1432060843802456
0; 0; 851783; 1432060843812878
0; 0; 861847; 1432060843823295
0; 0; 865772; 1432060843833706
0; 0; 869685; 1432060843844126
0; 0; 873609; 1432060843854539
0; 0; 875479; 1432060843864959
0; 0; 879398; 1432060843875376
0; 0; 883320; 1432060843885789
0; 0; 891332; 1432060843896209
0; 0; 899348; 1432060843906626
0; 0; 909451; 1432060843917007
0; 0; 913330; 1432060843927459
0; 0; 921355; 1432060843937873
0; 0; 927315; 1432060843948293
0; 0; 929184; 1432060843958709
0; 0; 935157; 1432060843969122
0; 0; 943167; 1432060843979543
0; 0; 947086; 1432060843989960
0; 0; 955107; 1432060844000371
0; 0; 959018; 1432060844010794
0; 0; 964993; 1432060844021205
0; 0; 970956; 1432060844031626
0; 0; 976897; 1432060844042069
0; 0; 980844; 1432060844052456
0; 0; 986808; 1432060844062877
0; 0; 990729; 1432060844073293
0; 0; 994651; 1432060844083705
0; 0; 998565; 1432060844094131
0; 0; 1006586; 1432060844104539
0; 0; 1008455; 1432060844114959
0; 0; 1010325; 1432060844125376
0; 0; 1014249; 1432060844135789
0; 1; 8794; 1432060844135796
0; 0; 1024302; 1432060844146217
0; 0; 1038290; 1432060844167043
0; 0; 1042211; 1432060844177460
0; 0; 1050233; 1432060844187876
0; 0; 1060288; 1432060844198294
0; 0; 1066261; 1432060844208706
0; 0; 1072225; 1432060844219127
0; 0; 1086388; 1432060844229539
0; 0; 1096453; 1432060844239959
0; 0; 1102417; 1432060844250377
0; 0; 1110373; 1432060844260855
0; 0; 1116394; 1432060844271214
0; 0; 1120314; 1432060844281632
0; 0; 1130386; 1432060844292039
0; 0; 1134302; 1432060844302459
0; 0; 1140269; 1432060844312876
0; 0; 1144187; 1432060844323289
0; 0; 1152199; 1432060844333710
0; 0; 1154071; 1432060844344126
0; 0; 1160042; 1432060844354540
0; 0; 1161911; 1432060844364959
0; 0; 1178120; 1432060844375372
0; 0; 1182038; 1432060844385792
0; 0; 1190051; 1432060844396209
0; 0; 1193969; 1432060844406626
0; 0; 1195843; 1432060844417042
0; 0; 1201814; 1432060844427456
0; 0; 1211875; 1432060844437874
0; 0; 1219893; 1432060844448288
0; 0; 1221761; 1432060844458709
0; 0; 1227730; 1432060844469122
0; 0; 1229602; 1432060844479543
0; 0; 1233516; 1432060844489960
0; 0; 1241536; 1432060844500373
0; 0; 1253645; 1432060844510793
0; 0; 1257568; 1432060844521206
0; 0; 1263529; 1432060844531627
0; 0; 1271545; 1432060844542043
0; 0; 1277498; 1432060844552476
0; 0; 1279388; 1432060844562875
0; 0; 1287402; 1432060844573289
0; 0; 1291321; 1432060844583708
0; 0; 1295240; 1432060844594124
0; 0; 1297111; 1432060844604542
0; 0; 1298981; 1432060844614960
0; 0; 1304928; 1432060844625397
0; 0; 1310914; 1432060844635794
0; 0; 1318935; 1432060844646205
0; 0; 1324900; 1432060844656626
0; 0; 1332910; 1432060844667047
0; 0; 1332742; 1432060844677460
0; 0; 1334610; 1432060844687875
0; 0; 1340579; 1432060844698289
0; 0; 1346543; 1432060844708710
0; 0; 1350462; 1432060844719127
0; 0; 1354384; 1432060844729542
0; 0; 1358305; 1432060844739956
0; 0; 1364265; 1432060844750379
0; 0; 1374331; 1432060844760794
0; 0; 1386443; 1432060844771209
0; 0; 1392414; 1432060844781622
0; 0; 1400426; 1432060844792043
0; 0; 1408444; 1432060844802455
0; 0; 1412360; 1432060844812877
0; 0; 1416284; 1432060844823290
0; 0; 1424296; 1432060844833709
0; 0; 1430261; 1432060844844127
0; 0; 1436232; 1432060844854541
0; 0; 1448340; 1432060844864960
0; 0; 1454311; 1432060844875372
0; 0; 1456180; 1432060844885793
0; 0; 1458051; 1432060844896209
0; 0; 1464019; 1432060844906626
0; 0; 1467941; 1432060844917039
0; 0; 1473905; 1432060844927460
0; 0; 1477825; 1432060844937876
0; 0; 1479700; 1432060844948288
0; 0; 1483616; 1432060844958709
0; 0; 1485491; 1432060844969122
0; 1; 87; 1432060844969128
0; 0; 1489393; 1432060844979554
0; 0; 1499293; 1432060845000376
0; 0; 1503211; 1432060845010794
0; 0; 1509178; 1432060845021209
0; 0; 1511054; 1432060845031622
0; 0; 1514969; 1432060845042044
0; 0; 1520923; 1432060845052474
0; 0; 1524858; 1432060845062874
0; 0; 1526728; 1432060845073294
0; 0; 1530648; 1432060845083709
0; 0; 1534565; 1432060845094127
0; 0; 1536441; 1432060845104540
0; 0; 1542405; 1432060845114960
0; 0; 1544277; 1432060845125376
0; 0; 1542053; 1432060845135792
0; 0; 1541881; 1432060845146205
0; 0; 1543746; 1432060845156627
0; 0; 1545623; 1432060845167038
1; 1; 1720; 1432060845177460
1; 1; 123; 1432060845187875
1; 1; 121; 1432060845198295
1; 1; 369; 1432060845208715
1; 1; 4231; 1432060845219126
1; 1; 6096; 1432060845229547
1; 1; 3873; 1432060845239964
1; 1; 11867; 1432060845250402
1; 1; 15875; 1432060845260794
1; 1; 13651; 1432060845271210
1; 1; 15520; 1432060845281629
1; 1; 21422; 1432060845292045
1; 1; 33603; 1432060845302459
1; 1; 39573; 1432060845312872
1; 1; 39326; 1432060845323296
1; 1; 43314; 1432060845333706
1; 1; 47226; 1432060845344131
1; 1; 51081; 1432060845354546
1; 1; 57118; 1432060845364958
1; 1; 67116; 1432060845375377
1; 1; 75576; 1432060845385793
1; 1; 79492; 1432060845396212
1; 1; 83412; 1432060845406629
1; 1; 87339; 1432060845417039
1; 1; 93300; 1432060845427462
1; 1; 99269; 1432060845437875
1; 1; 101141; 1432060845448292
1; 1; 107108; 1432060845458709
1; 1; 117127; 1432060845469173
1; 1; 123137; 1432060845479543
1; 1; 131154; 1432060845489959
1; 1; 137120; 1432060845500378
1; 1; 138994; 1432060845510793
1; 1; 142909; 1432060845521212
1; 1; 146831; 1432060845531627
1; 1; 154847; 1432060845542042
1; 1; 160798; 1432060845552475
1; 1; 162685; 1432060845562876
1; 1; 166601; 1432060845573297
1; 1; 172576; 1432060845583705
1; 1; 176485; 1432060845594131
1; 1; 180408; 1432060845604546
1; 1; 188426; 1432060845614959
1; 1; 196439; 1432060845625377
1; 1; 202410; 1432060845635794
1; 1; 208376; 1432060845646209
1; 1; 214339; 1432060845656630
1; 1; 220309; 1432060845667045
1; 1; 222183; 1432060845677459
1; 1; 230195; 1432060845687879
1; 1; 244353; 1432060845698297
1; 1; 256474; 1432060845708704
1; 1; 262432; 1432060845719130
1; 1; 264300; 1432060845729550
1; 1; 268223; 1432060845739963
1; 1; 280335; 1432060845750376
1; 1; 288353; 1432060845760793
1; 1; 292270; 1432060845771212
1; 1; 298239; 1432060845781626
1; 1; 304205; 1432060845792043
1; 1; 310172; 1432060845802460
1; 1; 314094; 1432060845812875
1; 1; 315960; 1432060845823297
1; 1; 317836; 1432060845833710
1; 1; 325847; 1432060845844130
1; 1; 331821; 1432060845854540
1; 1; 337783; 1432060845864962
1; 1; 345800; 1432060845875378
1; 1; 355870; 1432060845885788
1; 1; 359782; 1432060845896212
1; 1; 361651; 1432060845906631
1; 1; 365575; 1432060845917043
1; 1; 369494; 1432060845927459
1; 1; 377522; 1432060845937864
1; 1; 387571; 1432060845948295
1; 1; 391497; 1432060845958705
1; 1; 399502; 1432060845969131
1; 1; 409574; 1432060845979539
1; 1; 417582; 1432060845989963
1; 1; 423550; 1432060846000379
1; 1; 433614; 1432060846010796
1; 1; 435491; 1432060846021206
1; 1; 443499; 1432060846031630
1; 1; 451518; 1432060846042042
1; 1; 459521; 1432060846052473
1; 1; 463452; 1432060846062876
1; 1; 469417; 1432060846073297
1; 1; 475388; 1432060846083709
1; 1; 477292; 1432060846094095
1; 1; 481168; 1432060846104553
1; 1; 485095; 1432060846114963
1; 1; 486974; 1432060846125371
1; 1; 492935; 1432060846135796
1; 1; 502998; 1432060846146210
1; 1; 506918; 1432060846156627
1; 1; 521079; 1432060846167043
1; 1; 527042; 1432060846177463
1; 1; 530965; 1432060846187876
1; 1; 532837; 1432060846198293
1; 1; 536756; 1432060846208708
1; 1; 542717; 1432060846219132
1; 1; 554830; 1432060846229548
1; 1; 564900; 1432060846239957
1; 1; 572913; 1432060846250376
1; 0; 830923; 1432060846250381
1; 1; 576827; 1432060846260800
1; 1; 586716; 1432060846281631
1; 1; 590638; 1432060846292046
1; 1; 592514; 1432060846302459
1; 1; 598481; 1432060846312872
1; 1; 606491; 1432060846323296
1; 1; 614575; 1432060846333709
1; 1; 620470; 1432060846344130
1; 1; 626441; 1432060846354545
1; 1; 632417; 1432060846364955
1; 1; 636327; 1432060846375380
1; 1; 642300; 1432060846385792
1; 1; 648266; 1432060846396208
1; 1; 652184; 1432060846406627
1; 1; 656102; 1432060846417045
1; 1; 668215; 1432060846427460
1; 1; 682373; 1432060846437878
1; 1; 686292; 1432060846448296
1; 1; 688160; 1432060846458714
1; 1; 694134; 1432060846469124
1; 1; 698053; 1432060846479544
1; 1; 706083; 1432060846489956
1; 1; 712034; 1432060846500380
1; 1; 720055; 1432060846510790
1; 1; 726024; 1432060846521213
1; 1; 738136; 1432060846531629
1; 1; 748199; 1432060846542039
1; 1; 752138; 1432060846552462
1; 1; 751930; 1432060846562880
1; 1; 757906; 1432060846573292
1; 1; 763872; 1432060846583708
1; 1; 769840; 1432060846594131
1; 1; 769655; 1432060846604547
1; 1; 777684; 1432060846614954
1; 1; 783649; 1432060846625373
1; 1; 791659; 1432060846635796
1; 1; 801723; 1432060846646208
1; 1; 805643; 1432060846656624
1; 1; 815700; 1432060846667047
1; 1; 823720; 1432060846677459
1; 1; 833785; 1432060846687876
1; 1; 837697; 1432060846698297
1; 1; 843671; 1432060846708713
1; 1; 847586; 1432060846719129
1; 1; 849463; 1432060846729538
1; 1; 853384; 1432060846739959
1; 1; 857299; 1432060846750377
1; 1; 861222; 1432060846760789
1; 0; 420600; 1432060846760795
1; 1; 863090; 1432060846771214
1; 1; 868880; 1432060846792042
1; 1; 870763; 1432060846802455
1; 1; 874670; 1432060846812876
1; 1; 880638; 1432060846823293
1; 1; 894806; 1432060846833704
1; 1; 898715; 1432060846844128
1; 1; 906732; 1432060846854542
1; 1; 908606; 1432060846864957
1; 1; 914570; 1432060846875377
1; 1; 918492; 1432060846885794
1; 1; 926505; 1432060846896209
1; 1; 936576; 1432060846906622
1; 1; 940422; 1432060846917111
1; 1; 944412; 1432060846927456
1; 1; 948333; 1432060846937870
1; 1; 954298; 1432060846948288
1; 1; 958217; 1432060846958705
1; 1; 962134; 1432060846969125
1; 1; 964009; 1432060846979539
1; 1; 969971; 1432060846989959
1; 1; 975939; 1432060847000377
1; 1; 979858; 1432060847010791
1; 1; 991966; 1432060847021212
1; 1; 993840; 1432060847031626
1; 1; 997763; 1432060847042040
1; 1; 1003725; 1432060847052462
1; 1; 1007643; 1432060847062879
1; 1; 1017710; 1432060847073292
1; 1; 1021627; 1432060847083711
1; 1; 1027599; 1432060847094124
1; 1; 1033560; 1432060847104546
1; 1; 1039533; 1432060847114958
1; 1; 1045498; 1432060847125377
1; 1; 1051465; 1432060847135792
1; 1; 1061529; 1432060847146207
1; 1; 1065447; 1432060847156627
1; 1; 1075513; 1432060847167044
1; 1; 1083532; 1432060847177456
1; 1; 1085393; 1432060847187883
1; 1; 1089318; 1432060847198294
1; 1; 1093239; 1432060847208708
1; 1; 1095109; 1432060847219129
1; 1; 1105174; 1432060847229541
1; 1; 1109089; 1432060847239960
1; 1; 1110964; 1432060847250379
1; 1; 1118981; 1432060847260791
1; 1; 1126994; 1432060847271209
1; 1; 1135019; 1432060847281623
1; 1; 1138926; 1432060847292044
1; 1; 1140798; 1432060847302461
1; 1; 1150852; 1432060847312887
1; 1; 1156829; 1432060847323295
1; 1; 1158692; 1432060847333718
1; 1; 1166708; 1432060847344133
1; 1; 1168596; 1432060847354548
1; 1; 1176598; 1432060847364965
1; 1; 1178477; 1432060847375377
1; 1; 1186493; 1432060847385790
1; 1; 1190409; 1432060847396211
1; 1; 1200476; 1432060847406623
1; 1; 1206433; 1432060847417049
1; 1; 1212408; 1432060847427460
1; 1; 1216330; 1432060847437873
1; 1; 1218200; 1432060847448293
1; 1; 1220071; 1432060847458706
1; 1; 1230130; 1432060847469128
1; 1; 1240204; 1432060847479539
1; 1; 1246163; 1432060847489960
1; 1; 1250086; 1432060847500374
1; 1; 1256046; 1432060847510796
1; 1; 1262019; 1432060847521207
1; 1; 1270030; 1432060847531628
1; 1; 1282127; 1432060847542059
1; 1; 1288113; 1432060847552462
1; 1; 1296128; 1432060847562874
1; 1; 1302092; 1432060847573294
1; 1; 1312161; 1432060847583710
1; 1; 1316080; 1432060847594128
1; 1; 1320015; 1432060847604545
1; 1; 1323914; 1432060847614965
1; 1; 1331929; 1432060847625379
1; 1; 1335870; 1432060847635796
1; 1; 1337730; 1432060847646206
1; 0; 238; 1432060847646211
1; 1; 1341626; 1432060847656661
1; 1; 1351542; 1432060847677468
1; 1; 1361601; 1432060847687877
1; 1; 1367566; 1432060847698292
1; 1; 1371496; 1432060847708712
1; 1; 1381567; 1432060847719126
1; 1; 1387511; 1432060847729548
1; 1; 1401689; 1432060847739958
1; 1; 1409686; 1432060847750379
1; 1; 1415672; 1432060847760791
1; 1; 1419589; 1432060847771211
1; 1; 1429652; 1432060847781628
1; 1; 1433555; 1432060847792043
1; 1; 1437494; 1432060847802457
1; 1; 1443442; 1432060847812877
1; 1; 1447379; 1432060847823293
1; 1; 1451311; 1432060847833707
1; 1; 1455204; 1432060847844128
1; 1; 1459121; 1432060847854541
1; 1; 1461008; 1432060847864961
1; 1; 1466957; 1432060847875380
1; 1; 1472947; 1432060847885791
1; 1; 1476864; 1432060847896209
1; 1; 1482814; 1432060847906626
1; 1; 1484685; 1432060847917042
1; 1; 1488608; 1432060847927456
1; 1; 1490493; 1432060847937875
1; 1; 1496442; 1432060847948293
1; 1; 1496269; 1432060847958706
1; 1; 1498156; 1432060847969126
1; 1; 1506152; 1432060847979542
1; 1; 1512123; 1432060847989955
1; 1; 1516057; 1432060848000376
1; 1; 1517930; 1432060848010790
1; 1; 1527991; 1432060848021209
1; 1; 1529858; 1432060848031629
1; 1; 1533781; 1432060848042043
1; 1; 1537697; 1432060848052463
1; 1; 1541619; 1432060848062875
1; 1; 1543477; 1432060848073293
1; 1; 1545368; 1432060848083705
1; 1; 1553378; 1432060848094126
1; 1; 1559350; 1432060848104538
1; 1; 1563248; 1432060848114959
1; 1; 1569234; 1432060848125375
1; 1; 1573156; 1432060848135789
1; 1; 1577074; 1432060848146190
1; 1; 1580989; 1432060848156626
1; 1; 1584898; 1432060848167038
1; 1; 1588810; 1432060848177460
1; 1; 1590698; 1432060848187878
1; 1; 1600756; 1432060848198289
1; 1; 1604665; 1432060848208709
1; 1; 1606557; 1432060848219123
1; 1; 1608409; 1432060848229543
1; 1; 1610285; 1432060848239955
1; 1; 1618294; 1432060848250378
1; 1; 1620176; 1432060848260789
1; 1; 1619991; 1432060848271209
1; 1; 1625956; 1432060848281626
1; 1; 1627842; 1432060848292047
1; 1; 1635842; 1432060848302460
1; 1; 1645912; 1432060848312874
1; 1; 1651870; 1432060848323296
1; 1; 1653768; 1432060848333705
1; 1; 1657666; 1432060848344125
1; 1; 1663648; 1432060848354544
1; 1; 1667569; 1432060848364960
1; 1; 1673525; 1432060848375372
1; 1; 1679505; 1432060848385794
1; 1; 1683408; 1432060848396205
1; 1; 1685301; 1432060848406626
1; 1; 1697386; 1432060848417044
1; 1; 1699262; 1432060848427457
1; 1; 1703193; 1432060848437876
1; 1; 1705049; 1432060848448294
1; 1; 1706926; 1432060848458706
1; 1; 1708810; 1432060848469127
1; 1; 1712731; 1432060848479541
1; 1; 1722845; 1432060848489922
1; 1; 1728756; 1432060848500379
1; 1; 1732684; 1432060848510789
1; 1; 1736593; 1432060848521214
1; 1; 1738460; 1432060848531637
1; 1; 1744421; 1432060848542058
1; 1; 1748351; 1432060848552471
1; 1; 1750225; 1432060848562879
1; 1; 1754130; 1432060848573294
1; 1; 1758070; 1432060848583706
1; 1; 1764015; 1432060848594129
1; 1; 1765888; 1432060848604541
0; 0; 3515; 1432060848614960
0; 0; 438; 1432060848625379
0; 0; 436; 1432060848635859
0; 0; 1913; 1432060848646276
0; 0; 2009; 1432060848656631
0; 0; 2730; 1432060848667048
0; 0; 688; 1432060848677461
0; 0; 429; 1432060848687881
0; 0; 617; 1432060848698360
0; 0; 453; 1432060848708722
0; 0; 958; 1432060848719194
0; 0; 436; 1432060848729551
0; 0; 6143; 1432060848740033
0; 0; 8091; 1432060848750379
0; 0; 9953; 1432060848760798
0; 0; 11823; 1432060848771217
0; 0; 15752; 1432060848781623
0; 0; 23761; 1432060848792048
0; 0; 25630; 1432060848802466
0; 0; 27511; 1432060848812873
0; 0; 33478; 1432060848823295
0; 0; 47631; 1432060848833715
0; 0; 47451; 1432060848844134
0; 0; 47732; 1432060848854540
0; 0; 53691; 1432060848864966
0; 0; 55569; 1432060848875376
0; 0; 55391; 1432060848885800
0; 0; 59315; 1432060848896212
0; 0; 61189; 1432060848906628
0; 0; 63051; 1432060848917045
0; 0; 71065; 1432060848927463
0; 0; 72950; 1432060848937877
0; 0; 76865; 1432060848948300
0; 0; 84880; 1432060848958715
0; 0; 94936; 1432060848969129
0; 0; 100902; 1432060848979545
0; 0; 108892; 1432060848989988
0; 0; 116968; 1432060849000351
0; 0; 127002; 1432060849010791
0; 0; 130915; 1432060849021212
0; 0; 136883; 1432060849031631
0; 0; 142853; 1432060849042045
0; 0; 148790; 1432060849052491
0; 0; 152749; 1432060849062874
0; 0; 168943; 1432060849073298
0; 0; 172867; 1432060849083714
0; 1; 1527184; 1432060849083720
0; 0; 182935; 1432060849094131
0; 0; 194860; 1432060849114970
0; 0; 198786; 1432060849125383
0; 0; 208855; 1432060849135792
0; 0; 218908; 1432060849146217
0; 0; 222827; 1432060849156630
0; 0; 228802; 1432060849167044
0; 0; 232712; 1432060849177466
0; 0; 236635; 1432060849187876
0; 0; 242608; 1432060849198295
0; 0; 246530; 1432060849208711
0; 0; 252491; 1432060849219131
0; 0; 260448; 1432060849229610
0; 0; 262394; 1432060849239955
0; 0; 266296; 1432060849250376
0; 0; 272271; 1432060849260796
0; 0; 280278; 1432060849271211
0; 0; 286233; 1432060849281648
0; 0; 288105; 1432060849292064
0; 0; 300227; 1432060849302462
0; 0; 308242; 1432060849312878
0; 0; 316262; 1432060849323295
0; 0; 320173; 1432060849333715
0; 0; 328192; 1432060849344126
0; 0; 334163; 1432060849354547
0; 0; 338076; 1432060849364965
0; 0; 344043; 1432060849375387
0; 0; 350013; 1432060849385794
0; 0; 362123; 1432060849396213
0; 0; 370141; 1432060849406626
0; 0; 384297; 1432060849417048
0; 0; 388232; 1432060849427460
0; 0; 392143; 1432060849437877
0; 0; 398110; 1432060849448297
0; 0; 399982; 1432060849458713
0; 0; 401856; 1432060849469126
0; 0; 409858; 1432060849479553
0; 0; 415833; 1432060849489960
0; 0; 419751; 1432060849500376
0; 0; 421618; 1432060849510798
0; 0; 429644; 1432060849521213
0; 0; 437652; 1432060849531626
0; 0; 439531; 1432060849542044
0; 0; 445479; 1432060849552472
0; 0; 449417; 1432060849562877
0; 0; 451285; 1432060849573293
0; 0; 455198; 1432060849583714
0; 0; 461152; 1432060849594149
0; 0; 471282; 1432060849604497
0; 0; 479226; 1432060849614987
0; 0; 481124; 1432060849625381
0; 0; 485038; 1432060849635794
0; 0; 488965; 1432060849646211
0; 0; 494922; 1432060849656631
0; 0; 500903; 1432060849667043
0; 0; 510964; 1432060849677461
0; 0; 514883; 1432060849687876
0; 0; 524943; 1432060849698298
0; 0; 528861; 1432060849708709
0; 0; 532776; 1432060849719129
0; 0; 536704; 1432060849729548
0; 0; 542663; 1432060849739962
0; 0; 550683; 1432060849750374
0; 0; 554601; 1432060849760797
0; 0; 558524; 1432060849771211
0; 0; 566531; 1432060849781630
0; 0; 570463; 1432060849792040
0; 0; 576410; 1432060849802469
0; 0; 584444; 1432060849812875
0; 0; 586310; 1432060849823298
0; 0; 594266; 1432060849833767
0; 0; 600297; 1432060849844127
0; 0; 604213; 1432060849854548
0; 0; 608090; 1432060849865004
0; 0; 612051; 1432060849875382
0; 0; 624152; 1432060849885798
0; 0; 632171; 1432060849896215
0; 0; 636093; 1432060849906626
0; 0; 637966; 1432060849917043
0; 0; 641882; 1432060849927462
0; 0; 647848; 1432060849937879
0; 0; 655867; 1432060849948293
0; 0; 663919; 1432060849958674
0; 0; 669850; 1432060849969126
0; 0; 675813; 1432060849979547
0; 0; 679730; 1432060849989963
0; 0; 687743; 1432060850000384
0; 0; 693717; 1432060850010802
0; 0; 697635; 1432060850021213
0; 0; 707700; 1432060850031629
0; 0; 713657; 1432060850042055
0; 0; 719636; 1432060850052459
0; 0; 721507; 1432060850062877
0; 0; 725426; 1432060850073294
0; 0; 731387; 1432060850083717
0; 0; 733264; 1432060850094128
0; 0; 739240; 1432060850104545
0; 0; 749292; 1432060850114963
0; 0; 757312; 1432060850125377
0; 0; 761232; 1432060850135797
0; 0; 771294; 1432060850146209
0; 0; 781352; 1432060850156633
0; 0; 785276; 1432060850167044
0; 0; 787153; 1432060850177461
0; 0; 791065; 1432060850187879
0; 0; 801136; 1432060850198288
0; 0; 805042; 1432060850208718
0; 0; 808963; 1432060850219135
0; 0; 812883; 1432060850229549
0; 0; 816812; 1432060850239961
0; 0; 822772; 1432060850250378
0; 0; 836932; 1432060850260795
0; 0; 849040; 1432060850271213
0; 0; 855019; 1432060850281624
0; 0; 858930; 1432060850292046
0; 0; 862843; 1432060850302467
0; 0; 870871; 1432060850312872
0; 0; 876830; 1432060850323299
0; 0; 882800; 1432060850333715
0; 0; 886723; 1432060850344127
0; 0; 888593; 1432060850354542
0; 0; 890461; 1432060850364961
0; 1; 486659; 1432060850364968
0; 0; 896425; 1432060850375383
0; 0; 904269; 1432060850396210
0; 0; 910233; 1432060850406629
0; 0; 920300; 1432060850417044
0; 0; 926273; 1432060850427456
0; 0; 930139; 1432060850437926
0; 0; 934103; 1432060850448299
0; 0; 950320; 1432060850458705
0; 0; 952185; 1432060850469128
0; 0; 958150; 1432060850479544
0; 0; 972312; 1432060850489960
0; 0; 974186; 1432060850500375
0; 0; 976059; 1432060850510791
0; 0; 984084; 1432060850521205
0; 0; 985940; 1432060850531628
0; 0; 989866; 1432060850542039
0; 0; 995829; 1432060850552459
0; 0; 1005890; 1432060850562876
0; 0; 1013927; 1432060850573294
0; 0; 1019888; 1432060850583704
0; 0; 1029941; 1432060850594127
0; 0; 1035906; 1432060850604543
0; 0; 1041878; 1432060850614959
0; 0; 1043745; 1432060850625376
0; 0; 1055872; 1432060850635790
0; 0; 1067963; 1432060850646215
0; 0; 1073935; 1432060850656630
0; 0; 1075809; 1432060850667040
0; 0; 1083751; 1432060850677532
0; 0; 1087670; 1432060850687946
0; 0; 1087554; 1432060850698306
0; 0; 1089427; 1432060850708719
0; 0; 1095405; 1432060850719127
0; 0; 1097278; 1432060850729539
0; 0; 1103243; 1432060850739958
0; 0; 1111266; 1432060850750376
0; 0; 1117221; 1432060850760794
0; 0; 1123195; 1432060850771205
0; 0; 1129166; 1432060850781628
0; 0; 1135123; 1432060850792044
0; 0; 1139039; 1432060850802465
0; 0; 1142964; 1432060850812875
0; 0; 1148927; 1432060850823299
0; 0; 1150804; 1432060850833709
0; 0; 1156762; 1432060850844135
0; 0; 1162734; 1432060850854549
0; 0; 1166657; 1432060850864962
0; 0; 1180815; 1432060850875376
0; 0; 1186785; 1432060850885794
0; 0; 1190706; 1432060850896206
0; 0; 1192572; 1432060850906629
0; 0; 1198543; 1432060850917042
0; 0; 1200418; 1432060850927460
0; 0; 1210475; 1432060850937875
0; 0; 1216447; 1432060850948294
0; 0; 1220362; 1432060850958710
0; 0; 1224278; 1432060850969130
0; 0; 1232296; 1432060850979545
0; 0; 1240316; 1432060850989958
0; 0; 1248332; 1432060851000378
0; 0; 1258401; 1432060851010791
0; 0; 1262311; 1432060851021211
0; 0; 1280561; 1432060851031629
0; 0; 1282438; 1432060851042042
0; 0; 1292491; 1432060851052470
0; 0; 1302520; 1432060851062922
0; 0; 1304439; 1432060851073293
0; 0; 1320645; 1432060851083706
0; 0; 1326614; 1432060851094123
0; 0; 1330529; 1432060851104542
0; 0; 1336501; 1432060851114955
0; 0; 1342463; 1432060851125377
0; 0; 1354594; 1432060851135791
0; 0; 1366684; 1432060851146211
0; 0; 1370606; 1432060851156628
0; 0; 1374524; 1432060851167044
0; 0; 1376403; 1432060851177456
0; 0; 1382364; 1432060851187879
0; 0; 1384235; 1432060851198291
0; 0; 1390202; 1432060851208711
0; 0; 1394124; 1432060851219129
0; 0; 1396003; 1432060851229541
0; 0; 1399909; 1432060851239964
0; 1; 89; 1432060851239970
0; 0; 1403815; 1432060851250392
0; 0; 1407572; 1432060851271213
0; 0; 1415522; 1432060851281698
0; 0; 1415418; 1432060851292039
0; 0; 1419339; 1432060851302458
0; 0; 1425308; 1432060851312872
0; 0; 1427179; 1432060851323294
0; 0; 1433141; 1432060851333705
0; 0; 1435009; 1432060851344127
0; 0; 1447119; 1432060851354543
0; 0; 1451047; 1432060851364954
0; 0; 1452909; 1432060851375379
0; 0; 1460929; 1432060851385794
0; 0; 1464854; 1432060851396206
0; 0; 1468770; 1432060851406624
0; 0; 1472681; 1432060851417045
0; 0; 1478649; 1432060851427463
0; 0; 1482573; 1432060851437876
0; 0; 1490601; 1432060851448289
0; 0; 1496562; 1432060851458706
0; 0; 1500471; 1432060851469128
0; 0; 1502344; 1432060851479544
0; 0; 1506263; 1432060851489962
0; 0; 1512226; 1432060851500384
0; 0; 1514102; 1432060851510793
0; 0; 1520078; 1432060851521213
0; 0; 1523991; 1432060851531626
0; 0; 1525860; 1432060851542044
0; 0; 1531821; 1432060851552469
0; 0; 1539953; 1432060851562873
0; 0; 1541734; 1432060851573293
0; 0; 1549748; 1432060851583707
0; 0; 1552979; 1432060851594801
0; 0; 1559604; 1432060851604560
0; 0; 1563540; 1432060851614961
0; 0; 1567445; 1432060851625388
0; 0; 1573425; 1432060851635790
0; 0; 1581420; 1432060851646240
0; 0; 1585360; 1432060851656627
0; 0; 1589273; 1432060851667047
0; 0; 1591147; 1432060851677462
0; 0; 1597120; 1432060851687873
0; 0; 1607174; 1432060851698302
0; 0; 1609042; 1432060851708716
0; 0; 1615007; 1432060851719139
0; 0; 1625088; 1432060851729536
0; 0; 1626951; 1432060851739962
0; 0; 1628828; 1432060851750382
0; 0; 1634791; 1432060851760796
0; 0; 1636660; 1432060851771213
0; 0; 1640576; 1432060851781629
0; 0; 1642452; 1432060851792044
0; 0; 1646371; 1432060851802462
0; 0; 1648243; 1432060851812876
0; 0; 1652161; 1432060851823295
0; 0; 1654035; 1432060851833709
0; 0; 1655900; 1432060851844131
0; 0; 1661874; 1432060851854541
0; 0; 1667835; 1432060851864965
0; 0; 1669713; 1432060851875378
0; 0; 1675688; 1432060851885788
0; 0; 1677551; 1432060851896209
0; 0; 1677374; 1432060851906626
0; 0; 1679235; 1432060851917054
0; 0; 1683161; 1432060851927463
0; 0; 1687089; 1432060851937875
0; 0; 1688952; 1432060851948296
0; 0; 1696969; 1432060851958712
0; 0; 1700891; 1432060851969125
0; 0; 1704803; 1432060851979548
0; 0; 1710773; 1432060851989961
0; 0; 1712650; 1432060852000375
0; 0; 1718617; 1432060852010793
0; 0; 1722534; 1432060852021211
0; 0; 1726458; 1432060852031622
0; 0; 1734476; 1432060852042038
0; 0; 1738393; 1432060852052455
0; 0; 1744352; 1432060852062880
0; 0; 1750323; 1432060852073294
0; 0; 1754249; 1432060852083707
0; 0; 1758158; 1432060852094131
0; 0; 1764128; 1432060852104544
0; 0; 1768051; 1432060852114957
0; 0; 1769916; 1432060852125383
0; 0; 1771783; 1432060852135802
0; 0; 1775710; 1432060852146209
0; 0; 1779626; 1432060852156631
0; 0; 1785598; 1432060852167043
0; 0; 1789522; 1432060852177454
0; 0; 1795486; 1432060852187876
0; 0; 1801450; 1432060852198295
0; 0; 1805376; 1432060852208705
0; 0; 1807237; 1432060852219131
0; 0; 1811163; 1432060852229539
0; 0; 1819175; 1432060852239959
0; 0; 1825185; 1432060852250336
0; 0; 1829059; 1432060852260794
0; 0; 1835007; 1432060852271233
0; 0; 1843044; 1432060852281627
0; 0; 1844918; 1432060852292044
0; 0; 1848836; 1432060852302459
0; 0; 1852749; 1432060852312881
0; 0; 1854627; 1432060852323293
0; 0; 1860591; 1432060852333713
0; 0; 1864507; 1432060852344130
0; 0; 1868428; 1432060852354552
0; 0; 1870308; 1432060852364956
0; 0; 1872171; 1432060852375383
0; 0; 1871991; 1432060852385801
0; 0; 1875919; 1432060852396208
0; 0; 1881880; 1432060852406631
0; 0; 1882161; 1432060852417040
0; 0; 1884040; 1432060852427462
0; 0; 1889995; 1432060852437878
0; 0; 1893920; 1432060852448291
0; 0; 1895788; 1432060852458714
0; 1; 6797; 1432060852458721
1; 1; 4602; 1432060852469137
1; 1; 2139; 1432060852490043
1; 1; 8589; 1432060852500405
1; 1; 12539; 1432060852510793
1; 1; 20585; 1432060852521175
1; 1; 26511; 1432060852531636
1; 1; 38599; 1432060852542077
1; 1; 42556; 1432060852552455
1; 1; 48513; 1432060852562883
1; 1; 56535; 1432060852573294
1; 1; 60450; 1432060852583714
1; 1; 62327; 1432060852594125
1; 1; 72376; 1432060852604553
1; 1; 78344; 1432060852614971
1; 1; 92513; 1432060852625377
1; 1; 96422; 1432060852635805
1; 1; 100348; 1432060852646216
1; 1; 104266; 1432060852656635
1; 1; 114332; 1432060852667047
1; 1; 116199; 1432060852677466
1; 1; 120125; 1432060852687878
1; 1; 128132; 1432060852698302
1; 1; 134106; 1432060852708713
1; 1; 140074; 1432060852719129
1; 1; 146039; 1432060852729546
1; 1; 156100; 1432060852739967
1; 1; 162070; 1432060852750380
1; 1; 170080; 1432060852760803
1; 1; 174008; 1432060852771215
1; 1; 184069; 1432060852781629
1; 1; 185949; 1432060852792038
1; 1; 189860; 1432060852802462
1; 1; 195830; 1432060852812878
1; 1; 205895; 1432060852823293
1; 1; 211857; 1432060852833713
1; 1; 217829; 1432060852844125
1; 1; 221746; 1432060852854545
1; 1; 227710; 1432060852864964
1; 1; 233667; 1432060852875398
1; 1; 237609; 1432060852885793
1; 1; 241515; 1432060852896213
1; 1; 247488; 1432060852906628
1; 1; 253455; 1432060852917044
1; 1; 261457; 1432060852927475
1; 1; 269482; 1432060852937883
1; 1; 277493; 1432060852948312
1; 1; 285517; 1432060852958710
1; 1; 291484; 1432060852969127
1; 1; 303592; 1432060852979546
1; 1; 307516; 1432060852989959
1; 1; 313479; 1432060853000380
1; 1; 315357; 1432060853010793
1; 1; 319277; 1432060853021211
1; 1; 325236; 1432060853031631
1; 1; 333239; 1432060853042060
1; 1; 339209; 1432060853052474
1; 1; 343139; 1432060853062880
1; 1; 351158; 1432060853073293
1; 1; 359175; 1432060853083708
1; 1; 367138; 1432060853094176
1; 1; 371096; 1432060853104552
1; 1; 374949; 1432060853115037
1; 1; 387125; 1432060853125389
1; 1; 395149; 1432060853135798
1; 1; 405202; 1432060853146225
1; 1; 407082; 1432060853156633
1; 1; 419199; 1432060853167045
1; 1; 427216; 1432060853177463
1; 1; 435224; 1432060853187882
1; 1; 445288; 1432060853198298
1; 1; 449216; 1432060853208708
1; 1; 459269; 1432060853219134
1; 1; 473394; 1432060853229582
1; 1; 475306; 1432060853239958
1; 1; 479217; 1432060853250390
1; 1; 487232; 1432060853260802
1; 1; 493209; 1432060853271210
1; 1; 499176; 1432060853281625
1; 1; 503091; 1432060853292051
1; 1; 513161; 1432060853302462
1; 1; 519122; 1432060853312881
1; 1; 525109; 1432060853323277
1; 1; 530980; 1432060853333792
1; 1; 532921; 1432060853344138
1; 1; 540947; 1432060853354543
1; 1; 546908; 1432060853364966
1; 1; 556973; 1432060853375381
1; 1; 560890; 1432060853385801
1; 1; 564809; 1432060853396217
1; 1; 566686; 1432060853406628
1; 1; 572654; 1432060853417044
1; 1; 578622; 1432060853427463
1; 1; 582542; 1432060853437877
1; 1; 592607; 1432060853448294
1; 1; 604719; 1432060853458709
1; 1; 608628; 1432060853469134
1; 1; 618695; 1432060853479547
1; 1; 624667; 1432060853489958
1; 1; 626534; 1432060853500380
1; 1; 632511; 1432060853510789
1; 1; 638469; 1432060853521214
1; 1; 642393; 1432060853531626
1; 1; 644263; 1432060853542043
1; 1; 654307; 1432060853552478
1; 1; 658244; 1432060853562880
1; 1; 664213; 1432060853573294
1; 1; 672228; 1432060853583709
1; 0; 997658; 1432060853583716
1; 1; 678182; 1432060853594139
1; 1; 683990; 1432060853614971
1; 1; 691999; 1432060853625382
1; 1; 695928; 1432060853635790
1; 1; 699841; 1432060853646215
1; 1; 703763; 1432060853656629
1; 1; 713833; 1432060853667048
1; 1; 721841; 1432060853677463
1; 1; 727813; 1432060853687884
1; 1; 737831; 1432060853698336
1; 1; 741831; 1432060853708713
1; 1; 749757; 1432060853719179
1; 1; 757835; 1432060853729542
1; 1; 765844; 1432060853739962
1; 1; 771799; 1432060853750382
1; 1; 775723; 1432060853760796
1; 1; 783737; 1432060853771211
1; 1; 787657; 1432060853781630
1; 1; 791577; 1432060853792042
1; 1; 797542; 1432060853802461
1; 1; 811698; 1432060853812880
1; 1; 819713; 1432060853823296
1; 1; 829763; 1432060853833726
1; 1; 835742; 1432060853844131
1; 1; 839666; 1432060853854546
1; 1; 841538; 1432060853864960
1; 1; 843407; 1432060853875378
1; 1; 849372; 1432060853885800
1; 1; 851253; 1432060853896213
1; 1; 855173; 1432060853906627
1; 1; 861134; 1432060853917049
1; 1; 867112; 1432060853927461
1; 1; 873069; 1432060853937881
1; 1; 883135; 1432060853948293
1; 1; 887055; 1432060853958710
1; 1; 888949; 1432060853969111
1; 1; 892846; 1432060853979541
1; 1; 898812; 1432060853989960
1; 1; 900680; 1432060854000377
1; 1; 910785; 1432060854010794
1; 1; 914662; 1432060854021212
1; 1; 918584; 1432060854031627
1; 1; 922510; 1432060854042037
1; 1; 930524; 1432060854052456
1; 1; 936484; 1432060854062878
1; 1; 946552; 1432060854073292
1; 1; 948422; 1432060854083714
1; 1; 952343; 1432060854094129
1; 1; 962405; 1432060854104554
1; 1; 966323; 1432060854114961
1; 1; 972292; 1432060854125377
1; 1; 982354; 1432060854135794
1; 1; 986270; 1432060854146213
1; 1; 998383; 1432060854156628
1; 1; 1004348; 1432060854167047
1; 1; 1008274; 1432060854177457
1; 1; 1010137; 1432060854187881
1; 1; 1016109; 1432060854198293
1; 1; 1017980; 1432060854208711
1; 1; 1028044; 1432060854219129
1; 1; 1031960; 1432060854229547
1; 1; 1037935; 1432060854239962
1; 1; 1045943; 1432060854250379
1; 1; 1056004; 1432060854260797
1; 1; 1064031; 1432060854271205
1; 1; 1067944; 1432060854281629
1; 1; 1069816; 1432060854292044
1; 1; 1077827; 1432060854302463
1; 1; 1081765; 1432060854312876
1; 1; 1087725; 1432060854323293
1; 0; 397979; 1432060854323299
1; 1; 1095723; 1432060854333719
1; 1; 1105657; 1432060854354507
1; 1; 1111586; 1432060854364959
1; 1; 1121654; 1432060854375373
1; 1; 1125569; 1432060854385796
1; 1; 1133586; 1432060854396208
1; 1; 1135454; 1432060854406628
1; 1; 1139375; 1432060854417045
1; 1; 1143297; 1432060854427458
1; 1; 1149262; 1432060854437877
1; 1; 1153117; 1432060854448358
1; 1; 1159133; 1432060854458726
1; 1; 1167157; 1432060854469133
1; 1; 1175136; 1432060854479587
1; 1; 1181146; 1432060854489961
1; 1; 1185069; 1432060854500374
1; 1; 1186932; 1432060854510798
1; 1; 1194956; 1432060854521208
1; 1; 1198868; 1432060854531633
1; 1; 1202778; 1432060854542058
1; 1; 1208760; 1432060854552457
1; 1; 1216770; 1432060854562883
1; 1; 1222741; 1432060854573295
1; 1; 1228710; 1432060854583714
1; 1; 1230583; 1432060854594124
1; 1; 1234503; 1432060854604544
1; 1; 1242521; 1432060854614955
1; 1; 1242472; 1432060854625375
1; 1; 1250371; 1432060854635788
1; 1; 1252230; 1432060854646210
1; 1; 1260244; 1432060854656623
1; 1; 1266206; 1432060854667042
1; 1; 1272179; 1432060854677455
1; 1; 1274050; 1432060854687876
1; 1; 1275919; 1432060854698295
1; 1; 1279847; 1432060854708711
1; 1; 1287854; 1432060854719125
1; 1; 1295868; 1432060854729543
1; 1; 1299783; 1432060854739963
1; 1; 1307797; 1432060854750381
1; 1; 1311720; 1432060854760794
1; 1; 1315639; 1432060854771214
1; 1; 1319556; 1432060854781630
1; 1; 1325527; 1432060854792040
1; 1; 1331491; 1432060854802467
1; 1; 1333311; 1432060854812932
1; 1; 1341383; 1432060854823290
1; 1; 1345301; 1432060854833710
1; 0; 69579; 1432060854833717
1; 1; 1351265; 1432060854844131
1; 1; 1355004; 1432060854864966
1; 1; 1356873; 1432060854875386
1; 1; 1364897; 1432060854885792
1; 1; 1370863; 1432060854896211
1; 1; 1382968; 1432060854906634
1; 1; 1390992; 1432060854917040
1; 1; 1401056; 1432060854927461
1; 1; 1402924; 1432060854937880
1; 1; 1410946; 1432060854948289
1; 1; 1421008; 1432060854958708
1; 1; 1433115; 1432060854969127
1; 1; 1443200; 1432060854979540
1; 1; 1449145; 1432060854989961
1; 1; 1457161; 1432060855000377
1; 1; 1465181; 1432060855010791
1; 1; 1471165; 1432060855021210
1; 1; 1475052; 1432060855031641
1; 1; 1476921; 1432060855042060
1; 1; 1482902; 1432060855052462
1; 1; 1486823; 1432060855062875
1; 1; 1490737; 1432060855073299
1; 1; 1494662; 1432060855083709
1; 1; 1498587; 1432060855094126
1; 1; 1500450; 1432060855104545
1; 1; 1508474; 1432060855114956
1; 1; 1514435; 1432060855125377
1; 1; 1518353; 1432060855135794
1; 1; 1522251; 1432060855146233
1; 1; 1524143; 1432060855156629
1; 1; 1528064; 1432060855167041
1; 1; 1534059; 1432060855177433
1; 1; 1539996; 1432060855187879
1; 1; 1545968; 1432060855198291
1; 1; 1547841; 1432060855208705
1; 1; 1551752; 1432060855219129
1; 1; 1555678; 1432060855229544
1; 1; 1559599; 1432060855239956
1; 1; 1565560; 1432060855250379
1; 1; 1567438; 1432060855260790
1; 1; 1571356; 1432060855271212
1; 1; 1575270; 1432060855281633
1; 1; 1583287; 1432060855292044
1; 1; 1585157; 1432060855302461
1; 1; 1593181; 1432060855312874
1; 1; 1599147; 1432060855323292
1; 1; 1605106; 1432060855333713
1; 1; 1609024; 1432060855344135
1; 1; 1612945; 1432060855354545
1; 1; 1614819; 1432060855364963
1; 1; 1618746; 1432060855375372
1; 1; 1622659; 1432060855385793
1; 1; 1626575; 1432060855396212
1; 1; 1632545; 1432060855406627
1; 1; 1638510; 1432060855417047
1; 1; 1640412; 1432060855427432
1; 1; 1644297; 1432060855437885
1; 1; 1648239; 1432060855448292
1; 1; 1654197; 1432060855458706
1; 1; 1660168; 1432060855469131
1; 1; 1664081; 1432060855479542
1; 1; 1670051; 1432060855489955
1; 1; 1678063; 1432060855500375
1; 1; 1681985; 1432060855510789
1; 1; 1687947; 1432060855521210
1; 1; 1691868; 1432060855531625
1; 1; 1695786; 1432060855542040
1; 1; 1697661; 1432060855552459
1; 1; 1701575; 1432060855562877
1; 1; 1705491; 1432060855573295
1; 1; 1707369; 1432060855583705
1; 1; 1713332; 1432060855594129
1; 1; 1717249; 1432060855604544
1; 1; 1723224; 1432060855614955
1; 1; 1725090; 1432060855625377
1; 1; 1733108; 1432060855635790
1; 1; 1737025; 1432060855646210
1; 1; 1740944; 1432060855656627
1; 1; 1742821; 1432060855667038
1; 1; 1744687; 1432060855677459
1; 1; 1750656; 1432060855687875
1; 1; 1752528; 1432060855698291
1; 1; 1756442; 1432060855708711
1; 0; 240; 1432060855708720
1; 1; 1762365; 1432060855719173
1; 1; 1770248; 1432060855739961
1; 1; 1772119; 1432060855750379
1; 1; 1776051; 1432060855760785
1; 1; 1779962; 1432060855771211
1; 1; 1785929; 1432060855781626
1; 1; 1787802; 1432060855792040
1; 1; 1793769; 1432060855802459
1; 1; 1795652; 1432060855812885
1; 1; 1799559; 1432060855823291
1; 1; 1803478; 1432060855833709
1; 1; 1813540; 1432060855844129
1; 1; 1815415; 1432060855854541
1; 1; 1821376; 1432060855864963
1; 1; 1825285; 1432060855875389
1; 1; 1827164; 1432060855885805
1; 1; 1833113; 1432060855896238
1; 1; 1835004; 1432060855906636
1; 1; 1838930; 1432060855917044
1; 1; 1840804; 1432060855927456
1; 1; 1844716; 1432060855937878
1; 1; 1844557; 1432060855948289
1; 1; 1848458; 1432060855958713
0; 0; 440; 1432060855969132
0; 0; 1248; 1432060855979621
0; 0; 3186; 1432060855989975
0; 0; 432; 1432060856000386
0; 0; 435; 1432060856010861
0; 0; 1249; 1432060856021278
0; 0; 1857; 1432060856031631
0; 0; 5774; 1432060856042055
0; 0; 5593; 1432060856052470
0; 0; 7470; 1432060856062880
0; 0; 11408; 1432060856073296
0; 0; 9177; 1432060856083707
0; 0; 6929; 1432060856094145
0; 0; 2685; 1432060856104552
0; 0; 431; 1432060856114961
0; 0; 2661; 1432060856125441
0; 0; 4596; 1432060856135799
0; 0; 1157; 1432060856146209
0; 0; 433; 1432060856156633
0; 0; 1026; 1432060856167109
0; 0; 436; 1432060856177462
0; 0; 433; 1432060856187944
0; 0; 2562; 1432060856198359
0; 0; 430; 1432060856208709
0; 0; 433; 1432060856219193
0; 0; 2114; 1432060856229607
0; 0; 1492; 1432060856239962
0; 0; 431; 1432060856250378
0; 0; 430; 1432060856260824
0; 0; 430; 1432060856271279
0; 0; 432; 1432060856281692
0; 0; 429; 1432060856292109
0; 0; 3157; 1432060856302520
0; 0; 988; 1432060856312882
0; 0; 1257; 1432060856323302
0; 0; 1071; 1432060856333726
0; 0; 905; 1432060856344132
0; 0; 6876; 1432060856354544
0; 0; 8745; 1432060856364963
0; 0; 10621; 1432060856375376
0; 0; 16588; 1432060856385792
0; 0; 20506; 1432060856396210
0; 0; 20333; 1432060856406629
0; 0; 30394; 1432060856417043
0; 0; 36357; 1432060856427464
0; 0; 40282; 1432060856437876
0; 0; 46245; 1432060856448298
0; 0; 52221; 1432060856458709
0; 0; 56133; 1432060856469128
0; 0; 66194; 1432060856479548
0; 0; 68067; 1432060856489962
0; 0; 74018; 1432060856500396
0; 0; 82035; 1432060856510812
0; 0; 88029; 1432060856521222
0; 0; 91938; 1432060856531629
0; 0; 95853; 1432060856542054
0; 0; 101815; 1432060856552470
0; 0; 107792; 1432060856562878
0; 0; 115806; 1432060856573295
0; 0; 121772; 1432060856583713
0; 0; 133878; 1432060856594135
0; 0; 137810; 1432060856604539
0; 1; 1670430; 1432060856604545
0; 0; 145747; 1432060856615043
0; 0; 157702; 1432060856635850
0; 0; 161622; 1432060856646264
0; 0; 163544; 1432060856656630
0; 0; 167474; 1432060856667038
0; 0; 175477; 1432060856677464
0; 0; 183495; 1432060856687878
0; 0; 189462; 1432060856698295
0; 0; 195432; 1432060856708709
0; 0; 197301; 1432060856719133
0; 0; 203263; 1432060856729549
0; 0; 205149; 1432060856739956
0; 0; 217247; 1432060856750381
0; 0; 221171; 1432060856760794
0; 0; 227140; 1432060856771209
0; 0; 231062; 1432060856781624
0; 0; 237027; 1432060856792043
0; 0; 240943; 1432060856802463
0; 0; 251009; 1432060856812877
0; 0; 263114; 1432060856823299
0; 0; 267042; 1432060856833711
0; 0; 272999; 1432060856844135
0; 0; 291273; 1432060856854544
0; 0; 297231; 1432060856864961
0; 0; 303239; 1432060856875335
0; 0; 317360; 1432060856885790
0; 0; 323322; 1432060856896213
0; 0; 327237; 1432060856906635
0; 0; 333209; 1432060856917046
0; 0; 343272; 1432060856927462
0; 0; 353343; 1432060856937882
0; 0; 355200; 1432060856948301
0; 0; 365268; 1432060856958712
0; 0; 373282; 1432060856969132
0; 0; 379255; 1432060856979541
0; 0; 383168; 1432060856989965
0; 0; 387068; 1432060857000402
0; 0; 391008; 1432060857010797
0; 0; 392880; 1432060857021213
0; 0; 394749; 1432060857031633
0; 0; 398662; 1432060857042057
0; 0; 408724; 1432060857052472
0; 0; 410606; 1432060857062880
0; 0; 418618; 1432060857073301
0; 0; 428685; 1432060857083712
0; 0; 432604; 1432060857094129
0; 0; 440612; 1432060857104554
0; 0; 444538; 1432060857114964
0; 0; 456652; 1432060857125378
0; 0; 462613; 1432060857135799
0; 0; 468580; 1432060857146218
0; 0; 476601; 1432060857156634
0; 0; 486658; 1432060857167053
0; 0; 492632; 1432060857177461
0; 0; 500645; 1432060857187885
0; 0; 500470; 1432060857198297
0; 0; 506440; 1432060857208715
0; 0; 516444; 1432060857219186
0; 0; 520416; 1432060857229551
0; 0; 526388; 1432060857239962
0; 0; 534386; 1432060857250426
0; 0; 536281; 1432060857260789
0; 0; 540192; 1432060857271214
0; 0; 546161; 1432060857281628
0; 0; 560317; 1432060857292048
0; 0; 566293; 1432060857302456
0; 1; 1099233; 1432060857302463
0; 0; 574294; 1432060857312888
0; 0; 578043; 1432060857333714
0; 0; 588106; 1432060857344131
0; 0; 598176; 1432060857354542
0; 0; 608230; 1432060857364968
0; 0; 614198; 1432060857375382
0; 0; 622222; 1432060857385793
0; 0; 628188; 1432060857396211
0; 0; 638247; 1432060857406631
0; 0; 646263; 1432060857417047
0; 0; 654280; 1432060857427463
0; 0; 662302; 1432060857437872
0; 0; 668261; 1432060857448297
0; 0; 674232; 1432060857458710
0; 0; 678145; 1432060857469131
0; 0; 690268; 1432060857479542
0; 0; 696234; 1432060857489958
0; 0; 704242; 1432060857500379
0; 0; 706118; 1432060857510791
0; 0; 710038; 1432060857521208
0; 0; 715987; 1432060857531641
0; 0; 721957; 1432060857542057
0; 0; 723835; 1432060857552467
0; 0; 727760; 1432060857562877
0; 0; 735774; 1432060857573294
0; 0; 741728; 1432060857583726
0; 0; 745665; 1432060857594123
0; 0; 755725; 1432060857604548
0; 0; 757598; 1432060857614966
0; 0; 761515; 1432060857625378
0; 0; 765432; 1432060857635796
0; 0; 767307; 1432060857646211
0; 0; 769174; 1432060857656630
0; 0; 773095; 1432060857667048
0; 0; 777011; 1432060857677466
0; 0; 785041; 1432060857687877
0; 0; 791052; 1432060857698300
0; 0; 794932; 1432060857708717
0; 0; 796801; 1432060857719138
0; 0; 802754; 1432060857729549
0; 0; 812826; 1432060857739966
0; 0; 826967; 1432060857750391
0; 0; 834991; 1432060857760800
0; 0; 840955; 1432060857771220
0; 0; 844884; 1432060857781628
0; 0; 856984; 1432060857792055
0; 0; 862945; 1432060857802474
0; 0; 864824; 1432060857812885
0; 0; 870752; 1432060857823342
0; 0; 874743; 1432060857833687
0; 0; 880689; 1432060857844124
0; 0; 888704; 1432060857854542
0; 0; 896719; 1432060857864958
0; 0; 898591; 1432060857875380
0; 0; 904561; 1432060857885790
0; 0; 910530; 1432060857896210
0; 0; 916497; 1432060857906625
0; 0; 922456; 1432060857917047
0; 0; 930478; 1432060857927456
0; 0; 932340; 1432060857937879
0; 0; 942413; 1432060857948289
0; 0; 944278; 1432060857958710
0; 0; 946148; 1432060857969131
0; 0; 954163; 1432060857979543
0; 0; 956040; 1432060857989958
0; 0; 961999; 1432060858000382
0; 0; 965915; 1432060858010803
0; 0; 973942; 1432060858021206
0; 0; 977856; 1432060858031630
0; 0; 981783; 1432060858042041
0; 0; 985684; 1432060858052474
0; 0; 993638; 1432060858062952
0; 0; 999604; 1432060858073369
0; 0; 1005644; 1432060858083712
0; 0; 1011616; 1432060858094126
0; 0; 1015533; 1432060858104547
0; 0; 1023555; 1432060858114956
0; 0; 1027467; 1432060858125377
0; 0; 1035485; 1432060858135794
0; 0; 1047597; 1432060858146209
0; 0; 1049464; 1432060858156630
0; 0; 1053389; 1432060858167041
0; 0; 1059347; 1432060858177465
0; 0; 1065319; 1432060858187879
0; 0; 1073342; 1432060858198290
0; 0; 1079304; 1432060858208710
0; 0; 1083220; 1432060858219128
0; 0; 1087147; 1432060858229539
0; 0; 1089014; 1432060858239958
0; 0; 1097029; 1432060858250378
0; 0; 1100953; 1432060858260790
0; 0; 1106918; 1432060858271208
0; 0; 1110830; 1432060858281631
0; 0; 1118851; 1432060858292042
0; 0; 1128919; 1432060858302455
0; 0; 1136928; 1432060858312877
0; 0; 1140850; 1432060858323291
0; 0; 1148865; 1432060858333709
0; 0; 1150733; 1432060858344129
0; 0; 1160802; 1432060858354540
0; 0; 1166768; 1432060858364959
0; 0; 1170686; 1432060858375377
0; 0; 1178704; 1432060858385789
0; 0; 1178527; 1432060858396208
0; 0; 1186532; 1432060858406633
0; 0; 1196599; 1432060858417045
0; 0; 1200522; 1432060858427459
0; 0; 1212658; 1432060858437853
0; 0; 1214463; 1432060858448334
0; 0; 1222520; 1432060858458710
0; 0; 1228488; 1432060858469123
0; 0; 1234452; 1432060858479548
0; 0; 1238331; 1432060858490000
0; 0; 1240213; 1432060858500410
0; 0; 1244142; 1432060858510816
0; 0; 1246013; 1432060858521233
0; 0; 1249926; 1432060858531654
0; 0; 1255906; 1432060858542059
0; 0; 1261878; 1432060858552470
0; 0; 1267833; 1432060858562902
0; 0; 1271779; 1432060858573291
0; 0; 1281839; 1432060858583710
0; 0; 1285763; 1432060858594124
0; 0; 1289677; 1432060858604545
0; 0; 1295645; 1432060858614961
0; 0; 1305711; 1432060858625374
0; 0; 1307579; 1432060858635795
0; 0; 1311498; 1432060858646209
0; 0; 1321560; 1432060858656630
0; 0; 1325483; 1432060858667043
0; 0; 1327359; 1432060858677454
0; 0; 1331272; 1432060858687878
0; 0; 1339289; 1432060858698293
0; 0; 1345255; 1432060858708710
0; 0; 1355321; 1432060858719125
0; 0; 1365389; 1432060858729544
0; 0; 1371356; 1432060858739955
0; 0; 1375270; 1432060858750377
0; 0; 1387383; 1432060858760792
0; 0; 1389253; 1432060858771210
0; 0; 1395218; 1432060858781627
0; 1; 14365; 1432060858781634
0; 0; 1399134; 1432060858792048
0; 0; 1415160; 1432060858812885
0; 0; 1421134; 1432060858823294
0; 0; 1429157; 1432060858833705
0; 0; 1437170; 1432060858844128
0; 0; 1441092; 1432060858854540
0; 0; 1449103; 1432060858864959
0; 0; 1453023; 1432060858875376
0; 0; 1461041; 1432060858885790
0; 0; 1467021; 1432060858896209
0; 0; 1472973; 1432060858906627
0; 0; 1474845; 1432060858917043
0; 0; 1476719; 1432060858927454
0; 0; 1482684; 1432060858937876
0; 0; 1486600; 1432060858948294
0; 0; 1490524; 1432060858958705
0; 0; 1494437; 1432060858969129
0; 0; 1498357; 1432060858979543
0; 0; 1502284; 1432060858989955
0; 0; 1506211; 1432060859000363
0; 0; 1510119; 1432060859010791
0; 0; 1516088; 1432060859021205
0; 0; 1517953; 1432060859031630
0; 0; 1521876; 1432060859042042
0; 0; 1523741; 1432060859052465
0; 0; 1531762; 1432060859062877
0; 0; 1535681; 1432060859073293
0; 0; 1539603; 1432060859083708
0; 0; 1545565; 1432060859094130
0; 0; 1547441; 1432060859104540
0; 0; 1553406; 1432060859114960
0; 0; 1555275; 1432060859125378
0; 0; 1557155; 1432060859135789
0; 0; 1559017; 1432060859146212
0; 0; 1567034; 1432060859156628
0; 0; 1570949; 1432060859167048
0; 0; 1570776; 1432060859177460
0; 0; 1572652; 1432060859187873
0; 0; 1578613; 1432060859198295
0; 0; 1580490; 1432060859208708
0; 0; 1588511; 1432060859219122
0; 0; 1600615; 1432060859229543
0; 0; 1602488; 1432060859239958
0; 0; 1606408; 1432060859250374
0; 0; 1610324; 1432060859260793
0; 0; 1618277; 1432060859271276
0; 0; 1618162; 1432060859281628
0; 0; 1622084; 1432060859292043
0; 0; 1628052; 1432060859302458
0; 0; 1634020; 1432060859312874
0; 0; 1635933; 1432060859323249
0; 0; 1637754; 1432060859333716
0; 0; 1643729; 1432060859344124
0; 0; 1647647; 1432060859354543
0; 0; 1649521; 1432060859364957
0; 0; 1653440; 1432060859375373
0; 0; 1659405; 1432060859385793
0; 0; 1661276; 1432060859396210
0; 0; 1665205; 1432060859406623
0; 0; 1669113; 1432060859417045
0; 0; 1673037; 1432060859427455
0; 0; 1687188; 1432060859437877
0; 0; 1693160; 1432060859448291
0; 0; 1695030; 1432060859458710
0; 0; 1696899; 1432060859469128
0; 0; 1702873; 1432060859479540
0; 0; 1706790; 1432060859489958
0; 0; 1712758; 1432060859500376
0; 0; 1716680; 1432060859510789
0; 0; 1722642; 1432060859521211
0; 0; 1726569; 1432060859531622
0; 0; 1730482; 1432060859542043
0; 0; 1734402; 1432060859552459
0; 0; 1742421; 1432060859562873
0; 0; 1746337; 1432060859573295
0; 0; 1750258; 1432060859583708
0; 0; 1754174; 1432060859594127
0; 0; 1760148; 1432060859604538
0; 0; 1764062; 1432060859614959
0; 0; 1770032; 1432060859625372
0; 0; 1775974; 1432060859635821
0; 0; 1779920; 1432060859646206
0; 0; 1785852; 1432060859656658
0; 0; 1789801; 1432060859667044
0; 0; 1793723; 1432060859677458
0; 0; 1797635; 1432060859687883
0; 0; 1801559; 1432060859698294
0; 0; 1807534; 1432060859708704
0; 0; 1813493; 1432060859719128
0; 0; 1815368; 1432060859729542
0; 0; 1819290; 1432060859739956
0; 0; 1821155; 1432060859750378
0; 0; 1825077; 1432060859760794
0; 0; 1826951; 1432060859771208
0; 0; 1830909; 1432060859781584
0; 0; 1832739; 1432060859792041
0; 0; 1836657; 1432060859802461
0; 0; 1842629; 1432060859812873
0; 0; 1844496; 1432060859823294
0; 0; 1852511; 1432060859833709
0; 0; 1856434; 1432060859844123
0; 0; 1858302; 1432060859854544
0; 0; 1866321; 1432060859864956
0; 0; 1870173; 1432060859875440
0; 0; 1874156; 1432060859885794
0; 0; 1878077; 1432060859896209
0; 0; 1879949; 1432060859906624
0; 0; 1883865; 1432060859917043
0; 0; 1887791; 1432060859927455
0; 0; 1889660; 1432060859937876
0; 0; 1899722; 1432060859948293
0; 0; 1903641; 1432060859958710
0; 0; 1909612; 1432060859969123
0; 0; 1915576; 1432060859979541
0; 0; 1917449; 1432060859989957
0; 0; 1921364; 1432060860000378
0; 0; 1921188; 1432060860010793
0; 0; 1925106; 1432060860021211
0; 0; 1929031; 1432060860031622
0; 0; 1934993; 1432060860042043
0; 0; 1938911; 1432060860052464
0; 0; 1940785; 1432060860062878
0; 0; 1942660; 1432060860073289
0; 0; 1942480; 1432060860083709
0; 0; 1940256; 1432060860094125
0; 0; 1942124; 1432060860104545
0; 0; 1941944; 1432060860114964
0; 0; 1937680; 1432060860125373
0; 0; 1935451; 1432060860135796
0; 0; 1937330; 1432060860146205
0; 0; 1935099; 1432060860156628
0; 0; 1928777; 1432060860167045
0; 0; 1926554; 1432060860177461
0; 0; 1920235; 1432060860187874
0; 0; 1915958; 1432060860198294
0; 0; 1909643; 1432060860208706
0; 1; 5840; 1432060860208712
1; 1; 7745; 1432060860219130
1; 1; 15569; 1432060860239981
1; 1; 17457; 1432060860250379
1; 1; 29542; 1432060860260826
1; 1; 37583; 1432060860271212
1; 1; 43555; 1432060860281628
1; 1; 45420; 1432060860292045
1; 1; 57537; 1432060860302460
1; 1; 59396; 1432060860312887
1; 1; 61272; 1432060860323299
1; 1; 69292; 1432060860333710
1; 1; 83453; 1432060860344128
1; 1; 89418; 1432060860354544
1; 1; 95387; 1432060860364961
1; 1; 101347; 1432060860375384
1; 1; 109367; 1432060860385795
1; 1; 113294; 1432060860396207
1; 1; 117208; 1432060860406629
1; 1; 121131; 1432060860417039
1; 1; 131192; 1432060860427459
1; 1; 137156; 1432060860437880
1; 1; 141080; 1432060860448292
1; 1; 147048; 1432060860458709
1; 1; 150958; 1432060860469133
1; 1; 154882; 1432060860479546
1; 1; 156760; 1432060860489955
1; 1; 160627; 1432060860500423
1; 1; 162497; 1432060860510841
1; 1; 170563; 1432060860521209
1; 1; 180621; 1432060860531628
1; 1; 192734; 1432060860542045
1; 1; 196636; 1432060860552478
1; 1; 198526; 1432060860562876
1; 1; 204492; 1432060860573294
1; 1; 210457; 1432060860583712
1; 1; 214379; 1432060860594127
1; 1; 220346; 1432060860604543
1; 1; 226317; 1432060860614963
1; 1; 230235; 1432060860625379
1; 1; 234155; 1432060860635792
1; 1; 238073; 1432060860646210
1; 1; 244034; 1432060860656632
1; 1; 250004; 1432060860667048
1; 1; 258017; 1432060860677467
1; 1; 259895; 1432060860687877
1; 1; 267905; 1432060860698298
1; 1; 269782; 1432060860708709
1; 1; 273700; 1432060860719128
1; 1; 277624; 1432060860729543
1; 1; 281537; 1432060860739963
1; 1; 283410; 1432060860750378
1; 1; 287333; 1432060860760790
1; 1; 289205; 1432060860771208
1; 1; 297214; 1432060860781629
1; 1; 299121; 1432060860792015
1; 1; 303014; 1432060860802458
1; 1; 307307; 1432060860812879
1; 1; 313282; 1432060860823288
1; 1; 319241; 1432060860833713
1; 1; 327245; 1432060860844143
1; 1; 335281; 1432060860854539
1; 1; 339178; 1432060860864977
1; 1; 343108; 1432060860875382
1; 1; 355230; 1432060860885794
1; 1; 363237; 1432060860896213
1; 1; 369203; 1432060860906633
1; 1; 371068; 1432060860917056
1; 1; 379099; 1432060860927455
1; 1; 383011; 1432060860937880
1; 1; 388980; 1432060860948295
1; 1; 392907; 1432060860958705
1; 1; 396814; 1432060860969132
1; 1; 398691; 1432060860979545
1; 1; 400565; 1432060860989958
1; 1; 404485; 1432060861000375
1; 1; 412494; 1432060861010797
1; 1; 418464; 1432060861021211
1; 1; 428523; 1432060861031634
1; 1; 434496; 1432060861042043
1; 1; 440453; 1432060861052471
1; 1; 446429; 1432060861062879
1; 1; 454447; 1432060861073293
1; 1; 458319; 1432060861083757
1; 1; 464327; 1432060861094133
1; 1; 470248; 1432060861104596
1; 1; 474215; 1432060861114963
1; 1; 480225; 1432060861125339
1; 1; 492304; 1432060861135788
1; 1; 496213; 1432060861146213
1; 1; 502180; 1432060861156632
1; 1; 510201; 1432060861167042
1; 1; 520265; 1432060861177458
1; 1; 530326; 1432060861187876
1; 1; 536290; 1432060861198298
1; 1; 538166; 1432060861208708
1; 1; 542079; 1432060861219131
1; 1; 546006; 1432060861229541
1; 1; 547880; 1432060861239956
1; 1; 553839; 1432060861250382
1; 1; 557761; 1432060861260794
1; 1; 563736; 1432060861271204
1; 1; 573789; 1432060861281631
1; 1; 579757; 1432060861292047
1; 1; 591873; 1432060861302460
1; 0; 1036621; 1432060861302466
1; 1; 597829; 1432060861312886
1; 1; 607722; 1432060861333712
1; 1; 613686; 1432060861344132
1; 1; 619657; 1432060861354547
1; 1; 625632; 1432060861364957
1; 1; 633642; 1432060861375377
1; 1; 643703; 1432060861385795
1; 1; 645577; 1432060861396210
1; 1; 651543; 1432060861406627
1; 1; 655458; 1432060861417047
1; 1; 657327; 1432060861427468
1; 1; 659209; 1432060861437874
1; 1; 661074; 1432060861448296
1; 1; 671141; 1432060861458710
1; 1; 683243; 1432060861469135
1; 1; 695355; 1432060861479552
1; 1; 699279; 1432060861489963
1; 1; 703198; 1432060861500380
1; 1; 711219; 1432060861510794
1; 1; 715143; 1432060861521210
1; 1; 719059; 1432060861531627
1; 1; 725025; 1432060861542042
1; 1; 728928; 1432060861552477
1; 1; 732859; 1432060861562883
1; 1; 736786; 1432060861573291
1; 1; 742753; 1432060861583707
1; 1; 746666; 1432060861594130
1; 1; 748538; 1432060861604544
1; 1; 760649; 1432060861614962
1; 1; 766624; 1432060861625375
1; 1; 774639; 1432060861635792
1; 1; 780601; 1432060861646214
1; 1; 786604; 1432060861656626
1; 1; 792540; 1432060861667043
1; 1; 800584; 1432060861677461
1; 1; 804472; 1432060861687878
1; 1; 808392; 1432060861698291
1; 1; 812313; 1432060861708708
1; 1; 814177; 1432060861719131
1; 1; 820154; 1432060861729538
1; 1; 824066; 1432060861739963
1; 1; 834126; 1432060861750381
1; 1; 844195; 1432060861760792
1; 1; 850159; 1432060861771210
1; 1; 860221; 1432060861781629
1; 1; 864139; 1432060861792049
1; 1; 868064; 1432060861802460
1; 1; 871982; 1432060861812877
1; 1; 879987; 1432060861823305
1; 1; 888014; 1432060861833710
1; 1; 893976; 1432060861844131
1; 1; 897906; 1432060861854541
1; 1; 905911; 1432060861864963
1; 1; 909836; 1432060861875375
1; 1; 917852; 1432060861885790
1; 1; 923817; 1432060861896211
1; 1; 929797; 1432060861906623
1; 1; 939843; 1432060861917046
1; 1; 947794; 1432060861927530
1; 1; 949669; 1432060861937943
1; 1; 951605; 1432060861948295
1; 1; 957576; 1432060861958708
1; 1; 961491; 1432060861969128
1; 1; 965409; 1432060861979547
1; 1; 971383; 1432060861989954
1; 1; 977342; 1432060862000381
1; 1; 979212; 1432060862010799
1; 1; 981101; 1432060862021199
1; 1; 984999; 1432060862031637
1; 1; 993006; 1432060862042062
1; 1; 1001026; 1432060862052473
1; 1; 1004953; 1432060862062881
1; 1; 1008866; 1432060862073305
1; 1; 1010747; 1432060862083711
1; 1; 1018758; 1432060862094132
1; 1; 1026789; 1432060862104552
1; 1; 1028648; 1432060862114965
1; 1; 1040778; 1432060862125377
1; 1; 1044684; 1432060862135792
1; 1; 1052701; 1432060862146206
1; 1; 1056617; 1432060862156627
1; 1; 1060540; 1432060862167039
1; 1; 1064455; 1432060862177460
1; 1; 1072474; 1432060862187874
1; 1; 1076406; 1432060862198280
1; 1; 1090552; 1432060862208709
1; 1; 1102662; 1432060862219124
1; 1; 1108629; 1432060862229543
1; 1; 1114599; 1432060862239957
1; 1; 1118517; 1432060862250373
1; 1; 1122436; 1432060862260793
1; 1; 1126350; 1432060862271211
1; 1; 1132283; 1432060862281665
1; 1; 1140343; 1432060862292039
1; 1; 1144256; 1432060862302458
1; 1; 1154319; 1432060862312876
1; 1; 1162337; 1432060862323289
1; 1; 1170352; 1432060862333708
1; 1; 1180410; 1432060862344131
1; 1; 1188435; 1432060862354541
1; 1; 1190308; 1432060862364956
1; 1; 1202419; 1432060862375373
1; 1; 1206332; 1432060862385794
1; 0; 218114; 1432060862385800
1; 1; 1210249; 1432060862396214
1; 1; 1220139; 1432060862417042
1; 1; 1222013; 1432060862427458
1; 1; 1230028; 1432060862437872
1; 1; 1238042; 1432060862448292
1; 1; 1246063; 1432060862458706
1; 1; 1252026; 1432060862469127
1; 1; 1260026; 1432060862479557
1; 1; 1263963; 1432060862489957
1; 1; 1276072; 1432060862500379
1; 1; 1284089; 1432060862510791
1; 1; 1288008; 1432060862521208
1; 1; 1296020; 1432060862531626
1; 1; 1304036; 1432060862542044
1; 1; 1316132; 1432060862552474
1; 1; 1324172; 1432060862562872
1; 1; 1330132; 1432060862573294
1; 1; 1334054; 1432060862583705
1; 1; 1337971; 1432060862594129
1; 1; 1352129; 1432060862604544
1; 1; 1358096; 1432060862614959
1; 1; 1362012; 1432060862625377
1; 1; 1365938; 1432060862635791
1; 1; 1371902; 1432060862646209
1; 1; 1379917; 1432060862656628
1; 1; 1381796; 1432060862667039
1; 1; 1385708; 1432060862677459
1; 1; 1389626; 1432060862687879
1; 1; 1395569; 1432060862698318
1; 1; 1401561; 1432060862708709
1; 1; 1405479; 1432060862719125
1; 1; 1411443; 1432060862729545
1; 1; 1417413; 1432060862739960
1; 1; 1419289; 1432060862750374
1; 1; 1423205; 1432060862760793
1; 1; 1427127; 1432060862771209
1; 1; 1429002; 1432060862781623
1; 1; 1434963; 1432060862792043
1; 1; 1438887; 1432060862802455
1; 1; 1444852; 1432060862812876
1; 1; 1448775; 1432060862823293
1; 1; 1454740; 1432060862833707
1; 1; 1458660; 1432060862844127
1; 1; 1462577; 1432060862854539
1; 1; 1468543; 1432060862864959
1; 1; 1474557; 1432060862875328
1; 1; 1476389; 1432060862885789
1; 1; 1478258; 1432060862896210
1; 1; 1480125; 1432060862906627
1; 1; 1482004; 1432060862917042
1; 1; 1485917; 1432060862927455
1; 1; 1489834; 1432060862937876
1; 1; 1493752; 1432060862948293
1; 1; 1495631; 1432060862958707
1; 1; 1501594; 1432060862969125
1; 1; 1505574; 1432060862979543
1; 1; 1509437; 1432060862989954
1; 1; 1511305; 1432060863000377
1; 1; 1513175; 1432060863010793
1; 1; 1515050; 1432060863021209
1; 1; 1516923; 1432060863031624
1; 1; 1520833; 1432060863042043
1; 1; 1526798; 1432060863052469
1; 1; 1536865; 1432060863062878
1; 1; 1540793; 1432060863073285
1; 1; 1542663; 1432060863083709
1; 1; 1544530; 1432060863094123
1; 1; 1550500; 1432060863104541
1; 1; 1554420; 1432060863114960
1; 1; 1558337; 1432060863125373
1; 1; 1560207; 1432060863135792
1; 1; 1564177; 1432060863146210
1; 1; 1568051; 1432060863156624
1; 1; 1574018; 1432060863167041
1; 1; 1579987; 1432060863177455
1; 0; 237; 1432060863177460
1; 1; 1587961; 1432060863187914
1; 1; 1595834; 1432060863208710
1; 1; 1597710; 1432060863219126
1; 1; 1603707; 1432060863229519
1; 1; 1607602; 1432060863239954
1; 1; 1613558; 1432060863250376
1; 1; 1619526; 1432060863260792
1; 1; 1621401; 1432060863271206
1; 1; 1623261; 1432060863281633
1; 1; 1629240; 1432060863292045
1; 1; 1637248; 1432060863302462
1; 1; 1645267; 1432060863312873
1; 1; 1649186; 1432060863323293
1; 1; 1655158; 1432060863333705
1; 1; 1661115; 1432060863344129
1; 1; 1667097; 1432060863354539
1; 1; 1671010; 1432060863364959
1; 1; 1674927; 1432060863375376
1; 1; 1678848; 1432060863385793
1; 1; 1682776; 1432060863396204
1; 1; 1682585; 1432060863406627
1; 1; 1684461; 1432060863417042
1; 1; 1686376; 1432060863427416
1; 1; 1692308; 1432060863437868
1; 1; 1692127; 1432060863448292
1; 1; 1696069; 1432060863458683
1; 1; 1699954; 1432060863469131
1; 1; 1703885; 1432060863479539
1; 1; 1707802; 1432060863489958
1; 1; 1707625; 1432060863500372
1; 1; 1707444; 1432060863510794
1; 1; 1715479; 1432060863521206
1; 1; 1715502; 1432060863531626
1; 1; 1713094; 1432060863542010
1; 1; 1712919; 1432060863552422
1; 1; 1710664; 1432060863562875
1; 1; 1708468; 1432060863573262
1; 1; 1708293; 1432060863583678
1; 1; 1706063; 1432060863594097
1; 1; 1701816; 1432060863604494
1; 1; 1695459; 1432060863614938
1; 1; 1693239; 1432060863625353
1; 1; 1690997; 1432060863635787
1; 1; 1684710; 1432060863646171
1; 1; 1678362; 1432060863656612
1; 1; 1672059; 1432060863667012
1; 1; 1671864; 1432060863677443
1; 1; 1669656; 1432060863687845
1; 1; 1665372; 1432060863698276
1; 1; 1659039; 1432060863708705
1; 1; 1656828; 1432060863719107
1; 1; 1652583; 1432060863729493
1; 1; 1652404; 1432060863739914
1; 1; 1648130; 1432060863750330
1; 1; 1643840; 1432060863760792
1; 1; 1637495; 1432060863771206
1; 1; 1633267; 1432060863781579
1; 1; 1628970; 1432060863792020
1; 1; 1624686; 1432060863802451
1; 1; 1624530; 1432060863812843
1; 1; 1626398; 1432060863823261
1; 1; 1624174; 1432060863833677
1; 1; 1623989; 1432060863844103
1; 1; 1619689; 1432060863854546
1; 1; 1619567; 1432060863864907
1; 1; 1615246; 1432060863875373
1; 1; 1613022; 1432060863885790
1; 1; 1610788; 1432060863896215
1; 1; 1604488; 1432060863906610
1; 1; 1604321; 1432060863917018
1; 1; 1597984; 1432060863927449
1; 1; 1593745; 1432060863937834
1; 1; 1589458; 1432060863948269
1; 1; 1585200; 1432060863958666
1; 1; 1584983; 1432060863969124
1; 1; 1584811; 1432060863979536
1; 1; 1580541; 1432060863989952
1; 1; 1574257; 1432060864000333
1; 1; 1569946; 1432060864010787
1; 1; 1565672; 1432060864021206
1; 1; 1559394; 1432060864031580
1; 1; 1555081; 1432060864042035
1; 1; 1554899; 1432060864052460
1; 1; 1550650; 1432060864062853
1; 1; 1542258; 1432060864073293
1; 1; 1537988; 1432060864083706
1; 1; 1531663; 1432060864094126
1; 1; 1529480; 1432060864104500
1; 1; 1525190; 1432060864114937
1; 1; 1522945; 1432060864125376
1; 1; 1518697; 1432060864135761
1; 0; 243; 1432060864135767
0; 0; 434; 1432060864146242
0; 0; 578; 1432060864167095
0; 0; 440; 1432060864177439
